"","id","final_name","final_genus","final_order","final_class","pid","final_rank","method_assign","total_reads","sequence","sample.10A","sample.10B","sample.10C","sample.10D","sample.10E","sample.10F","sample.10H","sample.11A","sample.11B","sample.1A","sample.1B","sample.1C","sample.1D","sample.1E","sample.1F","sample.1G","sample.1H","sample.2A","sample.2B","sample.2C","sample.2D","sample.2E","sample.2F","sample.2G","sample.2H","sample.3B","sample.3C","sample.3D","sample.3E","sample.3F","sample.3G","sample.3H","sample.4A","sample.4B","sample.4C","sample.4D","sample.4E","sample.4F","sample.4G","sample.4H","sample.5A","sample.5B","sample.5C","sample.5D","sample.5E","sample.5F","sample.5G","sample.5H","sample.6A","sample.6B","sample.6C","sample.6D","sample.6E","sample.6F","sample.6G","sample.6H","sample.7A","sample.7B","sample.7C","sample.7D","sample.7E","sample.7F","sample.7G","sample.7H","sample.8A","sample.8B","sample.8D","sample.8E","sample.8F","sample.8G","sample.8H","sample.9A","sample.9B","sample.9C","sample.9D","sample.9E","sample.9F","sample.9G","sample.9H","freq","prev","p.freq","p.prev","p","contaminant"
"1","dme1_000000007","Homo sapiens","Homo","Primates","Mammalia",1,"species","human_assign",1061179,"gcggtcacacgattaacccaagtcaatagaagccggcgtaaagagtgttttagatcaccccctccccaataaagctaaaactcacctgagttgtaaaaaactccagttgacacaaaatagactacgaaagtggctttaacatatctgaacacacaatagctaagacc",9319,4349,5702,1426,28805,1242,1537,31525,253,31339,47965,19840,15236,8356,28133,19255,0,24561,14993,14097,9540,20022,22837,5024,14831,15707,9884,27582,1733,4451,12720,2499,20693,9593,28639,17491,18191,37311,6896,1638,24525,2511,24765,11079,9271,12489,35448,14441,2878,20842,1199,4947,2076,9880,5610,7599,24819,1487,5450,14122,8233,17848,25726,21129,3,21386,4032,9019,5684,31872,17915,3,4063,16273,5059,36065,2327,3789,100,0.630542378565536,78,NA,0.430379746835443,0.430379746835443,TRUE
"2","dme1_000000587","Phasianinae","None","Galliformes","Aves",1,"subfamily","ecotag",3947,"gcggtcatacaagaaacccaaatcaatagctacccggcgtaaagagtggccacatgttatctgcaccagctaagattaaaatgcaaccaagctgtcataagcctaagatccacctaaacccaacccaaatccatcttagcctcaacgattaattttaacccacgaaagctaggacc",695,700,0,614,0,0,0,0,0,0,0,0,0,0,0,0,0,0,0,0,0,0,0,0,0,0,0,0,0,0,0,0,0,0,0,0,0,0,0,0,0,0,0,0,0,0,5,0,0,81,0,0,0,0,0,0,1193,0,0,0,0,0,0,0,0,0,0,0,0,0,0,0,0,580,0,48,31,0,0,0.00701211089402698,9,NA,0.0625330690278839,0.0625330690278839,TRUE
"3","dme1_000000641","Ciliata mustela","Ciliata","Gadiformes","Actinopterygii",1,"species","twocon",2031,"gcggttatacgagaggcccaagttgatgaaatgcggcgtaaagagtggttaagaaaattaaagaataaggccgaacaacctcaaagcagttatacgcatccgaggccacgaagtacaattacgaaagtagccctaatgaaaatctgactccacgaaagccataaaa",0,0,0,0,0,0,0,0,0,0,0,4,142,0,42,1339,0,0,0,0,0,0,0,0,0,0,0,0,0,0,0,0,61,0,0,0,168,0,0,0,0,0,0,0,0,0,0,0,0,0,0,0,0,0,0,0,0,0,0,275,0,0,0,0,0,0,0,0,0,0,0,0,0,0,0,0,0,0,0,0.00104476035795318,7,NA,0.457892097604435,0.457892097604435,TRUE
"4","dme1_000001499","Pomatoschistus microps","Pomatoschistus","Perciformes","Actinopterygii",1,"species","threecon",772,"gcggttatacgagaggcccaagttgatggatgccggcgtaaaatgtggttaatttacagtattacactaaagcgaaacaccttctaagctgttatatgctttcgaaggcaggagcccctcttacgaaagtagctttaaacgatatgaccccacgaaagctagggaa",0,0,0,0,0,0,0,1,0,0,0,15,0,0,0,0,0,0,0,0,1,0,0,0,0,0,0,0,0,0,0,0,0,0,0,0,755,0,0,0,0,0,0,0,0,0,0,0,0,0,0,0,0,0,0,0,0,0,0,0,0,0,0,0,0,0,0,0,0,0,0,0,0,0,0,0,0,0,0,0.000425705020925636,4,NA,0.274527604307751,0.274527604307751,TRUE
"5","dme1_000001729","Lipophrys pholis","Lipophrys","Perciformes","Actinopterygii",1,"species","twocon",1762,"gcggttatacgggtggcccaagctgacagcccttcggcgtaaagcgtggttaatagctctattatactaaagccgaatgccccctaagctgtaatacgctcttgggtgctagaagccctattacgaaagtagctttatagtattgaacccacgaaagctaggata",0,0,0,0,0,0,0,0,0,1,83,233,0,0,223,0,0,0,532,0,0,0,0,0,0,0,0,0,0,0,0,0,104,0,0,0,586,0,0,0,0,0,0,0,0,0,0,0,0,0,0,0,0,0,0,0,0,0,0,0,0,0,0,0,0,0,0,0,0,0,0,0,0,0,0,0,0,0,0,0.0009827479323301,7,NA,0.457892097604435,0.457892097604435,TRUE
"6","dme1_000006521","Ciliata septentrionalis","Ciliata","Gadiformes","Actinopterygii",1,"species","twocon",185,"gcggttatacgagaggcccaagttgatgaaacgcggcgtaaagagtggttaagaaaactaaaaaataaggccgaacaacctcagagcagttatacgcatccgaggccacgaagtacaattacgaaagtagccctaataaaaatctgactccacgaaaaccataaaa",0,0,0,0,0,0,0,0,0,0,0,0,0,0,0,0,0,0,0,0,0,0,0,0,0,0,0,0,0,0,0,0,52,0,0,0,0,0,0,0,0,0,0,0,0,0,0,0,0,0,0,0,0,0,0,0,133,0,0,0,0,0,0,0,0,0,0,0,0,0,0,0,0,0,0,0,0,0,0,6.40581672410954e-05,2,NA,0.139240506329114,0.139240506329114,TRUE
"7","dme1_000027477","Symphodus melops","Symphodus","Perciformes","Actinopterygii",1,"species","twocon",15,"gcggttatacgagaggcccaagttgataaataccggcgtaaagagtggttagagaagaaactaaactaaagccaaacgccttcagagctgttatacgcttacgaagagcagagacacaaccacgaaagtggctttacttaacctgaccccacgaaagctaggg",0,0,0,0,0,0,0,0,0,0,0,0,0,0,2,0,0,0,0,0,0,0,1,0,0,3,0,2,0,0,0,0,2,0,0,0,0,0,0,0,0,0,0,4,0,0,0,0,0,0,0,1,0,0,0,0,0,0,0,0,0,0,0,0,0,0,0,0,0,0,0,0,0,0,0,0,0,0,0,8.30534044168546e-06,7,NA,0.457892097604435,0.457892097604435,TRUE
"8","dme1_000028451","Labrus bergylta","Labrus","Perciformes","Actinopterygii",1,"species","twocon",6,"gcggttatacgaaagacccaagttgataatcaccggcgtaaagagtggttaagataaacccccaaactaaagccgaacatcttcaaagctgttatacgcacacgaagaaaagaaacccaaccacgaaagtggctttataatatctgaccccacgaaagctgtgaaa",0,0,0,0,0,0,0,0,0,0,0,1,0,0,3,0,0,0,0,0,0,0,0,0,0,0,0,0,0,0,0,0,1,0,0,0,0,0,0,0,1,0,0,0,0,0,0,0,0,0,0,0,0,0,0,0,0,0,0,0,0,0,0,0,0,0,0,0,0,0,0,0,0,0,0,0,0,0,0,2.15855086713354e-06,4,NA,0.274527604307751,0.274527604307751,TRUE
"9","dme1_000037133","Symphodus melops","Symphodus","Perciformes","Actinopterygii",1,"species","twocon",7,"gcggttatacgagaggcccaagttgataaataccggcgtaaagagtggttagagaagaaactaaactaaagccaaacgccttcagagctgttatacgcttacgaagagcagagacacaaccacgaaagtggctttacttaacctgaccccacgaaagctaagacc",0,0,0,0,0,0,0,0,0,0,0,0,0,0,2,0,0,0,0,0,0,0,0,0,0,1,0,3,0,0,0,0,1,0,0,0,0,0,0,0,0,0,0,0,0,0,0,0,0,0,0,0,0,0,0,0,0,0,0,0,0,0,0,0,0,0,0,0,0,0,0,0,0,0,0,0,0,0,0,2.6992167727212e-06,4,NA,0.274527604307751,0.274527604307751,TRUE
"10","dme1_000054118","Homo sapiens","Homo","Primates","Mammalia",1,"species","human_assign",15,"acacgattaacccaagtcaatagaagccggcgtaaagagtgttttagatcaccccctccccaataaagctaaaactcacctgagttgtaaaaaactccagttgacacaaaatagactacgaaagtggctttaacatatctgaacacacaatagctaagacc",0,0,0,0,0,0,0,1,0,1,2,0,0,0,0,0,0,0,0,0,0,0,0,0,0,0,0,0,0,0,0,0,0,0,11,0,0,0,0,0,0,0,0,0,0,0,0,0,0,0,0,0,0,0,0,0,0,0,0,0,0,0,0,0,0,0,0,0,0,0,0,0,0,0,0,0,0,0,0,5.56618440856455e-06,4,NA,0.274527604307751,0.274527604307751,TRUE
"11","dme1_000112359","Pollachius","Pollachius","Gadiformes","Actinopterygii",0.981927710843373,"genus","ecotag",5,"gcggttatacgagagacccaaattgataaaaacggcgtaaagcgtggttaagaaaataagaggaaatacggccgaacaacttcaaagcagttatacgcatccgaagtcacgaagaacaatcacgaaagttgccctaaaatctccgattccacgaaagccataaaa",0,0,0,0,0,0,0,0,0,0,0,0,0,0,0,0,0,0,0,0,0,0,0,0,0,0,0,0,0,0,0,0,1,0,0,0,0,0,0,0,0,0,0,0,0,0,0,0,0,0,0,0,0,0,0,0,0,2,0,1,0,0,0,0,0,0,0,0,0,0,0,0,0,0,0,0,0,1,0,2.46609277086334e-06,4,NA,0.274527604307751,0.274527604307751,TRUE
"12","dme1_000117804","Phasianinae","None","Galliformes","Aves",0.988636363636364,"subfamily","ecotag",4,"ggtcatacaagaaacccaaatcaatagctacccggcgtaaagagtggccacatgttatctgcaccagctaagattaaaatgcaaccaagctgtcataagcctaagatccacctaaacccaacccaaatccatcttagcctcaacgattaattttaacccacgaaagctaggacc",1,0,0,0,0,0,0,0,0,0,0,0,0,0,0,0,0,0,0,0,0,0,0,0,0,0,0,0,0,0,0,0,0,0,0,0,0,0,0,0,0,0,0,0,0,0,0,0,0,0,0,0,0,0,0,0,2,0,0,0,0,0,0,0,0,0,0,0,0,0,0,0,0,1,0,0,0,0,0,2.12660868713628e-06,3,NA,0.207817498956739,0.207817498956739,TRUE
