"","id","sample.11Be_EBMay_13extblank","sample.11Ce_EBJun_12extblank","sample.11De_EBJun_19extblank","sample.11Fe_negativePCRcontrol","sample.6BeORK_eDNAA_bottle1","sample.6CeORK_eDNAB_bottle2","sample.6DeORK_eDNAC_bottle3","sample.6EeORK_eDNAD_bottle4","sample.6FeORK_MPEtA_kurt","sample.6GeORK_MPEtB_mike","sample.6HeORK_MPEtC_lisa","sample.8AeORK_MPbB_mike","sample.8BeORK_MPbC_lisa","final_name","final_genus","final_order","final_class","pid","final_rank","method_assign","total_reads","sequence"
"1","dme2_000000002",1,0,1,0,16891,21660,13180,26236,3900,629,1359,8,0,"Salmo salar","Salmo","Salmoniformes","Actinopterygii",1,"species","threecon",110934,"caccgcggttatacgagaggccctagttgataactaccggcgtaaagagtggttacggaaaaatatttaataaagccgaacaccccctcagccgtcatacgcacctgggggcacgaagatctactacgaaagcagctttaattatacctgaacccacgacagctacgaca"
"2","dme2_000000003",8175,0,9839,0,2329,5721,16765,7526,4573,18855,13910,19888,0,"Homo sapiens","Homo","Primates","Mammalia",1,"species","human_assign",166861,"caccgcggtcacacgattaacccaagtcaatagaagccggcgtaaagagtgttttagatcaccccctccccaataaagctaaaactcacctgagttgtaaaaaactccagttgacacaaaatagactacgaaagtggctttaacatatctgaacacacaatagctaagacc"
"3","dme2_000000005",2,0,1,0,2,1,1,4,3,2,0,0,0,"Carcharias taurus","Carcharias","Lamniformes","Elasmobranchii",1,"species","threecon",30775,"caccgcggttatacgagtaacttatattaatacttcccggcgtaaagagtgatttaagaaacatctacaataactaaagttgagaccttaccaagctgttacacgcacccataaatggaaacatcaacaacgaaagtgactttaccctactagaaatcttgatgtcacgacagttagaccc"
"4","dme2_000000008",0,0,0,0,0,0,0,0,0,0,0,1,0,"Paranthias colonus","Paranthias","Perciformes/Serranoidei","Actinopterygii",1,"species","twocon",1663,"taccgcggttatacgagaggcccaagttgataagcatcggcgtaaagagtggttatggttaaataaatactaaagctgaacacttacaaagctgttatacgctcccgaaaataagaagaacaactacgaaagtggctttattacacccgaacccacgaaagccaaggca"
"5","dme2_000000013",0,0,0,1,3,5,4,6,1,1,1,3,0,"Gnathanodon speciosus","Gnathanodon","Carangiformes","Actinopterygii",1,"species","twocon",48497,"caccgcggttatacgaggggctcaagttgacagacaacggcgtaaagcgtggttaaggaaaatattcaactaaagcggaacctcctcacagctgttatacgcttccgaggaagtgaaccccaactacgaaagtggctttaccctacctgaacccacgaaagctaagaaa"
"6","dme2_000000022",1,0,0,0,2,2,0,3,3,1,0,1,1,"Carcharias taurus","Carcharias","Lamniformes","Elasmobranchii",1,"species","threecon",36391,"caccgcggttatacgagtaacttatattaatacttcccggcgtaaagagtgatttaagaaacatctacaataactaaagttgagacctcaccaagctgttacacgcacccataaatagaaatatcaacaacgaaagtgactttaccctactagaaatcttgatgccacgacagttagactc"
"7","dme2_000000027",0,0,1,0,5,6,2,2,4,2,1,1,0,"Trachinotus blochii","Trachinotus","Carangiformes","Actinopterygii",0.98,"species","threecon",24417,"caccgcggttatacgagttggcccaagttgacagacaacggcgtaaagagtggttaaggaaaataaaaactaaagccgaacaccttcaaagctgtcatacgctcccgaagatatgaagcccaaccacgaaagtgactttacactacctgaacccacgaaagctaagaaa"
"8","dme2_000000029",1,0,0,0,535,1014,893,777,4208,14487,9562,5349,0,"Trisopterus minutus","Trisopterus","Gadiformes","Actinopterygii",1,"species","twocon",37907,"caccgcggttatacgagagacccaaattgataaaaacggcgtaaagcgtggttaagaaaacaaaaagatacggccgaacagattcaaagcagttatacgcattcgaaacaacgaagatcaaacacgaaggttgccctaaaaaactctgattccacgaaagccataaaa"
"9","dme2_000000033",9,0,1,2,10,8,17,17,6,10,4,9,1,"Hypanus americanus","Hypanus","Myliobatiformes","Elasmobranchii",1,"species","twocon",146558,"caccgcggttatacgagtaacccaaattaatatttcacggcgttaagggtgattagaaatatcttactcaaaataaagttaagaccccattaagctgtcatacgctatcatgcttaaaaacaccactcacgaaagtaactttatacaaacagagtttttgacttcacgacagttaagacc"
"10","dme2_000000035",0,0,1,0,6,2,3,6,2,2,2,1,0,"Odonus niger","Odonus","Tetraodontiformes","Actinopterygii",1,"species","threecon",27256,"caccgcggttatacgagaggcccaagctgacagacaccggcgtaaagagtggttaggaaaacacgataaattagagccgaacgctcccaaagctgtcatacgcacccgagagtaagaagtacaacaacgaaagtagctctattaattctgaacccacgaaagctaaggca"
"12","dme2_000000064",2,1,2,0,10,17,11,12,3,9,1,5,1,"Scomber","Scomber","Scombriformes","Actinopterygii",1,"genus","threecon",63281,"caccgcggttatacgataggcccaagttgacagaccccggcgtaaagcgtggttagggaaaactcaaaactaaagccgaatatcttcagggcagttatacgcttccgaagacacgaagcccttccacgaaagtgactttattacccccgaccccacgaaagctaggaca"
"14","dme2_000000078",0,0,0,0,61,396,402,459,0,0,0,1,0,"Halichoerus grypus","Halichoerus","Carnivora","Mammalia",1,"species","ecotag",1581,"taccgcggtcatacgattaacccaaactaataggccctcggcgtaaagcgtgttaaagatcaacccacactaaagctaaaacctaaccaagccgtaaaaagctaccgttaacataaaataaactacgaaagtgactttactaactctgacagcacgatagctaagacc"
"15","dme2_000000081",0,0,0,0,0,0,2,0,0,0,1,1,0,"Lutjanus kasmira","Lutjanus","Eupercaria/misc","Actinopterygii",0.98,"species","threecon",2175,"caccgcggttatacgagagacccgagttgttagacaccggcgtaaagagtggttaagattgactcaaaactaaagccgaacgccctcagagctgttatacgcacccgagggtaagaagcccaatcacgaaagtggctttatcctatccgaacccacgaaagctatgata"
"16","dme2_000000098",0,0,0,0,23,1,0,121,0,31,0,0,0,"Ctenolabrus rupestris","Ctenolabrus","Perciformes","Actinopterygii",1,"species","threecon",327,"caccgcggttatacgagaggcccaagttgataaccaccggcgtaaagagtggttagggcagactattaaactaaagccgaacatcttcaaagctgttatacgcatacgaagaacagaaacacaaccacgaaagtggctttacctcacctgaccccacgagagctatgaca"
"17","dme2_000000099",0,0,0,0,115,95,12,111,231,4052,477,2952,0,"Trisopterus esmarkii","Trisopterus","Gadiformes","Actinopterygii",0.99,"species","twocon",8054,"caccgcggttatacgagagacccaaattgataaaaacggcgtaaagcgtggttaagaagacaaaaaaatacggccgaacagattcaaagcagttatacgcattcgaaacaacgaagatcaagcacgcaagttgccctaaaaaactctgaccccacgaaagccataaaa"
"18","dme2_000000101",1,1,0,1,4,4,2,5,0,3,2,2,0,"Carcharhinus melanopterus","Carcharhinus","Carcharhiniformes","Elasmobranchii",0.99,"species","threecon",26529,"caccgcggttatacgagtaactcatattaacacaccccggcgtaaagagtgattaaagaatgacctttaactactaaagtttagacctcataaaactgttatacgtacccatgagtggaataaacaataacgaaagtgactttataaatcaaggaaccttgatgtcacgacagttggggcc"
"19","dme2_000000104",0,0,0,0,47,149,12,64,0,0,0,0,0,"Taurulus bubalis","Taurulus","Scorpaeniformes","Actinopterygii",1,"species","threecon",354,"caccgcggttatacgagaggcccaagttgacaaacaccggcgtaaagcgtggttagggaaaactcacactaaagccaaacatcttccaggctgttatacgcaactgaagataggaagttcaaccacgaaagtggctttaccagacctgaatccacgaaagctaaggaa"
"20","dme2_000000112",1,0,0,0,803,10390,1073,30,0,1326,0,1,0,"Bovinae","None","Artiodactyla","Mammalia",1,"subfamily","ecotag",13649,"caccgcggtcatacgattaacccaagctaacaggagtacggcgtaaaacgtgttaaagcaccataccaaatagggttaaattctaactaagctgtaaaaagccatgattaaaataaaaataaatgacgaaagtgaccctacaatagccgacgcactatagctaagacc"
"21","dme2_000000116",0,0,0,0,0,0,0,2,0,0,0,0,0,"Heniochus acuminatus","Heniochus","Acanthuriformes","Actinopterygii",1,"species","twocon",436,"caccgcggttatacgagagactcaagttgttagtcatcggcgtaaagagtggttaagataaaacataaactaaagccgaacgccttcagggctgtcgtacgcttacgaaggtaagaagctcaactacgaaagtggctttacccaaatctgaacccacgaaagctaggaaa"
"22","dme2_000000137",0,0,0,0,1,0,0,0,2,0,0,1,0,"Gnathanodon speciosus","Gnathanodon","Carangiformes","Actinopterygii",1,"species","twocon",2847,"caccgcggttatacgaggggctcaagttgacagataacggcgtaaagcgtggttaaggaaaatattcaactaaagcggaacctcttcacagctgttatacgcttccgaagaagtgaaccccaactacgaaagtggctttaccctgcctgaacccacgaaagctaagaaa"
"23","dme2_000000146",0,0,0,0,0,0,0,1,0,0,0,0,0,"Anisotremus virginicus","Anisotremus","Eupercaria/misc","Actinopterygii",1,"species","twocon",3001,"caccgcggttatacgagaggcccgagttgataattgccggcgtaaagagtggttaagatcaactaaaaactaaggccaaaagccctcacagctgttatacgcactcgagggtaggaagcccaattacgaaagtggccttacaatatctgaacccacgaaagctagggta"
"24","dme2_000000163",0,0,0,0,0,9,1,0,0,1,0,0,0,"Clupeinae","None","Clupeiformes","Actinopterygii",0.994186046511628,"subfamily","ecotag",6377,"caccgcggttatacgagagaccctagttgatatactcggcgtaaagagtggttatggaaaacaagcactaaagccaaagagccctcaggccgttatacgcacccggggcctcgagccactatcacgaaagtagctttaccctcgcccaccagaacccacgagagctgggaca"
"25","dme2_000000178",1,0,0,0,4,3,4,4,2,1,0,2,0,"Abudefduf","Abudefduf","Ovalentaria/misc","Actinopterygii",1,"genus","threecon",23580,"caccgcggttatacgagaggctcaagttgacagacaacggcgtaaagagtggttaaggaacttattaaactaaagccgaacgccctcagaactgttatacgtttccgaaggtaagaagccccaccacgaaagtgactttattttccccgactccacgaaagctgcgtaa"
"26","dme2_000000192",0,0,0,0,162,0,64,0,0,0,0,0,0,"Anser","Anser","Anseriformes","Aves",1,"genus","ecotag",226,"caccgcggtcatacaagaaacccaaatcaaccgtcctattgacacggcgtaaagagtggtaaaatgcctatcctagctaactaagatcaaaatgcaactgagctgtcataagcccaagatgcacctaaacacaccattaagatgatcttaggaactaacgactgatttaaacccacgaaagccagggcc"
"27","dme2_000000204",0,0,0,0,0,3,0,0,0,0,0,0,0,"Sus scrofa","Sus","Artiodactyla","Mammalia",1,"species","ecotag",1551,"caccgcggtcatacgattaacccaaattaatagatccacggcgtaaagagtgtttaagaaaaaaaaaccacaatagagttaaattataactaagctgtaaaaagccctagttaaaataaaataacccacgaaagtgactctaataatcctgacacacgatagctaggacc"
"28","dme2_000000214",0,0,0,0,692,460,206,1259,0,0,0,1,0,"Gadus","Gadus","Gadiformes","Actinopterygii",1,"genus","threecon",3677,"caccgcggttatacgagaggcccaaattgatgaaaaacggcgtaaagcgtggttaagaaaaaagagaaaatatggccgaacagcttcaaagcagttatacgcatccgaagtcacgaagaacaatcacgaaagttgccctaaaacctccgattccacgaaagccataaaa"
"29","dme2_000000258",0,0,0,0,32,0,0,2012,0,0,0,0,0,"Ammodytes","Ammodytes","Perciformes/Uranoscopoidei","Actinopterygii",1,"genus","threecon",2367,"caccgcggttatacgagaggcccaagctgatagaccccggcgtaaagagtggttaagataaacttaaaactaaagccgaacaccctcacagctgttatacgcacccgagagtaagaagcccaactacgaaagtggctttacaacccctgaacccacgaaagctatgaca"
"30","dme2_000000259",1,1,0,0,2,2,2,1,1,0,0,0,0,"Heterodontus","Heterodontus","Heterodontiformes","Elasmobranchii",1,"genus","twocon",6509,"caccgcggttatacgagtaactcatattaatactttacggcgtaaagagtggtttaagaacatcttataataactaaagctaagacctcatctagctgttacacgcattcatgggcagaaccaccaacaacgaaagtgactttattaaaccagaaatcttgaccccacgacagttaagccc"
"31","dme2_000000269",0,0,0,0,0,1,0,0,0,0,1,0,0,"Hippoglossus","Hippoglossus","Pleuronectiformes","Actinopterygii",1,"genus","threecon",2744,"caccgcggttatacgagaggcccaagttgacaaacaacggcgtaaagagtggttaggggatttactaaactagagccgaacgctttcaaagctgttatacgcacccgaaagtatgaaacccaattacgaaagtagctctactcatcctgaacccacgaaagctaagaaa"
"32","dme2_000000295",0,0,0,0,120,99,0,0,0,0,0,0,0,"Micromesistius poutassou","Micromesistius","Gadiformes","Actinopterygii",1,"species","threecon",357,"caccgcggttatacgagaggctcaaattgatgaaaaacggcgtaaagcgtggttaagaaaacaagagatatatggccgaacagcttcaaagcagttatacgcattcgaaaccacgaagaacacccacgaaagttgccctaaaaaactctgattccacgaaaaccatagaa"
"33","dme2_000000302",0,0,0,0,0,1,0,0,0,0,0,0,0,"Pseudocaranx dentex","Pseudocaranx","Carangiformes","Actinopterygii",1,"species","twocon",2220,"caccgcggttatacgagaggctcaagttgacagacaacggcgtaaagagtggttaaggaaaatatttaactaaagcggaacatcctcataactgtcatacgcttccgaggaaatgaaccccaactacgaaggtggctttacttaacctgaatccacgaaagctaagaaa"
"34","dme2_000000352",0,0,0,0,31,1462,0,29,0,0,0,0,0,"Scyliorhinus canicula","Scyliorhinus","Carcharhiniformes","Elasmobranchii",1,"species","threecon",1525,"caccgcggttatacgagtgactcacattaacacttcccggcgtaaagtgtgatttaaggatgacctccaaataactatagttatgacctcatcaagctgttatacgcattcgtgaacggaataatcaacaacgaaagtgactctaaattaccaggaatcttgatgtcacgacagttgggccc"
"35","dme2_000000365",0,0,0,0,109,45,13,0,147,0,0,0,0,"Molva molva","Molva","Gadiformes","Actinopterygii",1,"species","twocon",396,"caccgcggttatacgagagacccaagttgatgaaaaacggcgtaaagcgtggttaaggaaataaaaagaatagggccgaacaacctcaaagcagttatacgcattcgaggtcacgaagcacagtcacgaaagtggccctactaaatccctgattccacgaaagccataaaa"
"36","dme2_000000401",0,0,0,0,0,0,0,0,0,22,0,0,0,"Ciliata septentrionalis","Ciliata","Gadiformes","Actinopterygii",1,"species","twocon",218,"caccgcggttatacgagaggcccaagttgatgaaacgcggcgtaaagagtggttaagaaaactaaaaaataaggccgaacaacctcagagcagttatacgcatccgaggccacgaagtacaattacgaaagtagccctaataaaaatctgactccacgaaaaccataaaa"
"37","dme2_000000407",0,0,0,0,0,204,0,383,0,1,227,0,0,"Phocoena phocoena","Phocoena","Artiodactyla","Mammalia",1,"species","ecotag",829,"caccgcggtcatacgattgacccaagttaatagacacccggcgtaaagagtgtcgaggagtaacataaaataaagtcaaatcttagttaagctgtaaaaagccataactaaacctaagctaaaccacgaaagtaactttatcacaaaccgagtacacgacaactaagacc"
"38","dme2_000000424",0,0,0,0,0,0,0,0,0,1,0,0,0,"Chiloscyllium punctatum","Chiloscyllium","Orectolobiformes","Elasmobranchii",1,"species","threecon",2400,"caccgcggttatacgagtaacccaaattaatactccacggtgtaaagagtgatttaaggaaaaactataaaaacctaaagttaagatttcatccaaccgtcatacgtatccatgaatagaatgatcaacaacgaaagtaactttacttaaccagtaatcttgacgtcacgacagttaggacc"
"39","dme2_000000438",0,0,0,0,0,0,0,0,1,0,0,0,1,"Stegostoma tigrinum","Stegostoma","Orectolobiformes","Elasmobranchii",1,"species","twocon",1708,"caccgcggttatacgagtaacccaaattaacactccacggtgtaaagagtgatttaaggaaaaactataatcattaaagctaaaatctcatccaactgttatacgtacacatgagtagaataaccaataacgaaagtgactttataccattagcaatcttgacgtcacgacaattaggacc"
"40","dme2_000000610",0,0,0,0,1,0,0,1,0,0,0,0,0,"Megalops atlanticus","Megalops","Elopiformes","Actinopterygii",1,"species","threecon",874,"caccgcggttatacgagaagtccaaattgacagccacccggcgtaaagagtggttataggacgcccacccaactaaagccaaagcccctcccagctgtcatacgcacctgaagagacgaggcccaaccacgaaagtagctttaactaataaacccctagaacccacgacagccaagaca"
"41","dme2_000000639",0,0,0,0,8,7,9,6,0,0,0,0,0,"Gadus chalcogrammus","Gadus","Gadiformes","Actinopterygii",1,"species","twocon",34,"caccgcggttatacgagagacccaaattgataaaaacggcgtaaagcgtggttaagaaaaaagagaaaatatggccgaacagcttcaaagcagttatacgcatccgaagtcacgaagaacaatcacgaaagttgccctaaaacctccgattccacgaaagccataaaa"
"42","dme2_000000658",0,0,0,0,0,0,0,2,0,0,0,0,0,"Glaucostegus cemiculus","Glaucostegus","Rhinopristiformes","Actinopterygii",1,"species","threecon",1050,"caccgcggttatacgagtgacatacattaatactttcacggcgtaaagggtgattaaaaacaatctaaaaatactaaagttaaaaactcgtcaagctgtcatacgctctcatgaactaaaaatacaccaacgaaagtgactttatcaaaaaagaacttttgacctcacgatagttaagacc"
"43","dme2_000000704",0,0,0,0,118,89,453,0,0,0,0,0,0,"Phasianinae","None","Galliformes","Aves",1,"subfamily","ecotag",661,"caccgcggtcatacaagaaacccaaatcaatagctacccggcgtaaagagtggccacatgttatctgcaccagctaagattaaaatgcaaccaagctgtcataagcctaagatccacctaaacccaacccaaatccatcttagcctcaacgattaattttaacccacgaaagctaggacc"
"44","dme2_000000709",0,0,0,0,0,1,0,0,0,0,0,0,0,"Gnathanodon speciosus","Gnathanodon","Carangiformes","Actinopterygii",1,"species","twocon",200,"caccgcggttatacgaggggctcaagttgacagacaacggcgtaaagcgtggttaaggaaaatattcaactaaagcggaacctcctcacagctgttatacgcttccgaggaagtgaaccccaactacgaaagtggctttaccctacctgaacccacgaaagctaagacc"
"45","dme2_000000883",0,0,0,0,0,0,0,0,0,0,173,0,0,"Dama dama","Dama","Artiodactyla","Mammalia",1,"species","ecotag",173,"caccgcggccatacgattaacccaagttaataagcacacggcgtaaagcgtgttaaagcactgtactaaataaagttaaattccaattaagctgtaaaaagccataattgcaacaaaaataaacaacgaaggtaaccttatagccgctgaaacacgatagctaggacc"
"46","dme2_000001058",0,0,0,0,67,112,0,258,0,0,0,0,0,"Cyclopterus lumpus","Cyclopterus","Scorpaeniformes","Actinopterygii",1,"species","threecon",527,"caccgcggttatacgagaggcccaagttgacagacaccggcgtaaagagtggttaagctaaaacttaaactaaagccaaacatcttcaagactgttatacgtacccgaagacaggaaactcaaccacgaaagtagctttatttaatctgaccccacgaaagctacggca"
"47","dme2_000001201",0,0,0,0,0,2,1,2,0,0,0,0,0,"Halichoerus grypus","Halichoerus","Carnivora","Mammalia",0.982248520710059,"species","ecotag",5,"taccgcggtcatacgattaacccaaactaataggccctcggcgtaaagcgtgttaaagatcaacccacactaaagctaaaacctaaccaagccgtaaaaagctaccgttaacataaaataaactacgaaagtgactttactaactctgaacacacaatagctaagacc"
"48","dme2_000001453",0,0,0,0,249,357,142,605,0,35,242,0,0,"Pholis gunnellus","Pholis","Perciformes","Actinopterygii",1,"species","twocon",1784,"caccgcggttatacgagaggcccaagttgacagacatcggcgtaaagagtggttaagttaaaattgtactaaagccgaacatcctccaggctgttatacgcatccgaagataagaagttcaaccacgaaggtagctttatttaatctgaacccacgaaagctacggca"
"49","dme2_000001469",0,0,0,0,0,1,0,0,0,0,0,0,0,"Caesio cuning","Caesio","Eupercaria/misc","Actinopterygii",1,"species","threecon",770,"caccgcggttatacgagagacccaagttgatagtcaccggcgtaaagagtggttaagactacacttaacactaaagccgaacgccctcagagctgttatacgcatccgaaggtaagaagcccaaccacgaaagtggctttataatatctgaatccacgaaagctatgata"
"50","dme2_000001675",0,0,0,0,42,27,28,82,3,2,3,0,0,"Salmo salar","Salmo","Salmoniformes","Actinopterygii",1,"species","threecon",250,"caccgcggttatacgagaggccctagttgataactaccggcgtaaagagtggttacggaaaaatatttaataaagccgaacaccccctcagccgtcatacgcacctgggggcacgaagatctactacgaaagcagctttaattatacctgaacccacgacagctacga"
"51","dme2_000001740",0,0,0,0,10,555,0,0,0,0,0,0,0,"Phoca vitulina","Phoca","Carnivora","Mammalia",1,"species","ecotag",566,"caccgcggtcatacgattaacccaaactaataggccctcggcgtaaagcgtgttaaagatcaacccacactaaagctaaaacctaaccaagccgtaaaaagctaccgttaacataaaatagaccacgaaagtgactttactaattctgactgcacgatagctaagatc"
"52","dme2_000001811",0,0,0,0,153,0,0,0,0,0,0,0,0,"Symphodus melops","Symphodus","Perciformes","Actinopterygii",1,"species","twocon",153,"caccgcggttatacgagaggcccaagttgataaataccggcgtaaagagtggttagagaagaaactaaactaaagccaaacgccttcagagctgttatacgcttacgaagagcagagacacaaccacgaaagtggctttacttaacctgaccccacgaaagctagggca"
"53","dme2_000001882",0,0,0,0,0,49,10,84,0,0,0,0,0,"Gadidae","None","Gadiformes","Actinopterygii",1,"family","ecotag",200,"caccgcggttatacgagaggcccaaattgatgaaaaacggcgtaaagcgtggttaagaaaataagagaaaatatggccgaacaacttcaaagcagttatacgcatccgaagtcacgaagaacaatcacgaaagttgccctaaagcctccgattccacgaaagccataaaa"
"54","dme2_000001924",0,0,0,0,1,0,14,13,0,59,0,0,0,"Canis","Canis","Carnivora","Mammalia",1,"genus","ecotag",132,"caccgcggtcatacgattaacccaaactaataggcctacggcgtaaagcgtgttcaagatacttttacactaaagttaaaacttaactaagccgtaaaaagctacagttatcataaaataaaccacgaaagtgactttataataatctgactacacgatagctaagacc"
"55","dme2_000002221",0,0,0,0,0,248,72,0,0,0,0,0,0,"Pomatoschistus pictus","Pomatoschistus","Perciformes","Actinopterygii",1,"species","twocon",320,"caccgcggttatacgagaggcccaagttgatggatgccggcgtaaaatgtggttaatttacattgttgcactaaagcaaaacaccttctaagctgttatatgctctcgaagacaggaagcccttttacgaaagtagctttaaatagtatgacccacgaaagctagggaa"
"56","dme2_000002247",0,0,0,0,0,1,0,1,0,0,0,0,0,"Megalops cyprinoides","Megalops","Elopiformes","Actinopterygii",1,"species","threecon",430,"caccgcggttatacgagaggtccaaattgacagccatcggcgtaaagagtggttatagacccctacacaactaaagccaaaactcctcccagctgtcatacgcacccgaagacaagaggcccaaccacgaaagtagctttaatcacaaacccctagaacccacgacagccaggaca"
"57","dme2_000002536",0,0,0,0,0,0,0,0,0,1,1,0,0,"Lutjanus sebae","Lutjanus","Eupercaria/misc","Actinopterygii",1,"species","twocon",871,"caccgcggttatacgagaggcccaagttgataagtgtcggcgtaaagagtggttaagatttttaccttaaactaaagccgaacgccttcagagctgttatacgcatccgaaggtaagaagcccaatcacgaaagtggctttaccgcatctgactccacgaaagctacggca"
"58","dme2_000002747",0,0,0,0,0,31,0,0,0,0,0,0,0,"Salmo salar","Salmo","Salmoniformes","Actinopterygii",1,"species","twocon",31,"caccgcggttatacgagaggccctagttgataactaccggcgtaaagagtggttacggaaaaatatttaataaagccgaacaccccctcagccgtcatacacacctaaaagcacgaagatctactacgaaagcagctttaattatacctgaacccacgacagctacgaca"
"59","dme2_000002793",0,0,0,0,39,63,5,237,0,0,0,0,0,"Myoxocephalus scorpius","Myoxocephalus","Scorpaeniformes","Actinopterygii",1,"species","twocon",535,"caccgcggttatacgagaggcccaagttgacaaacaccggcgtaaagcgtggttaagtaaaaactcacactaaagccaaacatcttccaggctgttatacgcaaccgaagacaggaagttcaaccacgaaagtggctttatctagtctgaacccacgaaagctaaggaa"
"60","dme2_000002797",0,0,0,0,143,10,0,0,0,0,0,0,0,"Anguilla anguilla","Anguilla","Anguilliformes","Actinopterygii",1,"species","twocon",153,"caccgcggttatacgaggggctcaaattgatattacacggcgtaaagcgtgattaaaaaacaaaaaaactaaagccaaacacttcccaagctgtcatacgctaccggaacataaacgaagccctataacgaaagtagctttaacacctttgaactcacgacagttgaggaa"
"61","dme2_000002918",0,0,0,0,1,0,0,0,0,0,0,0,0,"Platax","Platax","Ephippiformes","Actinopterygii",0.988165680473373,"genus","ecotag",27,"caccgcggttatacgagagacccaagttgataaacaccggcgtaaagagtggttatgactaacaattaaactaaagccgaacgctatcagagctgttatacgcatccgaaagtaagaagcccaaccacgaaagtagctttacacccctgaacccacgaaagctaggaca"
"62","dme2_000002968",0,0,0,0,0,0,0,53,0,0,0,0,0,"Ammodytes","Ammodytes","Perciformes/Uranoscopoidei","Actinopterygii",0.988165680473373,"genus","threecon",53,"caccgcggttatacgagaggcccaagctgatagaccccggcgtaaagagtggttaagataaacttaaaactaaagccgaacaccctcacagctgttatacgcacccgagagtaagaagcccaactacgaaagtggctttacaacccctgaacccacgacagctacgaca"
"63","dme2_000003067",0,0,0,0,0,43,15,201,0,0,0,0,0,"Pomatoschistus minutus","Pomatoschistus","Perciformes","Actinopterygii",1,"species","threecon",325,"caccgcggttatacgagaggcccaagttgatggatgccggcgtaaaatgtggttaatttacagtattacactaaagcaaaacaccttctaagctgttatatgctctcgaagacaggaggcccttttacgaaagtagctttaaatggtatgaccccacgaaagctaggaaa"
"64","dme2_000003080",0,0,0,0,0,0,0,251,0,0,0,0,0,"Larus","Larus","Charadriiformes","Aves",1,"genus","ecotag",251,"caccgcggtcacacaagagacccaaattaaccgtatacggcgtaaagagtggcactatgatatcacagtgactaggattaagatgcaactaagctgtcataagcccaaggtgtacttaagatcacctttaagatgatcctagtacttctgattgatttaaccccacgaaagctagggca"
"65","dme2_000003303",0,0,0,0,0,0,0,0,162,0,0,0,0,"Delphinidae","None","Artiodactyla","Mammalia",0.994152046783626,"family","ecotag",162,"caccgcggtcatacgattgacccaaactaatagacacccggcgtaaagagtgtcaaagaacaatataaaaataaagtcaaaccttaattaagctgtaaaaagccataattaaaattaagttaaactacgaaagtaactttaccataaactgagtacacgataactaagacc"
"66","dme2_000003526",0,0,0,0,173,72,0,0,0,0,0,0,0,"Dipturus","Dipturus","Rajiformes","Elasmobranchii",1,"genus","threecon",246,"caccgcggttatacgagtaactcacattaatacttcacggcgtaaagggtgattaaaagtttctaaaaagtactagagttataaccttataaagctgtcatacgcacctataaaaggaataatacactgacgaaagtaactttaacaacttagagcttttgacctcacgacagttaagaca"
"67","dme2_000003584",0,0,0,0,0,3,0,0,0,0,0,0,0,"Gadidae","None","Gadiformes","Actinopterygii",0.982352941176471,"family","ecotag",3,"caccgcggttatacgagaggcccaaattgatgaaaaacggcgtaaagcgcggttaagaaaataagagaaaatatggccgaacaacttcaaagcagttatacgcatccgaagtcacgaagaacaatcacgaaagttgccctaaagcctccgattccacgaaagccgtaata"
"68","dme2_000003695",0,0,0,0,11,37,0,0,0,0,0,0,0,"Melanogrammus","Melanogrammus","Gadiformes","Actinopterygii",0.99,"genus","twocon",406,"caccgcggttatacgagaggctcaaattgatgaaaaacggcgtaaagcgtggttaagaaaacaagagaaaatatggccgaacagcttcaaagcagttatacgcatccgaagtcacgaagaacaatcacgaaagttgccttaaaacctctgattccacgaaagccataaaa"
"69","dme2_000004381",0,0,0,0,30,103,151,37,0,38,0,0,0,"Zoarces viviparus","Zoarces","Perciformes","Actinopterygii",1,"species","twocon",359,"caccgcggttatacgaggggcccaagttgaaagaccctggcgtaaagagtggttaagctagaatttaaactaaagccgaacatcctcacggctgttatacgcacccgaagataagaagaccagccacgaaggtagctttatttaactgaacccacgaaagctgcggca"
"70","dme2_000004864",0,0,0,0,0,0,0,1,2,1,2,0,0,"Trisopterus minutus","Trisopterus","Gadiformes","Actinopterygii",1,"species","twocon",6,"caccgcggttatacgagagacccaaattgataaaaacggcgcaaagcgtggttaagaaaacaaaaagatacggccgaacagattcaaagcagttatacgcattcgaaacaacgaagatcaaacacgaaggttgccctaaaaaactctgattccacaatagctaagacc"
"71","dme2_000005183",0,0,0,0,0,0,0,30,0,0,0,0,0,"Ciliata mustela","Ciliata","Gadiformes","Actinopterygii",1,"species","twocon",30,"caccgcggttatacgagaggcccaagttgatgaaatgcggcgtaaagagtggttaagaaaattaaagaataaggccgaacaacctcaaagcagttatacgcatccgaggccacgaagtacaattacgaaagtagccctaatgaaaatctgactccacgaaagccataaaa"
"72","dme2_000005413",0,0,0,0,17,12,0,0,0,0,0,0,0,"Squalus acanthias","Squalus","Squaliformes","Elasmobranchii",1,"species","threecon",29,"caccgcggttatacgagtgacccttattaatattttcccggcgtaaagagtggtttaagaaaaccttaaacaactaaagttaagacctcatcaagccgttatacgctcttatgagaggaattatcaacaacgaaagtgactttataatattagagaccttgatgccacgacagttgggccc"
"73","dme2_000005566",0,0,0,0,4,4,6,11,0,0,0,0,0,"Pholis gunnellus","Pholis","Perciformes","Actinopterygii",1,"species","twocon",32,"caccgcggttatacgagaggcccaagttgacagacatcggcgtaaagagtggttaagttaaaattgtactaaagccgaacatcctccaggctgttatacgcatccgaagataagaagttcaaccacgaaggtagctttatttaatctgaacccacgacagctacgaca"
"74","dme2_000005610",0,0,0,0,0,0,0,1,0,0,0,0,0,"Chrysiptera cyanea","Chrysiptera","Ovalentaria/misc","Actinopterygii",1,"species","threecon",169,"caccgcggttatacgagaggcccaagttaacagacaacggcgtaaagcgtggttagggaaatctttaaactaaagccgaacgccctcagagctgtcaaacgcttacgagctaagaagccccattacgaaagtagctttattttacctgaccccacgaaagctgaggaa"
"75","dme2_000005624",0,0,0,0,0,0,0,114,0,0,0,0,0,"Liparis montagui","Liparis","Scorpaeniformes","Actinopterygii",1,"species","twocon",114,"caccgcggttatacgagaggcccaagttgaaagacaccggcgtaaagcgtggttaaactaaaatttaaactaaagttaaacatcttcaagactgttatacgtacccgaaggcaggaaccccaattacgaaagtaactttatataagctgaacccacgaaagctatagca"
"76","dme2_000005806",0,0,0,0,0,1,0,2,0,0,0,0,0,"Salmo","Salmo","Salmoniformes","Actinopterygii",0.99,"genus","twocon",4,"caccgcggttatacgagaggccctagttgataactaccggcgtaaagagtggttacggaaaaatatttaataaagccgaacaccccctcagccgtcatacgcacctgggggcacgaagatctactacgaaagcagctttaattatgcctgggcgcacgacagctaccaca"
"77","dme2_000006294",0,0,0,0,0,0,0,0,0,153,0,0,0,"Pan troglodytes","Pan","Primates","Mammalia",0.982035928143713,"species","ecotag",153,"caccacagccatacaattaacctgagctaatagaactcagcataaagagtgttttaggtctatccttaataaagctaagcttcatctcagttgtataaaaccctagctgaaataaaataaactatgaaggaggctttaatacttctgaagacacaatagctaagacc"
"78","dme2_000006393",0,0,0,0,0,0,80,0,29,0,1,0,0,"Pangasianodon hypophthalmus","Pangasianodon","Siluriformes","Actinopterygii",1,"species","ecotag",110,"caccgcggttatacgaaagaccccagttgataactacggcgtaaagggtggttaagggatataaaaataaagctaaagactctctaagccgtcatacgcactccgagagcacgaaaccctgacacgaaagtagctttaaacaaacttcacctgaccccacgaaagctaagaaa"
"79","dme2_000006499",0,0,0,0,0,0,0,0,0,2,0,0,0,"Trisopterus esmarkii","Trisopterus","Gadiformes","Actinopterygii",0.99,"species","twocon",2,"caccgcggttatacgagagacccaaattgataaaaacggcgtaaagcgtggttaagaagacaaaaaaatacggccgaacagattcaaagcagttatacgcattcgaaacaacgaagatcaagcacgcaagttgccctaaaaaactctgaccccactatagctaagacc"
"80","dme2_000007123",0,0,0,0,0,4,0,17,0,0,0,0,0,"Ovis","Ovis","Artiodactyla","Mammalia",1,"genus","ecotag",31,"caccgcggtcatacgattgacccaagctaacaggagtacggcgtaaagcgtgttaaagcatcatactaaatagagttaaattttaattaaactgtaaaaagccataattataacaaaaataaatgacgaaagtaaccctacaatagctgatacaccatagctaagacc"
"81","dme2_000007298",0,0,0,0,0,45,0,0,0,0,0,0,0,"Melanogrammus","Melanogrammus","Gadiformes","Actinopterygii",1,"genus","twocon",45,"caccgcggttatacgagaggctcaaattgatgaaaaacggcgtaaagcgtggttaagaaaacaaaagaaaatatggccgaacagcttcaaagcagttatacgcatccgaagtcacaaagaacaatcacgaaagttgccttaaaacctctgattccacgaaagccataaaa"
"82","dme2_000008064",0,0,0,0,0,0,0,0,0,0,1,0,0,"Scomber","Scomber","Scombriformes","Actinopterygii",0.988235294117647,"genus","threecon",86,"caccgcggttatacgagttggcccaagttgacagaccccggcgtaaagcgtggttagggaaaactcaaaactaaagccgaatatcttcagggcagttatacgcttccgaagacacgaagcccttccacgaaagtgactttattacccccgaccccacgaaagctaggaca"
"83","dme2_000008423",0,0,0,0,80,108,25,0,0,0,0,0,0,"Scomber scombrus","Scomber","Scombriformes","Actinopterygii",1,"species","threecon",300,"caccgcggttatacgataggcccaagttgacagaccccggcgtaaagcgtggttagggaaaatttaaaactaaagccgaacaccttcagggcagtcatacgcttccgaaggcacgaagcccctccacgaaagtggctttactacccccgaccccacgaaagctaggaca"
"84","dme2_000008440",0,0,0,0,0,0,20,0,0,0,0,0,0,"Liparis montagui","Liparis","Scorpaeniformes","Actinopterygii",1,"species","twocon",20,"caccgcggttatacgagaggcccaagttgaaagacaccggcgtaaagcgtggttaaactaaaatttaaattaaagttaaacatcttcaagactgttatacgtacccgaaggcaggaaccccaattacgaaagtaactttatataagctgaacccacgaaagctataaca"
"85","dme2_000008492",0,0,0,0,0,0,7,0,0,0,0,0,0,"Bos mutus","Bos","Artiodactyla","Mammalia",0.988095238095238,"species","ecotag",7,"caccacggtcatatgattaacccaagttaacaagaatacagcataaagcatgctaaagcattacaccaaatagagttaaattctaattaagctgtaaaaagccataattataacaaaaataaatgatgaaagtagctctataatagctgatacactatagctaagacc"
"86","dme2_000008579",0,0,0,0,0,0,0,2,0,0,0,3,0,"Trisopterus esmarkii","Trisopterus","Gadiformes","Actinopterygii",1,"species","twocon",5,"ctccgcggttatacgagagacccaaattgataaaaacggcggaaagcggggggaagaagacaaaaaaatacggccgaacagattcaaagcagttatacgcattcgaaacaacgaagatcaagcacgcaagttgccctaaaaaactctgaccccacgaaagccataaaa"
"87","dme2_000009117",0,0,0,0,2,2,1,2,0,0,0,0,0,"Gadus chalcogrammus","Gadus","Gadiformes","Actinopterygii",0.98,"species","twocon",10,"caccgcggttatacgagagacccaaattgataaaaacggcgtaaagcgtggttaagaaaacaaaaagagaaaatatggccgaacagcttcaaagcagttatacgcatccgaagtcacgaagaacaatcacgaaagttgccctaaaacctccgattccacgaaagccataaaa"
"88","dme2_000009685",0,0,0,0,23,0,0,38,0,0,0,0,0,"Salmo","Salmo","Salmoniformes","Actinopterygii",1,"genus","twocon",61,"caccgcggttatacgagagaccctagttgataactaccggcgtaaagagtggttacggaaaaatattcaataaagccgaacaccccctcagccgtcatacgcacctgggggcacgaagatctactgcgaaagcagctttaattatgcctgaacccacgacagctacgaca"
"89","dme2_000011474",0,0,0,0,3,0,0,0,0,0,0,0,0,"Spinachia spinachia","Spinachia","Gasterosteiformes","Actinopterygii",1,"species","threecon",15,"caccgcggttatacgagaggcccgagttgataggtaccggcgtaaagggtggttaagtcaaaataaaactaaagccaaacgtctccaaggctgttatacgcatacggagataagaagaacaaccacgaaagtggctttatttatcctgaacccacgaaagctaagata"
"90","dme2_000013208",0,0,0,0,0,5,5,5,0,0,0,0,0,"Trisopterus minutus","Trisopterus","Gadiformes","Actinopterygii",1,"species","twocon",20,"caccgcggttatacgagagacccaaattgataaaaacggcgtaaagcgtggttaagaaaacaaaaagatacggccgaacagattcaaagcagttatacgcattcgaaacaacgaagatcaaacacgaaggttgccctaaaacctccgattccacgaaagccataaaa"
"91","dme2_000014020",0,0,0,0,0,0,0,0,2,0,0,0,0,"Delphinidae","None","Artiodactyla","Mammalia",0.982456140350877,"family","ecotag",2,"caccgcggtcatacgattgacccaaactaatagacacccggcgtaaagagtgtcaaagaacaatataaaaataaagtcaaaccttaattaagctgtaaaaagccataattaaaattaagttaaactacgaaagtaactttaccataaactgaacacacaatagctaagacc"
"92","dme2_000015084",0,0,0,0,12,0,0,0,0,0,0,0,0,"Balaenoptera physalus","Balaenoptera","Artiodactyla","Mammalia",1,"species","ecotag",12,"caccgcggtcatacgatcgacccaaattaatagaagcacggcgtaaagagtgttaaggagccacatgaaataaagtcaaaccttaattaagctgtaaaaagccctaattaaaattaagccaaactacgaaagtgactttaatataatctgatcacacgacagctaagatc"
"93","dme2_000016725",0,0,0,0,0,4,2,0,3,2,5,0,0,"Salmo salar","Salmo","Salmoniformes","Actinopterygii",1,"species","twocon",17,"caccgcggttatacgagaggccctagttgataactaccggcgtaaagagtggttacggaaaaatatttaataaagccgaacaccccctcagccgtcatacgcacctgggggcacgaagatctactacgaaagcagctttaattatacctgaacacacaatagctaagacc"
"94","dme2_000018246",0,0,0,0,0,2,0,1,0,0,0,0,0,"Cyclopterus lumpus","Cyclopterus","Scorpaeniformes","Actinopterygii",1,"species","threecon",3,"caccgcggttatacgagaggcccaagttgacagacaccggcgtaaagagtggttaagctaaaacttaaactaaagccaaacatcttcaagactgttatacgtacccgaagacaggaaactcaaccacgaaagtagctttatttaatctgaccccacgaaagctaaggaa"
"95","dme2_000018608",0,0,0,0,0,0,0,0,0,2,0,0,0,"Trisopterus minutus","Trisopterus","Gadiformes","Actinopterygii",1,"species","twocon",2,"caccgcggttatacgagagacccaaattgataaaacggcgtaaagcgtggttaagaaaacaaaaagatacggccgaacagattcaagcagttatacgcattcgaaacaacgaagaccaaacacgaaggttgcctaaaaaactctgattccacgaaagccataaaa"
"96","dme2_000018788",0,0,0,0,42,0,0,0,0,0,0,0,0,"Ammodytes tobianus","Ammodytes","Perciformes/Uranoscopoidei","Actinopterygii",0.99,"species","twocon",42,"caccgcggttatacgagaggcccaagctgatagaccccggcgtaaagagtggttagggtaaacttaaaactaaagccgaacaccctcacagctgttatacgcacccgagagcaagaagcccaactacgaaagtggctttacaacccctgaacccacgaaagctatgaca"
"97","dme2_000019211",0,0,0,0,0,1,0,0,0,0,0,0,0,"Micromesistius poutassou","Micromesistius","Gadiformes","Actinopterygii",0.99,"species","threecon",6,"caccgcggttatacgagaggctcaaattgatgaaaaacggcgtaaagcgtggttaagaaaacaagagatatatggccgaacagcttcaaagcagttatacgcattcgaaaccacgaagaacacccacgaaagttgccctaaaaaactctgattccacgaaagccataaaa"
"98","dme2_000019802",0,0,0,0,73,114,3,0,0,0,0,0,0,"Gobiusculus flavescens","Gobiusculus","Perciformes","Actinopterygii",1,"species","twocon",267,"caccgcggttatacgagaggcccaagttgacggatgccggcgtaaaatgtggttaatttacagtattacactaaagcaaaacaccttctaagctgttatatgctctcgaagacaggaggcccctttacgaaagtagctttaaacaatatgaccccacgaaagctagggaa"
"99","dme2_000020231",0,0,0,0,0,0,0,27,0,0,1,0,0,"Anser anser","Anser","Anseriformes","Aves",1,"species","ecotag",28,"caccgcggtcatacaagaaacccaaatcaaccgtcctattaacacggcgtaaagagtggtaaaatgcctatcctagctaactaagatcaaaatgcagctaagctgtcataagcccaagatgcacctaaacacaccattaagatgatcttaggaactaacgactgatttaaacccacgaaagccagggcc"
"100","dme2_000020606",0,0,0,0,1,0,0,5,0,0,0,0,0,"Pholis gunnellus","Pholis","Perciformes","Actinopterygii",1,"species","twocon",6,"caccgcggttatacgagaggcccaagttgacagacatcggcgtaaagagtggttaagttaaaattgtactaaagccgaacatcctccaggctgttatacgcatccgaagataagaagttcaaccacgaaggtagctttaattatacctgaacccacgacagctacgaca"
"101","dme2_000020950",0,0,0,0,0,1,0,1,0,0,0,0,0,"Myoxocephalus scorpius","Myoxocephalus","Scorpaeniformes","Actinopterygii",1,"species","twocon",2,"caccgcggttatacgagaggcccaagttgacaaacaccggcgtaaagcgtggttaagtaaaaactcacactaaagccaaacatcttccaggctgttatacgcaaccgaagacaggaagttcaaccacgaaagtggctttatctagtctgaccccacgaaagctacggca"
"102","dme2_000021787",0,0,0,0,2,0,0,20,0,0,0,0,0,"Somateria","Somateria","Anseriformes","Aves",1,"genus","ecotag",22,"caccgcggtcatacaagagacccaaatcaactgtcccatacgagcggcgtaaagagtggtaaaatgcttatcctactcaactaagatcaaaatgcaactaagctgtcgcaagcacaagatgcacctaaacacaccatcaagatgatcttaggaactagcgattaatttaagtccacgaaagccagggcc"
"103","dme2_000022335",0,0,0,0,0,9,0,0,0,0,0,0,0,"Phocidae","None","Carnivora","Mammalia",0.988095238095238,"family","ecotag",9,"caccgcggtcatacgattaacccaaactaataggccctcggcgtaaagcgtgttaaagatcaacccacactaaagctaaaacctaaccaagccgtaaaaagctaccgttaacataaaatagaccacgaaagtgactttactaactctgacagcacgatagctaagacc"
"104","dme2_000023291",0,0,0,0,1,0,0,2,0,0,0,0,0,"Myoxocephalus scorpius","Myoxocephalus","Scorpaeniformes","Actinopterygii",1,"species","twocon",5,"caccgcggttatacgagaggcccaagttgacaaacaccggcgtaaagcgtggttaagtaaaaactcacactaaagccaaacatcttccaggctgttatacgcaaccgaagacaggaagttcaaccacgaaagtggctttatctagtctgaacccacgacagctacgaca"
"105","dme2_000023951",0,0,0,0,0,22,0,0,0,0,0,0,0,"Labrus bergylta","Labrus","Perciformes","Actinopterygii",1,"species","twocon",22,"caccgcggttatacgaaagacccaagttgataatcaccggcgtaaagagtggttaagataaacccccaaactaaagccgaacatcttcaaagctgttatacgcacacgaagaaaagaaacccaaccacgaaagtggctttataatatctgaccccacgaaagctatgtca"
"106","dme2_000024423",0,0,0,0,0,0,0,1,0,0,0,0,0,"Trachinotus blochii","Trachinotus","Carangiformes","Actinopterygii",0.99,"species","twocon",11,"caccgcggttatacgagttggcccaagttgacagacaacggcgtaaagagtggttaaggaaaataaaaactaaagccgaacaccttcaaagctgtcatacgctcccgaagatatgaagcccaaccacgaaagtgactttacactacctgaacccacgacagctacgaca"
"107","dme2_000025259",0,0,0,0,1,0,1,0,0,0,0,0,0,"Trisopterus minutus","Trisopterus","Gadiformes","Actinopterygii",1,"species","twocon",2,"caccgcggttatacgagaggcccaaattgatgaaaaacggcgtaaagcgtggttaagaaaaaagatacggccgaacagattcaaagcagttatacgcattcgaaacaacgaagatcaaacacgaaggttgccctaaaaaactctgattccacgaaagccataaaa"
"108","dme2_000025504",0,0,0,0,0,0,0,1,0,0,0,0,0,"Gnathanodon speciosus","Gnathanodon","Carangiformes","Actinopterygii",1,"species","twocon",15,"caccgcggttatacgaggggctcaagttgacagacaacggcgtaaagcgtggttaaggaaaatattcaactaaagcggaacctcctcacagctgttatacgcttccgaggaagtgaaccccaactacgaaagtggctttaccctacctgaacccacgacagctacgaca"
"109","dme2_000026846",0,0,0,0,0,0,1,0,0,0,0,0,0,"Stegostoma tigrinum","Stegostoma","Orectolobiformes","Elasmobranchii",1,"species","twocon",13,"caccgcggttatacgagtaacccaaattaacactccacggtgtaaagagtgatttaaggaaaaactataatcattaaagctaaaatctcatccaactgttatacgtacacatgagtagaataaccaataacgaaagtgactttataccattagcaatcttgacgtcacgacagttaagacc"
"110","dme2_000030376",0,0,0,0,0,0,0,0,0,0,19,0,0,"Callionymus lyra","Callionymus","Perciformes","Actinopterygii",1,"species","twocon",19,"cgccgcggttatacgcaaggcccaaattgataaagacggcgtaaagggtggttaagcaaataataagataaggtagaactcaccgttcagctgtttaaagctaaacgaagaagaaccccataaacgaaagttaccttaaaatgttgaatccacgaaagctggggta"
"111","dme2_000030834",0,0,0,0,0,0,0,0,0,4,0,0,0,"Trisopterus minutus","Trisopterus","Gadiformes","Actinopterygii",1,"species","twocon",4,"caccgcggttatacgagagacccaaattgataaaaacggcgtaaagcgtggttaagaaaacaaaaagatacggccgaacagattcaaagcagttatacgcattcgaaacaacgaaggttctacacgaaggttgccctaaaaaactctgattccacgaaagccataaaa"
"112","dme2_000032996",0,0,0,0,1,0,2,0,0,0,0,0,0,"Phasianinae","None","Galliformes","Aves",0.988888888888889,"subfamily","ecotag",3,"caccgcggtcatacaagaaacccaaatcaatagctacccggcgtaaagagtggccacagggtatctgcaccagctaagattaaaatgcaaccaagctgtcataagcctaagatccacctaaacccaacccaaatccatcttagcctcaacgattaattttaacccacgaaagctaggacc"
"113","dme2_000033530",0,0,0,0,0,0,0,0,1,0,0,0,0,"Trachurus trachurus","Trachurus","Perciformes","Actinopterygii",1,"species","threecon",14,"caccgcggttatacgagaggctcaagttgacagacaacggcgtaaagagtggttaaggaaaacattcaactaaagcggaaccccctcactgctgttatacgcttccgagggaatgaaccccaactacgaaggtggctttatattaacctgaacccacgaaagctaagaaa"
"114","dme2_000034034",0,0,0,0,2,0,0,0,0,0,0,0,0,"Trisopterus minutus","Trisopterus","Gadiformes","Actinopterygii",1,"species","twocon",2,"caccgcggttatacgagagacccaaattgataaaaacggcgtaaagcgtggttaagaaaacaaaaagatacggccgaacagattcaaagcagttatacgcattcgaaacaacgaagatcaaacacgaaggttgccctaaaaaactctgattccacgagagctgggaca"
"115","dme2_000034037",0,0,0,0,0,0,0,0,3,0,0,0,0,"Trisopterus minutus","Trisopterus","Gadiformes","Actinopterygii",1,"species","twocon",3,"caccgcggttatacgagagacccaaattgataaaaacggcgaaaagcgtggttaagaaaacaaaaagatacggccgaacagattcaaagcagttatgcgcattcgaaacaacgaagatcaaactcgaaggttgccctaaaaaactctgattccacgaaagccataaaa"
"116","dme2_000034339",0,0,0,0,1,1,0,7,0,0,0,0,0,"Trisopterus minutus","Trisopterus","Gadiformes","Actinopterygii",0.99,"species","twocon",15,"caccgcggttatacgagaggctcaaattgatgaaaaacggcgtaaagcgtggttaagaaaacaaaaagatacggccgaacagattcaaagcagttatacgcattcgaaacaacgaagatcaaacacgaaggttgccctaaaaaactctgattccacgaaagccataaaa"
"117","dme2_000039099",0,0,0,0,2,4,4,14,0,0,0,0,0,"Clupea harengus","Clupea","Clupeiformes","Actinopterygii",1,"species","twocon",31,"caccgcggttatacgagagaccctagttgatatattcggcgtaaagagtggttatggaaaacaagcactaaagccaaagagccctcaggccgttatacgcacccggggcctcgaaccactatcacgaaagtagctttaccctcgcccaccagaacccacgacagctacgaca"
"118","dme2_000040458",0,0,0,0,0,3,0,0,0,0,0,0,0,"Molva molva","Molva","Gadiformes","Actinopterygii",1,"species","twocon",3,"caccgcggttatacgagagacccaaattgataaaaacggcgtaaagcgtggttaaggaaataaaaagaatagggccgaacaacctcaaagcagttatacgcattcgaggtcacgaagcacagtcacgaaagtggccctactaaatccctgattccacgaaagccataaaa"
"119","dme2_000041217",0,0,0,0,0,1,0,0,0,0,0,0,0,"Salmo salar","Salmo","Salmoniformes","Actinopterygii",1,"species","twocon",2,"caccgcggttatacgagaggccctagttgacatcctccggcgtaaagtgtggttacggaaaaatatttaataaagccgaacaccccctcagccgtcatacgcacctgggggcacgaagatctactacgaaagcagctttaattatacctgaacccacgacagctacgaca"
"120","dme2_000043096",0,0,0,0,0,0,1,0,0,0,0,0,0,"Anisotremus virginicus","Anisotremus","Eupercaria/misc","Actinopterygii",1,"species","twocon",17,"caccgcggttatacgagaggcccgagttgataattgccggcgtaaagagtggttaagatcaactaaaaactaaggccaaaagccctcacagctgttatacgcactcgagggtaggaagcccaattacgaaagtggccttacaatatctgaacccacgaaagctaagaaa"
"121","dme2_000044330",0,0,0,0,1,2,0,3,0,0,0,0,0,"Halichoerus grypus","Halichoerus","Carnivora","Mammalia",0.982142857142857,"species","ecotag",8,"taccgcggtcatacgattaacccaaactaataggccctcggcgtaaagcgtgttaaagatcaacccacactaaagctaaaacctaaccaagccgtaaaaagctaccgttaacataaaataaactacgaaagtgactttactaactctgacagcacgacagctacgaca"
"122","dme2_000046962",0,0,0,0,1,1,0,0,0,0,0,0,0,"Salmo salar","Salmo","Salmoniformes","Actinopterygii",1,"species","twocon",4,"caccgcggttatacgagaggccctagttgataactaccggcgtaaagagtggttacggaaaaatatttaataaagccgaacaccccctcagccgtcatacgcacctgggggcacgaagatctactacgaaagcagctttaattatacctgaacccacgaaagctaagaaa"
"123","dme2_000050234",0,0,0,0,0,1,0,2,0,0,0,0,0,"Pholis gunnellus","Pholis","Perciformes","Actinopterygii",1,"species","twocon",3,"caccgcggttatacgagaggcccaagttgacagacatcggcgtaaagagtggttaagttaaaattgtactaaagccgaacatcctccaggctgttatacgcatccgaagataagaagttcaaccacgaaggtagctttatttaatctgaacccacgaaagctacgg"
"124","dme2_000050729",0,0,0,0,0,2,2,0,0,0,0,0,0,"Salmo salar","Salmo","Salmoniformes","Actinopterygii",0.98,"species","twocon",4,"caccgcggttatacgagaggccctagttgataactaccggcgtaaagagtggttacggaaaaatatttaataaagccgaacaccccctcagccgtcatacgcacctgggggcacgaagatctactacgaaagcagctttaattaaacctgcccccacgacagctacgacc"
"125","dme2_000053931",0,0,0,0,0,7,0,0,0,0,0,0,0,"Gadidae","None","Gadiformes","Actinopterygii",0.988235294117647,"family","ecotag",8,"caccgcggttatacgagaggcccaaattgatgaaaaacggcgtaaagcgtggttaagaaaaaagagaaaatatggccgaacagcttcaaagcagttatacgcatccgaagtcacgaagaacaatcacgaaagttgccttaaaacctctgattccacgaaagccataaaa"
"126","dme2_000054106",0,0,0,0,0,0,0,0,0,1,0,1,0,"Homo sapiens","Homo","Primates","Mammalia",1,"species","human_assign",12,"gcggtcacacgattaacccaagtcaatagaagccggcgtaaagagtgttttagatcaccccctccccaataaagctaaaactcacctgagttgtaaaaaactccagttgacacaaaatagactacgaaagtggctttaacatatctgaacacacaatagctaagacc"
"127","dme2_000055086",0,0,0,0,0,0,0,0,0,2,2,0,0,"Trisopterus minutus","Trisopterus","Gadiformes","Actinopterygii",1,"species","twocon",4,"cgccgcggttatacgagagacccaaattgagaaaaacggcggagagcggggggaagaaaacaaaaagatacggccgaacagattcaaagcagttatacgcattcgaaacaacgaagatcaaacacgaaggttgccctaaaaaactctgattccacgaaagccataaaa"
"128","dme2_000056204",0,0,0,0,0,1,0,0,0,0,0,0,0,"Clupea harengus","Clupea","Clupeiformes","Actinopterygii",1,"species","twocon",7,"caccgcggttatacgagagaccctagttgatatattcggcgtaaagagtggttatggaaaacaagcactaaagccaaagagccctcaggccgttatacgcacccggggcctcgaaccactatcacgaaagtagctttaccctcgcccaccagaacccacgagagctaagacc"
"129","dme2_000057575",0,0,0,0,0,2,0,0,1,0,0,0,0,"Molva molva","Molva","Gadiformes","Actinopterygii",0.98,"species","twocon",3,"caccgcggttatacgagagacccaaattgataaaaacggcgtaaagcgtggttaagaagacaaaaagaatagggccgaacaacctcaaagcagttatacgcattcgaggtcacgaagcacagtcacgaaagtggccctactaaatccctgattccacgaaagccataaaa"
"130","dme2_000062910",0,0,0,0,0,0,0,25,0,0,0,0,0,"Zeugopterus regius","Zeugopterus","Pleuronectiformes","Actinopterygii",1,"species","twocon",25,"caccgcggttaaacgaggggcccaagttgacagacaacggcgtaaagagtggttagggactacaacaaactaaagctgaaggctctcgcaactgttatacgtattcgagagtccgaaacccaactacgaaagtggctttgcaaaacctgatcccacgaaagctaagaaa"
"131","dme2_000064174",0,0,0,0,0,0,0,0,0,4,1,0,0,"Trisopterus minutus","Trisopterus","Gadiformes","Actinopterygii",1,"species","twocon",5,"caccgcggttatacgagagacccaaattgataaaaacggcgtaaagcgtggttaagaaaacaaaaagatacggccgaacagattcaaagcagttatacgcattcgaaacaacgaagatcaaacacgaaggttgccctaaaaaactctgattccacgaaagcttaaacc"
"132","dme2_000064748",0,0,0,0,0,0,0,3,0,0,0,0,0,"Salmo salar","Salmo","Salmoniformes","Actinopterygii",1,"species","twocon",3,"ctccgcggttatacgagaggccctagttgataactaccggcggagagaggggggacggaaaaatatttaataaagccgaacaccccctcagccgtcatacgcacctgggggcacgaagatctactacgaaagcagctttaattatacctgaacccacgacagctacgaca"
"133","dme2_000064952",0,0,0,0,0,0,0,0,0,3,0,0,0,"Trisopterus minutus","Trisopterus","Gadiformes","Actinopterygii",1,"species","twocon",3,"ccgcggttatacgagagacccaaattgataaaaacggcgtaaagcgtggttaagaaaacaaaaagatacggccggacagattcaaagcagttatacgcattcgaaacaacgaagatcaaacacgaaggttgccctaaaaaactctgattccacgaaagccataaag"
"134","dme2_000065689",0,0,0,0,1,0,1,0,0,0,0,0,0,"Pleuronectidae","None","Pleuronectiformes","Actinopterygii",0.982352941176471,"family","ecotag",2,"caccgcggttatacgagaggcccaagttgacaaacaacggcgtaaagagtggttagggaatttactaaactagagccgaacgctttcaaagctgttatacgcacccgaaagtatgaaacccaattacgaaagtagctctacctatcctgaacccacgaaagctacgaca"
"135","dme2_000067227",0,0,0,0,0,0,0,1,0,0,0,0,0,"Clupea harengus","Clupea","Clupeiformes","Actinopterygii",1,"species","twocon",6,"ctccgcggttatacgagagacccgagttgatatattcggcgtaaagagtggggatggaaaacaagcactaaagccaaagagccctcaggccgttatacgcacccggggcctcgaaccactatcacgaaagtagctttaccctcgcccaccagaacccacgagagctgggaca"
"136","dme2_000069817",0,0,0,0,0,3,0,0,0,0,0,0,0,"Scyliorhinus canicula","Scyliorhinus","Carcharhiniformes","Elasmobranchii",1,"species","threecon",3,"caccgcggttatacgagtgactcacattaacacttcccggcgtaaagtgtgatttaaggatgacctccaaataactatagttatgacctcatcaaattgttatacgcattcgtgaacggaataatcaacaacgaaagtgactctaaattaccaggaatcttgatgtcacgacagttgggccc"
"137","dme2_000070622",0,0,0,0,3,0,0,0,0,0,0,0,0,"Taurulus bubalis","Taurulus","Scorpaeniformes","Actinopterygii",1,"species","threecon",3,"caccgcggttatacgagaggcccaagttgacaaacaccggcgtaaagcgtggttagggaaaactcacactaaagccaagcatcttccaggctgttatacgcaactgaagataggaagttcaaccacgaaagtggctttaccagacctgaatccacgagagctaaggaa"
"138","dme2_000071366",0,0,0,0,0,0,0,0,0,0,0,2,0,"Trisopterus minutus","Trisopterus","Gadiformes","Actinopterygii",0.98,"species","twocon",2,"caccgcggttatacgagagacccaaattgataaaaacggcgtaaagcgtggtaagaaaacaaaaagatacggccgaacagattcaaagcagttatacgcactcgagacaacggagatcaaacgcgaaggttgccctaaaaaactctgactccacgaaagccataaaa"
"139","dme2_000072970",0,0,0,0,0,0,0,0,2,0,1,0,0,"Trisopterus minutus","Trisopterus","Gadiformes","Actinopterygii",1,"species","twocon",4,"caccgcggttatacgagagacccaaattgataaaaacggcgtagagcgtggttaagaaaacaaaaagatacggccgaacagattcaaagcagttatacgcattcgaaacaacgaagatcaaacacgaaggttgccctaaaaaactctgattccacgaaagcgtggggag"
"140","dme2_000074548",0,0,0,0,0,0,0,0,0,2,0,0,0,"Homo sapiens","Homo","Primates","Mammalia",1,"species","human_assign",2,"gtgcagtaggttggtaaatctcgtgccagccaccgcggtcacacgattaacccaagtcaatagaagccggcgtaaagagtgttttagatcaccccctccccaataaagctaaaactcacctgagttgtaaaaaactccagttgacacaaaatagactacgaaagtggctttaacatatctgaacacacaatagctaagacc"
"141","dme2_000075902",0,0,0,0,0,0,0,6,0,0,0,0,0,"Liparis montagui","Liparis","Scorpaeniformes","Actinopterygii",1,"species","twocon",6,"caccgcggttatacgagaggcccaagttgaaagacaccggcgtaaagcgtggttaaactaaaatttaaactaaagttaaacatcttcaagactgttatacgtacccgaaggcaggaaccccaattacgaaagtaactttatataagctgaacccacgaaagctatgaca"
"142","dme2_000076039",0,0,0,0,2,0,0,0,0,0,0,0,0,"Micromesistius poutassou","Micromesistius","Gadiformes","Actinopterygii",1,"species","threecon",2,"caccgctgttatacgagaggctcaaattgatggaaaacggcgtaaagcgtggttaagaaaacaagagatatatggccgaacagcttcaaagcagttatacgcattcgaaaccacgaagaacacccacgaaagttgccctaaaaaactctgattccacgaagaccatagaa"
"143","dme2_000076377",0,0,0,0,0,0,0,11,0,0,0,0,0,"Ammodytes","Ammodytes","Perciformes/Uranoscopoidei","Actinopterygii",0.988165680473373,"genus","threecon",11,"caccgcggttatacgagaggcccaagctgatagaccccggcgtaaagagtggttaagataaacttgaaactaaagccgaacaccctcacagttgttatacgcacccgagagtaagaagcccaactacgaaagtggctttacaacccctgaacccacgaaagctatgaca"
"144","dme2_000076889",0,0,0,0,3,0,0,0,0,0,0,0,0,"Scomber scombrus","Scomber","Scombriformes","Actinopterygii",1,"species","threecon",3,"caccgcggttatacgataggcccaagttgacagaccccggcgtaaagcgtggttagggaaaatttaaaactaaagccgaacaccttcagggcagtcatacgcttccgaaggcacgaagcccctccacgaaagtggctttactacccccgaccccacgaaagctagga"
"145","dme2_000077444",0,0,0,0,0,0,0,11,0,0,0,0,0,"Felis catus","Felis","Carnivora","Mammalia",1,"species","ecotag",11,"caccgcggtcatacgattagcccaaactaatagacccacggcgtaaagcgtgttacagagaaaaaaatatactaaagttaaattttaactaggccgtagaaagctagagttaacataaaaatacagcacgaaagtaactttaacacctccgactacacgacagctaagacc"
"146","dme2_000082169",0,0,0,0,0,1,0,1,0,0,0,0,0,"Cottidae","None","Perciformes","Actinopterygii",0.982248520710059,"family","ecotag",5,"caccgcggttatacgagaggcccaagttgacaaacaccggcgtaaagcgtggttagggaaaactcacactaaagccaaacatcttccaggctgttatacgcaaccgaagacaggaagttcaaccacgaaagtggctttatctagtctgaacccacgaaagctaaggaa"
"147","dme2_000086426",0,0,0,0,0,0,0,0,0,0,0,3,0,"Trisopterus minutus","Trisopterus","Gadiformes","Actinopterygii",1,"species","twocon",3,"caccgcggttatacgagagacccaaattgataaaaacggcgtaaagcgtgataagaaaacagaaagatacggccgaacagattcaaagcagttatacgcattcgaaacaacgaagatcaaacacgaaggttgccctaaaaaactctgattccacgaaagccataaaa"
"148","dme2_000089316",0,0,0,0,0,2,0,0,0,0,0,0,0,"Pomatoschistus minutus","Pomatoschistus","Gobiiformes","Actinopterygii",0.988235294117647,"species","ecotag",2,"caccgcggttatacgagaggcccaagttgatggatgccggcgtaaaatgtggttaatttacagtattacactaaagcaaaacaccttctaagctgttatatgctctcgaagacaggaagcccttttacgaaagtagctttaaatagtatgacccacgaaagctagggaa"
"149","dme2_000091997",0,0,0,0,17,0,0,0,0,0,0,0,0,"Anserinae","None","Anseriformes","Aves",0.989417989417989,"subfamily","ecotag",17,"caccgcgctcatacaagaaacccaaatcaaccgtcctattgacacggcgtaaagagtggtaaaatgcctatcctagctaactaagatcaaaatgcaactaagctgtcataagcccaagatgcacctaaacacaccattaagatgatcttaggaactaacgactgatttaaacccacgaaagccagggcc"
"150","dme2_000093347",0,0,0,0,2,0,0,0,0,0,0,0,0,"Symphodus melops","Symphodus","Perciformes","Actinopterygii",1,"species","twocon",2,"caccgcggctatacgagaggcccatgttgataaataccggcgtaaaaagtggttagagaagaaactaaactaaagccaaacgccttcagagctgttatacgcttacgaagagcagagacacaaccacgaaagtggctttacttaacctggccccacgaaagctagggca"
"151","dme2_000096119",0,0,0,0,0,0,1,1,0,0,0,0,0,"Gadidae","None","Gadiformes","Actinopterygii",0.988165680473373,"family","ecotag",3,"caccgcggttatacgagaggccctagttgatgaaaaacggcgtaaagcgtggttaagaaaaaagagaaaatatggccgaacagcttcaaagcagttatacgcatccgaagtcacgaagaacaatcacgaaagttgccctaaaacctccgattccacgaaagccataaaa"
"152","dme2_000102014",0,0,0,0,0,1,0,0,1,0,0,0,0,"Salmo salar","Salmo","Salmoniformes","Actinopterygii",0.98,"species","twocon",3,"caccgcggttatacgagaggccctagttgataactaccggcgtaaagagtggttacggaaaaatatttaataaagccgaacaccccctcagccgtcatacgcacctgggggcacgaagatctactacgaaagcagcttaaaatatacctgaacccacgacagctacggca"
"153","dme2_000103709",0,0,0,0,0,0,0,0,0,0,5,0,0,"Trisopterus minutus","Trisopterus","Gadiformes","Actinopterygii",1,"species","twocon",5,"caccgcggttatacgagagacccaaattgataaaaacggcgtaaagcgtggttaagagaacaaaaagatacggccgaacagattcaaagcagttatacgcattcgaaacaacgaagatcaaacacgaaggttgccctaaaaaactctgattccacgaaagctacggca"
"154","dme2_000105204",0,0,0,0,2,0,0,0,0,0,0,0,0,"Anguilla anguilla","Anguilla","Anguilliformes","Actinopterygii",1,"species","twocon",2,"caccgcggttatacgaggggctcaaattgatattacacggcgtaaagcgtgattaaaaaacaaaaaagctaaagccaaacacttcccaagctgtcatacgctaccggaacataaacgaagccctataacgatagtagctttaacacccttgaactcacgacagttgaggaa"
"155","dme2_000112918",0,0,0,0,0,0,0,0,0,0,0,3,0,"Trisopterus esmarkii","Trisopterus","Gadiformes","Actinopterygii",1,"species","twocon",3,"caccgcggttatacgagagacccaaattgataaaaactgcgtaaagcgtgttaagaagacaaaaaaatacggccgaacagattcaaagcagttatacgcattcgaaacaacgaagatcaagcacgcaagttgccctaaaaaactctgaccccacgaaagccataaaa"
"156","dme2_000119826",0,0,0,0,0,0,4,0,0,0,0,0,0,"Salmo salar","Salmo","Salmoniformes","Actinopterygii",1,"species","twocon",6,"ctccgcggttatacgagaggcccgagtggagaactaccggcggaaagaggggggacggaaaaatatttaataaagccgaacaccccctcagccgtcatacgcacctgggggcacgaagatctactacgaaagcagctttaattatacctgaacccacgacagctacgaca"
"157","dme2_000122423",0,0,0,0,1,0,1,0,0,0,0,0,0,"Scomber scombrus","Scomber","Scombriformes","Actinopterygii",1,"species","threecon",2,"ctccgcggttatacgataggcccaagttgacagaccccggcgtaaagcggggggagggaaagtttaaaactaaagccgaacaccttcagggcagtcatacgcttccgaaggcacgaagcccctccacgaaagtggctttactacccccgaccccacgaaagctaggaca"
"158","dme2_000127115",0,0,0,0,0,0,0,0,2,0,0,0,0,"Molva molva","Molva","Gadiformes","Actinopterygii",0.98,"species","twocon",2,"taccgaggttatacgagagacccaagttgatgaaaaacggcgtaaagcgtggttaaggaaataagaagaatagggccgaacaacctcaaagcagttatacgcattcgaggtcacgaagtacagtcacgaaagtggccctactaaatccctgattccacgaaagccataaaa"
"159","dme2_000130428",0,0,0,0,0,2,1,0,0,0,0,0,0,"Salmo salar","Salmo","Salmoniformes","Actinopterygii",1,"species","twocon",4,"caccgcggttatacgagaggccctagttgataactaccggcgtaaagagtggttacggaaaaatatttaataaagccgaacaccccctcagccgtcatacgcacctgggggcacgaagatctactacgaaagcagctttaattatccctgaccccccgacagctacgaca"
"160","dme2_000136989",0,0,0,0,0,0,0,4,0,0,0,0,0,"Ammodytes","Ammodytes","Perciformes/Uranoscopoidei","Actinopterygii",0.988165680473373,"genus","threecon",5,"caccgcggttatacgagaggcccaagctgatagaccccggcgtaaagagtggttaagataaacttaaaactaaagccgaacaccctcacagctgttatacgcacccgagagtaagaagcccaactacgaaagtggctttacaacccctgaacccacgaaagctatga"
"161","dme2_000140327",0,0,0,0,0,1,0,4,0,0,0,0,0,"Gadus","Gadus","Gadiformes","Actinopterygii",1,"genus","twocon",6,"ctccgcggttatacgagaggcccaaattgatgaaaaacggcggaaagcggggggaagaaaaaagagaaaatatggccgaacagcttcaaagcagttatacgcatccgaagtcacgaagaacaatcacgaaagttgccctaaaacctccgattccacgaaagccataaaa"
"162","dme2_000141834",0,0,0,0,0,0,0,0,0,3,1,2,0,"Trisopterus minutus","Trisopterus","Gadiformes","Actinopterygii",1,"species","twocon",6,"caccgcggttatacgagagacccaaattgataaaaacggcggaaagcggggggaagaaaacaaaaagatacggccgaacagattcaaagcagttatacgcattcgaaacaacgaagatcaaacacgaaggttgccctaaaaaactctgattccacgaaagccataaaa"
"163","dme2_000148001",0,0,0,0,0,0,0,0,0,0,2,0,0,"Trisopterus minutus","Trisopterus","Gadiformes","Actinopterygii",1,"species","twocon",2,"cgccgcggttatacgagagacccaaattgataaaaacggcgtaaagcgtggttaagaaaacaaaaagatacggctgaacagattcaaagcagttatacgcattcgaaacgacgaagatcaaacacgaaggttgccctaaaaaactctggttccacgaaagccataaaa"
"164","dme2_000153537",0,0,0,0,0,0,0,0,0,0,2,0,0,"Trisopterus minutus","Trisopterus","Gadiformes","Actinopterygii",1,"species","twocon",2,"caccgcggttatacgagagacccaaaatgataaaaacggcgtaaagcgtggttaagaaaacaatgagatacggccgaacagattcaaagcagttatacgcattcgaaacaacgaagatcaaacacgaaggttgccctaaaaacctctgattccacgaaagccataaag"
"165","dme2_000156242",0,0,0,0,1,2,0,0,0,0,0,0,0,"Taurulus bubalis","Taurulus","Scorpaeniformes","Actinopterygii",1,"species","threecon",4,"caccgcggttatacgagaggcccaagttgacaaacaccggcgtaaagcgtggttagggaaaactcacactaaagccaaacatcttccaggctgttatacgcaactgaagataggaagttcaaccacgaaagtggctttaccagacctgaatccacgaaagctaggaca"
"166","dme2_000167624",0,0,0,0,0,0,0,3,0,0,0,0,0,"Salmo salar","Salmo","Salmoniformes","Actinopterygii",0.99,"species","twocon",3,"caccgcggttatacgagaggccctggttgataactaccggcgtaaagagtggttacggaaaaatatttaataaagccgaacaccccctcagccgtcatacgcacctgggggcacggagatctactacgaaagcagctttaattatacctgaacccgcgacagctacgaca"
"167","dme2_000176976",0,0,0,0,0,0,0,0,0,0,0,3,0,"Trisopterus esmarkii","Trisopterus","Gadiformes","Actinopterygii",0.98,"species","twocon",3,"caccgcggttatacgagagacccaaattgataaaaacggcgtaaagcgtggttaagaagacaaaaaaatacggccgaacagattcagagcagttatacgcattcgaaacaacgaagatcgagcacgcaagttgccctaaaaaactctggccccacgaaagccataaaa"
