"","X","id","sample.10Ae60BLUE_MPEtB","sample.10Be120BLUE_MPEtA","sample.10Ce120BLUE_MPEtB","sample.10De240BLUE_MPEtB","sample.10Ee240BLUE_MPEtA","sample.10FeBLUE_MPEtA_RA","sample.10GeBLUE_MPEtB_RB","sample.10HeBLUE_MPEtC_DA","sample.11AeBLUE_MPEtD_DB","sample.11Be_EBMay_13extblank","sample.11Ce_EBJun_12extblank","sample.11De_EBJun_19extblank","sample.11EeBLUE_FBEt_fieldb","sample.11Fe_negativePCRcontrol","sample.8CeBLUE_eDNA_FBblank","sample.8DeBLUE_eDNAA_bottle1","sample.8EeBLUE_eDNAB_bottle2","sample.8FeBLUE_eDNAC_bottle3","sample.8GeBLUE_eDNAD_bottle4","sample.8HeBLUE_MPEtA_RA","sample.9AeBLUE_MPEtB_RB","sample.9BeBLUE_MPEtC_DA","sample.9CeBLUE_MPEtD_DB","sample.9De10BLUE_MPEtA_","sample.9Ee10BLUE_MPEtB_","sample.9Fe30BLUE_MPEtA_","sample.9Ge30BLUE_MPEtB_","sample.9He60BLUE_MPEtA_","final_name","final_genus","final_order","final_class","pid","final_rank","method_assign","total_reads","sequence"
"1",1,"dme2_000000002",458,21,0,76,75,0,15,9,9,0,0,0,0,0,0,14,6,12,7,7,83,6,7,0,4110,2680,86,35,"Salmo salar","Salmo","Salmoniformes","Actinopterygii",1,"species","threecon",7716,"caccgcggttatacgagaggccctagttgataactaccggcgtaaagagtggttacggaaaaatatttaataaagccgaacaccccctcagccgtcatacgcacctgggggcacgaagatctactacgaaagcagctttaattatacctgaacccacgacagctacgaca"
"2",2,"dme2_000000003",212,251,49,93,41,96,164,412,262,8175,0,9839,32715,0,42,521,795,326,389,178,315,1099,370,6780,11593,12,225,102,"Homo sapiens","Homo","Primates","Mammalia",1,"species","human_assign",75056,"caccgcggtcacacgattaacccaagtcaatagaagccggcgtaaagagtgttttagatcaccccctccccaataaagctaaaactcacctgagttgtaaaaaactccagttgacacaaaatagactacgaaagtggctttaacatatctgaacacacaatagctaagacc"
"3",3,"dme2_000000005",526,1107,12163,2070,968,122,1001,1319,1510,0,0,0,0,0,0,1542,565,1263,1571,221,2122,632,459,15,0,509,565,502,"Carcharias taurus","Carcharias","Lamniformes","Elasmobranchii",1,"species","threecon",30752,"caccgcggttatacgagtaacttatattaatacttcccggcgtaaagagtgatttaagaaacatctacaataactaaagttgagaccttaccaagctgttacacgcacccataaatggaaacatcaacaacgaaagtgactttaccctactagaaatcttgatgtcacgacagttagaccc"
"4",4,"dme2_000000008",40,118,20,70,36,0,12,40,66,0,0,0,0,0,0,112,77,97,69,104,299,58,18,0,0,41,199,181,"Paranthias colonus","Paranthias","Perciformes/Serranoidei","Actinopterygii",1,"species","twocon",1657,"taccgcggttatacgagaggcccaagttgataagcatcggcgtaaagagtggttatggttaaataaatactaaagctgaacacttacaaagctgttatacgctcccgaaaataagaagaacaactacgaaagtggctttattacacccgaacccacgaaagccaaggca"
"5",5,"dme2_000000013",90,1114,180,778,922,6786,3935,3430,1510,0,0,0,0,0,0,1700,657,1301,917,383,6052,10883,5661,0,1118,164,654,226,"Gnathanodon speciosus","Gnathanodon","Carangiformes","Actinopterygii",1,"species","twocon",48461,"caccgcggttatacgaggggctcaagttgacagacaacggcgtaaagcgtggttaaggaaaatattcaactaaagcggaacctcctcacagctgttatacgcttccgaggaagtgaaccccaactacgaaagtggctttaccctacctgaacccacgaaagctaagaaa"
"6",6,"dme2_000000022",963,4625,401,2598,1568,205,639,912,1960,0,0,0,0,0,0,3515,1707,3210,3092,680,3454,1207,396,0,459,165,4110,505,"Carcharias taurus","Carcharias","Lamniformes","Elasmobranchii",1,"species","threecon",36371,"caccgcggttatacgagtaacttatattaatacttcccggcgtaaagagtgatttaagaaacatctacaataactaaagttgagacctcaccaagctgttacacgcacccataaatagaaatatcaacaacgaaagtgactttaccctactagaaatcttgatgccacgacagttagactc"
"7",7,"dme2_000000027",785,1266,372,482,809,462,2477,234,1042,0,0,0,0,0,0,1637,281,537,425,353,3315,503,404,306,0,1667,6993,37,"Trachinotus blochii","Trachinotus","Carangiformes","Actinopterygii",0.98,"species","threecon",24387,"caccgcggttatacgagttggcccaagttgacagacaacggcgtaaagagtggttaaggaaaataaaaactaaagccgaacaccttcaaagctgtcatacgctcccgaagatatgaagcccaaccacgaaagtgactttacactacctgaacccacgaaagctaagaaa"
"8",8,"dme2_000000029",0,0,0,0,0,0,0,0,0,0,0,0,0,0,0,0,0,0,0,0,10,0,0,0,0,0,0,0,"Trisopterus minutus","Trisopterus","Gadiformes","Actinopterygii",1,"species","twocon",10,"caccgcggttatacgagagacccaaattgataaaaacggcgtaaagcgtggttaagaaaacaaaaagatacggccgaacagattcaaagcagttatacgcattcgaaacaacgaagatcaaacacgaaggttgccctaaaaaactctgattccacgaaagccataaaa"
"9",9,"dme2_000000033",5482,2005,689,3752,3028,2695,15166,3126,10772,9,0,0,7,0,0,3999,6048,3305,3824,3279,58413,6794,3439,479,1748,6047,1661,692,"Hypanus americanus","Hypanus","Myliobatiformes","Elasmobranchii",1,"species","twocon",146459,"caccgcggttatacgagtaacccaaattaatatttcacggcgttaagggtgattagaaatatcttactcaaaataaagttaagaccccattaagctgtcatacgctatcatgcttaaaaacaccactcacgaaagtaactttatacaaacagagtttttgacttcacgacagttaagacc"
"10",10,"dme2_000000034",0,0,0,0,0,0,0,0,0,0,0,0,0,0,0,0,0,0,0,107,430,998,0,0,0,0,0,0,"Gymnothorax funebris","Gymnothorax","Anguilliformes","Actinopterygii",1,"species","twocon",1535,"aaccgcggttatacgagaggcccaaattgacacattacggcgtaaagtgtgattagagacgaaactagactagaaccaaacaccccttatgctgtcatacgctatgggggtcacgaagcccaacaacgaaagtggttctataaaccttgaactcacgacagctaaggta"
"11",11,"dme2_000000035",0,0,0,0,743,0,49,25535,73,0,0,0,0,0,0,356,208,100,8,7,84,28,10,0,0,0,0,12,"Odonus niger","Odonus","Tetraodontiformes","Actinopterygii",1,"species","threecon",27213,"caccgcggttatacgagaggcccaagctgacagacaccggcgtaaagagtggttaggaaaacacgataaattagagccgaacgctcccaaagctgtcatacgcacccgagagtaagaagtacaacaacgaaagtagctctattaattctgaacccacgaaagctaaggca"
"12",13,"dme2_000000064",182,374,135,746,1830,105,2200,470,1674,0,0,0,0,0,0,3439,2953,4219,1643,4041,34567,2929,1654,8,0,8,0,0,"Scomber","Scomber","Scombriformes","Actinopterygii",1,"genus","threecon",63177,"caccgcggttatacgataggcccaagttgacagaccccggcgtaaagcgtggttagggaaaactcaaaactaaagccgaatatcttcagggcagttatacgcttccgaagacacgaagcccttccacgaaagtgactttattacccccgaccccacgaaagctaggaca"
"13",14,"dme2_000000066",7079,812,168,1501,514,52,140,359,445,0,0,0,0,0,0,2845,493,1795,1057,101,709,104,36,21,464,50,6,772,"Ginglymostoma cirratum","Ginglymostoma","Orectolobiformes","Elasmobranchii",1,"species","threecon",19523,"caccgcggttatacgagtaacccaaattaacactccacggtgtaaagagtgatttaaggaaaaactataaccattaaagttaaaacttcacccaactgttatacgtatacatgaacagaataatcaacaacgaaagtgactttatataatcagtaatcttgatgtcacgacagttagggcc"
"14",15,"dme2_000000081",241,208,70,190,251,11,59,13,72,0,0,0,0,0,0,194,165,128,152,27,286,57,26,0,0,0,20,0,"Lutjanus kasmira","Lutjanus","Eupercaria/misc","Actinopterygii",0.98,"species","threecon",2170,"caccgcggttatacgagagacccgagttgttagacaccggcgtaaagagtggttaagattgactcaaaactaaagccgaacgccctcagagctgttatacgcacccgagggtaagaagcccaatcacgaaagtggctttatcctatccgaacccacgaaagctatgata"
"17",18,"dme2_000000101",2934,8079,418,993,1148,44,84,1077,905,0,0,0,0,0,0,631,1206,554,491,118,6565,431,168,0,0,0,0,643,"Carcharhinus melanopterus","Carcharhinus","Carcharhiniformes","Elasmobranchii",0.99,"species","threecon",26489,"caccgcggttatacgagtaactcatattaacacaccccggcgtaaagagtgattaaagaatgacctttaactactaaagtttagacctcataaaactgttatacgtacccatgagtggaataaacaataacgaaagtgactttataaatcaaggaaccttgatgtcacgacagttggggcc"
"20",21,"dme2_000000116",0,57,0,46,0,0,0,0,0,0,0,0,0,0,0,14,49,0,7,10,89,18,139,0,0,0,0,0,"Heniochus acuminatus","Heniochus","Acanthuriformes","Actinopterygii",1,"species","twocon",429,"caccgcggttatacgagagactcaagttgttagtcatcggcgtaaagagtggttaagataaaacataaactaaagccgaacgccttcagggctgtcgtacgcttacgaaggtaagaagctcaactacgaaagtggctttacccaaatctgaacccacgaaagctaggaaa"
"21",22,"dme2_000000137",0,63,61,39,0,24,676,54,229,0,0,0,0,0,0,181,60,140,74,204,232,200,604,0,0,0,0,0,"Gnathanodon speciosus","Gnathanodon","Carangiformes","Actinopterygii",1,"species","twocon",2841,"caccgcggttatacgaggggctcaagttgacagataacggcgtaaagcgtggttaaggaaaatattcaactaaagcggaacctcttcacagctgttatacgcttccgaagaagtgaaccccaactacgaaagtggctttaccctgcctgaacccacgaaagctaagaaa"
"22",23,"dme2_000000146",0,176,166,121,211,9,52,26,34,0,0,0,0,0,0,374,125,324,119,25,246,69,56,0,0,61,588,214,"Anisotremus virginicus","Anisotremus","Eupercaria/misc","Actinopterygii",1,"species","twocon",2996,"caccgcggttatacgagaggcccgagttgataattgccggcgtaaagagtggttaagatcaactaaaaactaaggccaaaagccctcacagctgttatacgcactcgagggtaggaagcccaattacgaaagtggccttacaatatctgaacccacgaaagctagggta"
"23",24,"dme2_000000163",0,0,0,1320,664,0,0,0,0,0,0,0,0,0,0,1013,864,1761,732,0,0,0,0,0,0,0,0,0,"Clupeinae","None","Clupeiformes","Actinopterygii",0.994186046511628,"subfamily","ecotag",6354,"caccgcggttatacgagagaccctagttgatatactcggcgtaaagagtggttatggaaaacaagcactaaagccaaagagccctcaggccgttatacgcacccggggcctcgagccactatcacgaaagtagctttaccctcgcccaccagaacccacgagagctgggaca"
"24",25,"dme2_000000178",1443,2324,1118,1280,1845,530,480,300,756,0,0,0,0,0,0,1240,748,1194,1306,212,2335,523,127,123,1075,1669,324,2606,"Abudefduf","Abudefduf","Ovalentaria/misc","Actinopterygii",1,"genus","threecon",23558,"caccgcggttatacgagaggctcaagttgacagacaacggcgtaaagagtggttaaggaacttattaaactaaagccgaacgccctcagaactgttatacgtttccgaaggtaagaagccccaccacgaaagtgactttattttccccgactccacgaaagctgcgtaa"
"25",26,"dme2_000000204",0,94,0,84,0,0,0,0,11,0,0,0,0,0,0,0,0,0,7,0,21,10,0,66,655,589,6,0,"Sus scrofa","Sus","Artiodactyla","Mammalia",1,"species","ecotag",1543,"caccgcggtcatacgattaacccaaattaatagatccacggcgtaaagagtgtttaagaaaaaaaaaccacaatagagttaaattataactaagctgtaaaaagccctagttaaaataaaataacccacgaaagtgactctaataatcctgacacacgatagctaggacc"
"26",27,"dme2_000000207",10,50,27,57,34,8,19,37,89,0,0,0,0,0,0,114,31,96,94,0,16,29,19,0,0,6,22,19,"Carcharias taurus","Carcharias","Lamniformes","Elasmobranchii",1,"species","threecon",777,"caccgcggttatacgagtaacttatattaatacttcccggcgtaaagagtgatttaagaaacatctacaataactaaagttgagaccttaccaagctgttacacgcacccataaatggaaacatcaacaacgaaagtgactttaccctactagaaatcttgatgccacgacagttagactc"
"27",28,"dme2_000000214",101,0,0,9,19,0,0,0,0,0,0,0,0,0,0,0,0,0,0,0,125,8,0,0,0,56,0,501,"Gadus","Gadus","Gadiformes","Actinopterygii",1,"genus","threecon",819,"caccgcggttatacgagaggcccaaattgatgaaaaacggcgtaaagcgtggttaagaaaaaagagaaaatatggccgaacagcttcaaagcagttatacgcatccgaagtcacgaagaacaatcacgaaagttgccctaaaacctccgattccacgaaagccataaaa"
"28",29,"dme2_000000258",0,0,0,32,14,0,0,0,0,0,0,0,0,0,0,50,28,66,48,0,20,0,0,0,0,0,0,0,"Ammodytes","Ammodytes","Perciformes/Uranoscopoidei","Actinopterygii",1,"genus","threecon",258,"caccgcggttatacgagaggcccaagctgatagaccccggcgtaaagagtggttaagataaacttaaaactaaagccgaacaccctcacagctgttatacgcacccgagagtaagaagcccaactacgaaagtggctttacaacccctgaacccacgaaagctatgaca"
"29",30,"dme2_000000259",0,338,12,0,109,0,7,29,46,0,0,0,0,0,0,266,497,197,125,690,3570,476,41,45,0,0,0,38,"Heterodontus","Heterodontus","Heterodontiformes","Elasmobranchii",1,"genus","twocon",6486,"caccgcggttatacgagtaactcatattaatactttacggcgtaaagagtggtttaagaacatcttataataactaaagctaagacctcatctagctgttacacgcattcatgggcagaaccaccaacaacgaaagtgactttattaaaccagaaatcttgaccccacgacagttaagccc"
"30",31,"dme2_000000264",0,0,0,694,0,0,0,10,0,0,0,0,0,0,0,9,21,49,9,12,0,26,263,0,0,0,0,0,"Epinephelus lanceolatus","Epinephelus","Perciformes/Serranoidei","Actinopterygii",1,"species","twocon",1093,"taccgcggttatacgagaggcccaagttgacaagctccggcgtaaagcgtggttaaggaataataaacactaaagccgaacgcttactagactgttatacgtttccgaaagtaagaagcacatccacgaaggtggctttaccttacctgaacccacgaaagccaaggca"
"31",32,"dme2_000000269",0,0,0,0,0,0,0,0,0,0,0,0,0,0,0,0,0,0,0,0,0,0,0,0,2738,0,0,0,"Hippoglossus","Hippoglossus","Pleuronectiformes","Actinopterygii",1,"genus","threecon",2738,"caccgcggttatacgagaggcccaagttgacaaacaacggcgtaaagagtggttaggggatttactaaactagagccgaacgctttcaaagctgttatacgcacccgaaagtatgaaacccaattacgaaagtagctctactcatcctgaacccacgaaagctaagaaa"
"32",33,"dme2_000000286",10,51,41,54,35,0,25,58,83,0,0,0,0,0,0,87,35,87,92,8,26,31,12,0,0,0,18,12,"Carcharias taurus","Carcharias","Lamniformes","Elasmobranchii",1,"species","threecon",765,"caccgcggttatacgagtaacttatattaatacttcccggcgtaaagagtgatttaagaaacatctacaataactaaagttgagacctcaccaagctgttacacgcacccataaatagaaatatcaacaacgaaagtgactttaccctactagaaatcttgatgtcacgacagttagaccc"
"33",34,"dme2_000000289",0,0,0,0,0,0,0,328,0,0,0,0,0,0,0,0,0,0,0,0,0,0,0,0,0,0,0,0,"Gnathanodon speciosus","Gnathanodon","Carangiformes","Actinopterygii",1,"species","twocon",328,"caccgcggttatacgaggggctcaagttgacagacaacggcgtaaagcgtggttaaggaaaatattcaactaaagcggaacctcctcacagctgttatacgcttccgaggaagtgaaccccaactacgaaagtggctttaccctacctgaacccacgaaagctaaggca"
"34",35,"dme2_000000302",0,283,166,189,0,7,15,38,63,0,0,0,0,0,0,427,78,197,199,38,167,40,13,0,0,0,120,176,"Pseudocaranx dentex","Pseudocaranx","Carangiformes","Actinopterygii",1,"species","twocon",2216,"caccgcggttatacgagaggctcaagttgacagacaacggcgtaaagagtggttaaggaaaatatttaactaaagcggaacatcctcataactgtcatacgcttccgaggaaatgaaccccaactacgaaggtggctttacttaacctgaatccacgaaagctaagaaa"
"35",36,"dme2_000000307",0,0,0,0,0,0,0,0,11,0,0,0,0,0,0,12,50,0,0,0,107,9,0,0,0,0,0,0,"Monodactylus argenteus","Monodactylus","Eupercaria/misc","Actinopterygii",0.99,"species","threecon",189,"caccgcggttatacgagagacccaagttgatagacatcggcgtaaagagtggttaagacagatttgacactaaagccgaacgccctcaaagctgttatacgcacccgagggtaagaagttcaactacgaaagtggctttattacatctgaatccacgaaagctatgaca"
"36",37,"dme2_000000310",0,0,0,0,0,0,0,0,0,0,0,0,0,0,0,0,0,6,0,0,8,0,0,0,0,0,0,0,"Anisotremus virginicus","Anisotremus","Eupercaria/misc","Actinopterygii",1,"species","twocon",14,"caccgcggttatacgagaggcccgagttgataattgccggcgtaaagagtggttaagatcaactaaaaactaaggccaaaagccctcacagctgttatacgcactcgagggtaggaagcccaattacgaaagtggccttacaatatctgaacccacgaaagctaggaca"
"39",40,"dme2_000000365",0,0,0,0,82,0,0,0,0,0,0,0,0,0,0,0,0,0,0,0,0,0,0,0,0,0,0,0,"Molva molva","Molva","Gadiformes","Actinopterygii",1,"species","twocon",82,"caccgcggttatacgagagacccaagttgatgaaaaacggcgtaaagcgtggttaaggaaataaaaagaatagggccgaacaacctcaaagcagttatacgcattcgaggtcacgaagcacagtcacgaaagtggccctactaaatccctgattccacgaaagccataaaa"
"40",41,"dme2_000000400",0,10,0,0,0,0,0,9,6,0,0,0,0,0,0,32,11,17,13,0,0,10,6,0,0,0,0,0,"Pseudocaranx dentex","Pseudocaranx","Carangiformes","Actinopterygii",1,"species","twocon",114,"caccgcggttatacgaggggctcaagttgacagacaacggcgtaaagcgtggttaaggaaaatatttaactaaagcggaacatcctcataactgtcatacgcttccgaggaaatgaaccccaactacgaaggtggctttacttaacctgaatccacgaaagctaagaaa"
"42",43,"dme2_000000411",0,234,0,219,201,0,0,0,24,0,0,0,0,0,0,71,19,234,21,0,39,201,8,0,0,0,0,56,"Clupea harengus","Clupea","Clupeiformes","Actinopterygii",1,"species","threecon",1327,"caccgcggttatacgagagaccctagttgatatattcggcgtaaagagtggttatggagaacaagcactaaagccaaagagccctcaggccgttatacgcacccggggcctcgaaccactatcacgaaagtagctttaccctagcccaccagaacccacgagagctgggaca"
"43",44,"dme2_000000424",0,141,1700,0,113,0,10,0,9,0,0,0,0,0,0,52,56,93,55,31,34,34,18,0,0,0,0,49,"Chiloscyllium punctatum","Chiloscyllium","Orectolobiformes","Elasmobranchii",1,"species","threecon",2395,"caccgcggttatacgagtaacccaaattaatactccacggtgtaaagagtgatttaaggaaaaactataaaaacctaaagttaagatttcatccaaccgtcatacgtatccatgaatagaatgatcaacaacgaaagtaactttacttaaccagtaatcttgacgtcacgacagttaggacc"
"44",45,"dme2_000000438",0,0,6,250,108,0,22,17,220,0,0,0,0,0,0,92,27,70,239,168,153,130,140,0,0,59,0,0,"Stegostoma tigrinum","Stegostoma","Orectolobiformes","Elasmobranchii",1,"species","twocon",1701,"caccgcggttatacgagtaacccaaattaacactccacggtgtaaagagtgatttaaggaaaaactataatcattaaagctaaaatctcatccaactgttatacgtacacatgagtagaataaccaataacgaaagtgactttataccattagcaatcttgacgtcacgacaattaggacc"
"45",46,"dme2_000000484",0,0,0,0,0,0,14,0,0,0,0,0,0,0,0,0,0,0,8,12,74,0,0,0,0,0,0,0,"Balistes vetula","Balistes","Tetraodontiformes","Actinopterygii",1,"species","threecon",108,"caccgcggttatacgagaggcccaagttgatagccaccggcgtaaagagtggttaagaaactacaataaattagagccgaacgctttcaaggctgttatacgcacccgagagtaagaagcacgacaacgaaagtgactctattaattctgaacccacgaaagctaaggta"
"47",48,"dme2_000000610",0,84,56,0,0,94,7,6,11,0,0,0,0,0,0,68,25,49,228,0,217,15,9,0,0,0,0,0,"Megalops atlanticus","Megalops","Elopiformes","Actinopterygii",1,"species","threecon",869,"caccgcggttatacgagaagtccaaattgacagccacccggcgtaaagagtggttataggacgcccacccaactaaagccaaagcccctcccagctgtcatacgcacctgaagagacgaggcccaaccacgaaagtagctttaactaataaacccctagaacccacgacagccaagaca"
"48",49,"dme2_000000658",0,0,37,24,323,18,0,27,9,0,0,0,0,0,0,158,24,61,151,0,127,20,0,23,0,0,0,41,"Glaucostegus cemiculus","Glaucostegus","Rhinopristiformes","Elasmobranchii",1,"species","threecon",1043,"caccgcggttatacgagtgacatacattaatactttcacggcgtaaagggtgattaaaaacaatctaaaaatactaaagttaaaaactcgtcaagctgtcatacgctctcatgaactaaaaatacaccaacgaaagtgactttatcaaaaaagaacttttgacctcacgatagttaagacc"
"50",51,"dme2_000000709",0,0,0,0,0,8,32,17,0,0,0,0,0,0,0,0,6,9,0,0,36,44,19,0,7,0,0,0,"Gnathanodon speciosus","Gnathanodon","Carangiformes","Actinopterygii",1,"species","twocon",178,"caccgcggttatacgaggggctcaagttgacagacaacggcgtaaagcgtggttaaggaaaatattcaactaaagcggaacctcctcacagctgttatacgcttccgaggaagtgaaccccaactacgaaagtggctttaccctacctgaacccacgaaagctaagacc"
"51",52,"dme2_000001028",0,0,0,0,0,0,0,9,0,0,0,0,0,0,0,0,0,0,0,0,0,0,0,0,0,0,0,0,"Odonus niger","Odonus","Tetraodontiformes","Actinopterygii",1,"species","threecon",9,"caccgcggttatacgagttggcccaagttgacagacaccggcgtaaagagtggttaggaaaacacgataaattagagccgaacgctcccaaagctgtcatacgcacccgagagtaagaagtacaacaacgaaagtagctctattaattctgaacccacgaaagctaaggca"
"53",54,"dme2_000001083",0,0,0,178,0,0,0,0,14,0,0,0,0,0,0,47,35,20,31,0,51,86,0,0,0,0,0,125,"Chiloscyllium griseum","Chiloscyllium","Orectolobiformes","Elasmobranchii",1,"species","threecon",587,"caccgcggttatacgagtaacccaaattaatattctacggtgtaaagagtgatttaaggaaaaactgcaaaaactaaagttaagatttcatctaaccgtcatacgtatttatgaacagaataatcaataacgaaagtaactttacctaattagtaatcttgatgtcacgacagttaggatc"
"54",55,"dme2_000001352",0,28,0,0,19,86,96,22,26,0,0,0,0,0,0,51,14,24,16,0,37,69,48,0,0,9,15,0,"Trachinotus blochii","Trachinotus","Carangiformes","Actinopterygii",1,"species","twocon",560,"caccgcggttatacgaggggctcaagttgacagacaacggcgtaaagagtggttaaggaaaataaaaactaaagccgaacaccttcaaagctgtcatacgctcccgaagatatgaagcccaaccacgaaagtgactttacactacctgaacccacgaaagctaagaaa"
"55",56,"dme2_000001371",0,7,0,0,0,0,0,0,0,0,0,0,0,0,0,10,0,6,0,0,0,0,0,0,0,0,0,0,"Carcharias taurus","Carcharias","Lamniformes","Elasmobranchii",1,"species","threecon",23,"caccgcggttatacgagtaacttatattaatacttcccggcgtaaagagtgatttaagaaacatctacaataactaaagttgagacctcaccaagctgttacacgcacccataaatagaaatatcaacaacgaaagtgactttaccctactagaaatcttgatgccacgacagttagggcc"
"57",58,"dme2_000001469",0,0,0,0,0,0,0,0,0,0,0,0,0,0,0,0,0,0,0,0,756,0,0,0,0,0,0,0,"Caesio cuning","Caesio","Eupercaria/misc","Actinopterygii",1,"species","threecon",756,"caccgcggttatacgagagacccaagttgatagtcaccggcgtaaagagtggttaagactacacttaacactaaagccgaacgccctcagagctgttatacgcatccgaaggtaagaagcccaaccacgaaagtggctttataatatctgaatccacgaaagctatgata"
"60",61,"dme2_000001638",0,9,0,0,0,0,0,0,8,0,0,0,0,0,0,0,14,0,0,0,76,0,0,0,0,0,0,0,"Carcharhinus melanopterus","Carcharhinus","Carcharhiniformes","Elasmobranchii",0.98,"species","threecon",107,"caccgcggttatacgagtaactcatattaacacaccccggcgtaaagagtgattaaagaatgacctttaactactaaagtttagacctcataaaactgttatacgtacccatgagtggaataaacaataacgaaagtgactttataaatcaaggaaccttgatgtcacgacagttaagacc"
"62",63,"dme2_000001675",0,0,0,0,0,0,0,0,0,0,0,0,0,0,0,0,0,0,0,0,0,0,0,0,14,7,0,0,"Salmo salar","Salmo","Salmoniformes","Actinopterygii",1,"species","threecon",21,"caccgcggttatacgagaggccctagttgataactaccggcgtaaagagtggttacggaaaaatatttaataaagccgaacaccccctcagccgtcatacgcacctgggggcacgaagatctactacgaaagcagctttaattatacctgaacccacgacagctacga"
"64",65,"dme2_000001795",0,0,0,0,0,0,0,0,0,0,0,0,0,0,0,0,0,0,0,0,27,0,0,10,0,351,37,0,"Sus scrofa","Sus","Artiodactyla","Mammalia",1,"species","ecotag",425,"caccgcggtcatacgattaacccaaattaatagatccacggcgtaaagagtgtttaagaaaaaaaatcacaatagagttaaattataactaagctgtaaaaagccctagttaaaataaaataacccacgaaagtgactctaataatcctgacacacgatagctaggacc"
"66",67,"dme2_000001882",0,0,0,0,0,0,0,0,0,0,0,0,0,0,0,6,6,26,16,0,0,0,0,0,0,0,0,0,"Gadidae","None","Gadiformes","Actinopterygii",1,"family","ecotag",54,"caccgcggttatacgagaggcccaaattgatgaaaaacggcgtaaagcgtggttaagaaaataagagaaaatatggccgaacaacttcaaagcagttatacgcatccgaagtcacgaagaacaatcacgaaagttgccctaaagcctccgattccacgaaagccataaaa"
"67",68,"dme2_000001902",0,0,0,0,0,0,0,0,21,0,0,0,0,0,0,19,147,35,43,0,21,0,0,0,0,0,0,16,"Chiloscyllium punctatum","Chiloscyllium","Orectolobiformes","Elasmobranchii",1,"species","threecon",302,"caccgcggttatacgagtaacccaaattaatactccacggtgtaaagagtgatttaaggaaaaactataaaaactaaagttaagatttcatccaaccgtcatacgtatccatgaatagaatgatcaataacgaaagtaactttacttaaccagtaatcttgacgtcacgacagttaggacc"
"68",69,"dme2_000001924",34,0,0,0,0,0,0,0,0,0,0,0,0,0,0,11,0,0,0,0,0,0,0,0,0,0,0,0,"Canis","Canis","Carnivora","Mammalia",1,"genus","ecotag",45,"caccgcggtcatacgattaacccaaactaataggcctacggcgtaaagcgtgttcaagatacttttacactaaagttaaaacttaactaagccgtaaaaagctacagttatcataaaataaaccacgaaagtgactttataataatctgactacacgatagctaagacc"
"69",70,"dme2_000002024",0,0,0,0,0,0,0,25,0,0,0,0,0,0,0,8,7,0,0,15,128,23,8,0,0,0,0,0,"Hypanus","Hypanus","Myliobatiformes","Elasmobranchii",1,"genus","twocon",214,"caccgcggttatacgagtaacccaaattaatatttcacggcgttaagggtgattagaaatatcttactcaaaataaagttaagatcccattaagctgtcatacgctatcatgtttaaaaacaccactcacgaaagtaactttatacagagtttttgacttcacgacagttaagacc"
"70",71,"dme2_000002247",0,88,0,0,0,0,23,0,20,0,0,0,0,0,0,32,64,21,67,0,48,20,30,0,0,0,0,0,"Megalops cyprinoides","Megalops","Elopiformes","Actinopterygii",1,"species","threecon",413,"caccgcggttatacgagaggtccaaattgacagccatcggcgtaaagagtggttatagacccctacacaactaaagccaaaactcctcccagctgtcatacgcacccgaagacaagaggcccaaccacgaaagtagctttaatcacaaacccctagaacccacgacagccaggaca"
"71",72,"dme2_000002391",0,0,0,0,0,0,0,0,0,0,0,0,0,0,0,0,0,0,0,0,0,6,7,0,0,0,0,0,"Gnathanodon speciosus","Gnathanodon","Carangiformes","Actinopterygii",1,"species","twocon",13,"caccgcggttatacgaggggctcaagttgacagacaacggcgtaaagcgtggttaaggaaaatattcaactaaagcggaacctcctcacagctgttatacgcttccgaggaagtgaaccccaactacgaaagtggctttaccctacctgaacccacgagagctgggaca"
"72",73,"dme2_000002536",0,0,0,184,0,0,0,509,16,0,0,0,0,0,0,0,0,0,0,10,91,23,10,0,0,0,0,24,"Lutjanus sebae","Lutjanus","Eupercaria/misc","Actinopterygii",1,"species","twocon",867,"caccgcggttatacgagaggcccaagttgataagtgtcggcgtaaagagtggttaagatttttaccttaaactaaagccgaacgccttcagagctgttatacgcatccgaaggtaagaagcccaatcacgaaagtggctttaccgcatctgactccacgaaagctacggca"
"75",76,"dme2_000002785",0,23,0,10,0,0,0,0,0,0,0,0,0,0,0,0,0,0,0,0,0,0,0,0,0,0,0,0,"Merluccius merluccius","Merluccius","Gadiformes","Actinopterygii",1,"species","twocon",33,"caccgcggttatacgagcggcccaagttgataaaaaacggcgtaaagcgtggttaaaaaatgttaaaactagagccgaataacctcaaagcagttatacgcattcgagaccacgaagcacaattacgaaagtagctctacccgtctttgactccacgaaaaccataaaa"
"77",78,"dme2_000002818",0,0,0,0,0,0,0,0,0,0,0,0,0,0,0,0,8,0,0,0,0,0,0,0,0,0,0,0,"Labroides dimidiatus","Labroides","Eupercaria/misc","Actinopterygii",1,"species","twocon",8,"caccgcggttatacgagagacccaagttgacagccttcggcgtaaagagtggttaagagagacctaacactaaagccaaatgacttcaaagctgttatacgcacatgaaagtacgaagcccaattacgaaagtggctttaaatcttctgactccacgaaagctatgata"
"78",79,"dme2_000002918",0,0,0,0,0,0,0,0,0,0,0,0,0,0,0,0,0,0,0,14,10,0,0,0,0,0,0,0,"Platax","Platax","Ephippiformes","Actinopterygii",0.988165680473373,"genus","ecotag",24,"caccgcggttatacgagagacccaagttgataaacaccggcgtaaagagtggttatgactaacaattaaactaaagccgaacgctatcagagctgttatacgcatccgaaagtaagaagcccaaccacgaaagtagctttacacccctgaacccacgaaagctaggaca"
"79",80,"dme2_000002938",0,11,0,0,10,0,14,0,9,0,0,0,0,0,0,24,0,11,9,0,10,0,0,0,0,0,20,0,"Abudefduf","Abudefduf","Ovalentaria/misc","Actinopterygii",0.982352941176471,"genus","threecon",118,"caccgcggttatacgagttggcccaagttgacagacaacggcgtaaagagtggttaaggaacttattaaactaaagccgaacgccctcagaactgttatacgtttccgaaggtaagaagccccaccacgaaagtgactttattttccccgactccacgaaagctgcgtaa"
"81",82,"dme2_000003068",0,0,0,0,0,0,0,0,0,0,0,0,0,0,0,0,31,0,0,0,0,0,0,0,0,0,0,0,"Diodon","Diodon","Tetraodontiformes","Actinopterygii",1,"genus","twocon",31,"caccgcggttatacgagaggcccaagttgttaggcatcggcgtaaagggtggttaaggcaaatctccaaactaaagccgaacatcttccaagccgtcatacgcacacgaagacaagaagcccgataacgaaagtggctctaacctgcctgaacccacgaaagctatgaca"
"82",83,"dme2_000003321",0,0,0,6,0,0,0,0,9,0,0,0,0,0,0,0,0,0,0,0,0,19,9,0,0,0,0,0,"Clupea harengus","Clupea","Clupeiformes","Actinopterygii",1,"species","twocon",43,"caccgcggttatacgagagaccctagttgatatattcggcgtaaagagtggttatggaaaacaagcactaaagccaaagagccctcaggccgttatacgcacccggggcctcgaaccactatcacgaaagtagctttaccctcgcccaccagaacccacgaaagctaagaaa"
"83",84,"dme2_000003345",0,0,0,0,0,0,0,139,0,0,0,0,0,0,0,0,0,0,0,0,0,0,0,0,0,0,0,0,"Odonus niger","Odonus","Tetraodontiformes","Actinopterygii",1,"species","threecon",139,"caccgcggttatacgagaggcccaagctgacagacaccggcgtaaagagtggttaggaaaacacgataaattagagccgaacgctcccaaagctgtcatacgcacccgagagtaagaagtacaacaacgaaagtagctctattaattctgaacccacgaaagctaagaaa"
"85",86,"dme2_000003695",0,0,0,304,0,0,0,0,0,0,0,0,0,0,0,0,0,0,0,0,0,0,0,0,0,40,0,0,"Melanogrammus","Melanogrammus","Gadiformes","Actinopterygii",0.99,"genus","twocon",344,"caccgcggttatacgagaggctcaaattgatgaaaaacggcgtaaagcgtggttaagaaaacaagagaaaatatggccgaacagcttcaaagcagttatacgcatccgaagtcacgaagaacaatcacgaaagttgccttaaaacctctgattccacgaaagccataaaa"
"86",87,"dme2_000003758",0,0,0,0,0,29,43,11,16,0,0,0,0,0,0,27,0,7,7,0,16,11,20,0,0,0,32,0,"Gnathanodon speciosus","Gnathanodon","Carangiformes","Actinopterygii",1,"species","twocon",219,"caccgcggttatacgagttggcccaagttgacagacaacggcgtaaagcgtggttaaggaaaatattcaactaaagcggaacctcctcacagctgttatacgcttccgaggaagtgaaccccaactacgaaagtggctttaccctacctgaacccacgaaagctaagaaa"
"87",88,"dme2_000004354",0,7,0,0,0,0,0,0,0,0,0,0,0,0,0,0,0,0,0,0,0,0,0,0,0,9,0,0,"Trachinotus blochii","Trachinotus","Carangiformes","Actinopterygii",0.99,"species","twocon",16,"caccgcggttatacgagttggcccaagttgacagacaacggcgtaaagagtggttaaggaaaataaaaactaaagccgaacaccttcaaagctgtcatacgctcccgaagatatgaagcccaaccacgaaagtgactttacactacctgaacccacgaaagctgcgtaa"
"88",89,"dme2_000004710",0,0,0,6,0,0,0,0,0,0,0,0,0,0,0,7,0,12,6,0,11,0,0,0,0,0,0,0,"Abudefduf","Abudefduf","Ovalentaria/misc","Actinopterygii",0.982352941176471,"genus","threecon",42,"caccgcggttatacgagaggctcaagttgacagacaacggcgtaaagagtggttaaggaacttattaaactaaagccgaacgccctcagaactgttatacgtttccgaaggtaagaagccccaccacgaaagtgactttattttccccgactccacgaaagctaggaca"
"89",90,"dme2_000005156",0,0,0,48,0,0,6,0,0,0,0,0,0,0,0,0,0,0,0,0,0,0,0,0,0,0,0,0,"Sardina pilchardus","Sardina","Clupeiformes","Actinopterygii",1,"species","threecon",54,"caccgcggttatacgagaggccctagttgatttaatcggcgtaaagagtggttatggagagttaaaaaatagagctgaagacctctcgggccgtaatacgcatccagaagttcgaatcacaaacacgaaagtagctttaccttcttccaccagaatccacgacagctgggaca"
"90",91,"dme2_000005389",0,0,0,7,0,0,30,0,29,0,0,0,0,0,0,16,25,14,9,48,72,54,27,0,0,0,0,0,"Scomber","Scomber","Scombriformes","Actinopterygii",0.988165680473373,"genus","threecon",331,"caccgcggttatacgataggcccaagttgacagaccccggcgtaaagcgtggttagggaaaactcaaaactaaagccgaatatcttcagggcagttatacgcttccgaagacacgaagcccttccacgaaagtgactttattacccccgaccccacgaaagctaagaaa"
"91",92,"dme2_000005562",0,7,0,0,0,0,0,0,22,0,0,0,0,0,0,11,7,8,15,0,14,8,0,0,0,0,0,0,"Carcharias taurus","Carcharias","Lamniformes","Elasmobranchii",1,"species","threecon",92,"caccgcggttatacgagtaacttatattaatacttcccggcgtaaagagtgatttaagaaacatctacaataactaaagttgagacctcaccaagctgttacacgcacccataaatagaaatatcaacaacgaaagtgactttaccctactagaaatcttgatgccacgacagttaagacc"
"93",94,"dme2_000005590",0,78,33,54,0,0,0,43,53,0,0,0,0,0,0,8,0,17,7,7,20,18,47,0,0,0,0,0,"Trachinotus rhodopus","Trachinotus","Carangiformes","Actinopterygii",1,"species","twocon",385,"caccgcggttatacgagttggcccaagttgacagacaacggcgtaaagagtggttaaggaaaataaaaactaaagccgaacatcttcaaagctgtcatacgctcccgaagatatgaagcccaaccacgaaagtgactttacacaacctgaacccacgaaagctaaggaa"
"94",95,"dme2_000005610",0,0,0,0,0,0,0,30,49,0,0,0,0,0,0,10,59,6,14,0,0,0,0,0,0,0,0,0,"Chrysiptera cyanea","Chrysiptera","Ovalentaria/misc","Actinopterygii",1,"species","threecon",168,"caccgcggttatacgagaggcccaagttaacagacaacggcgtaaagcgtggttagggaaatctttaaactaaagccgaacgccctcagagctgtcaaacgcttacgagctaagaagccccattacgaaagtagctttattttacctgaccccacgaaagctgaggaa"
"95",96,"dme2_000005666",12,0,8,8,0,0,0,0,8,0,0,0,0,0,0,33,0,24,32,0,0,0,0,0,0,0,0,0,"Ginglymostoma cirratum","Ginglymostoma","Orectolobiformes","Elasmobranchii",1,"species","threecon",125,"caccgcggttatacgagtaacccaaattaacactccacggtgtaaagagtgatttaaggaaaaactataaccattaaagttaaaacttcacccaactgttatacgtatacatgaacagaataatcaacaacgaaagtgactttatataatcagtaatcttgatgtcacgacagttagaccc"
"96",97,"dme2_000005729",0,0,0,0,34,0,0,0,0,0,0,0,0,0,0,8,0,7,0,9,36,0,0,19,0,0,0,0,"Caesio caerulaurea","Caesio","Eupercaria/misc","Actinopterygii",1,"species","twocon",113,"caccgcggttatacgagagacccgagttgatagacaccggcgtaaagagtggttaagactttacttaacactaaagccgaacgccctcagagctgttatacgcatccgaaggtaagaagcccaaccacgaaagtggctttataacatctgaatccacgaaagctatgata"
"97",98,"dme2_000005740",0,0,11,8,0,0,7,0,33,0,0,0,0,0,0,15,15,15,19,0,19,8,8,0,0,0,0,0,"Hypanus americanus","Hypanus","Myliobatiformes","Elasmobranchii",1,"species","twocon",158,"caccgcggttatacgagtaacccaaattaatatttcacggcgttaagggtgattagaaatatcttactcaaaataaagttaagaccccattaagctgtcatacgctatcatgcttaaaaacaccactcacgaaagtaactttatacaaacagagtttttgacttcacgacagttagaccc"
"99",100,"dme2_000006133",0,0,0,0,0,0,0,0,0,0,0,0,0,0,0,0,0,0,13,0,0,0,0,0,0,0,0,0,"Pomacanthus maculosus","Pomacanthus","Acanthuriformes","Actinopterygii",1,"species","twocon",13,"caccgcggttatacgagtgagcccaagctgttagacatcggcgtaaagcgtggttaagataatccaaacactaaagccgaacgccttctacactgttatacgttccccgaaggtaagaagtccaatcacgaaagtagctttaactatatctgaatccacgaaagctaggaca"
"100",101,"dme2_000006188",0,0,0,14,0,0,0,0,0,0,0,0,0,0,0,27,12,8,6,14,7,0,0,0,0,0,0,17,"Euthynnus","Euthynnus","Scombriformes","Actinopterygii",1,"genus","twocon",105,"caccgcggttatacgagaggcccaagttgacagacaccggcgtaaagcgtggttaaggtaaactaaaactaaagccgaataccttcagggcagttatacgcatccgaaggcacgaagccccaccacgaaagtggctttatgacccctgaccccacgaaagctatgaca"
"101",102,"dme2_000006376",0,0,0,0,0,0,0,0,0,0,0,0,0,0,0,0,0,0,8,0,41,0,0,0,0,0,0,0,"Coris gaimard","Coris","Labriformes","Actinopterygii",1,"species","ecotag",49,"caccgcggttatacgagagacccaagttgatgactttcggcgtaaagagtggttaagagagccccacactaaagccgaacgacctcatagctgttatacgcgcatgaaagtacgaaccccaactacgaaagtggctttaaactcctgaccccacgaaagctaggaaa"
"103",104,"dme2_000007057",0,0,0,0,0,0,0,0,9,0,0,0,0,0,0,0,0,0,0,0,0,0,0,0,0,0,0,0,"Epinephelus","Epinephelus","Perciformes/Serranoidei","Actinopterygii",1,"genus","twocon",9,"taccgcggttatacgagaagcccaagttgacaagctccggcgtaaagcgtggttaagggataataaacactaaagccgaacgcttactaagctgttatacgcttacgaaagtaagaagcacacccacgaaggtggctttatcccacctgaacccacgaaagccaaggca"
"105",106,"dme2_000007666",0,0,0,0,0,0,0,0,0,0,0,0,0,0,0,0,0,0,0,0,8,0,0,0,0,0,0,0,"Hypanus americanus","Hypanus","Myliobatiformes","Elasmobranchii",1,"species","twocon",8,"caccgcggttatacgagtaacccaaattaatatttcacggcgttaagggtgattagaaatatcttactcaaaataaagttaagaccccattaagctgtcatacgctatcatgcttaaaaacaccacacgaaagtaactttatacaaacagagtttttgacttcacgacagttaagacc"
"106",108,"dme2_000008064",0,0,0,0,0,0,16,0,0,0,0,0,0,0,0,15,7,0,0,0,17,0,0,0,0,0,0,0,"Scomber","Scomber","Scombriformes","Actinopterygii",0.988235294117647,"genus","threecon",55,"caccgcggttatacgagttggcccaagttgacagaccccggcgtaaagcgtggttagggaaaactcaaaactaaagccgaatatcttcagggcagttatacgcttccgaagacacgaagcccttccacgaaagtgactttattacccccgaccccacgaaagctaggaca"
"107",109,"dme2_000008263",0,0,0,0,0,0,12,0,0,0,0,0,0,0,0,21,0,6,15,0,24,7,0,0,0,0,0,0,"Lutjanus","Lutjanus","Eupercaria/misc","Actinopterygii",0.982248520710059,"genus","threecon",85,"caccgcggttatacgagagacccgagttgttagacaccggcgtaaagagtggttaagattgactcgaaactaaagccgaacgccctcagagctgttatacgcacccgagagtaagaagcccaaccacgaaagtggctttatcctatccgaacccacgaaagctatgata"
"108",110,"dme2_000008423",0,0,10,19,0,0,0,0,0,0,0,0,0,0,0,11,0,0,0,0,8,0,0,0,0,0,0,26,"Scomber scombrus","Scomber","Scombriformes","Actinopterygii",1,"species","threecon",74,"caccgcggttatacgataggcccaagttgacagaccccggcgtaaagcgtggttagggaaaatttaaaactaaagccgaacaccttcagggcagtcatacgcttccgaaggcacgaagcccctccacgaaagtggctttactacccccgaccccacgaaagctaggaca"
"113",115,"dme2_000009959",0,0,0,0,0,0,0,0,0,0,0,0,0,0,0,7,0,0,0,0,0,0,0,0,0,0,0,0,"Lutjanus kasmira","Lutjanus","Eupercaria/misc","Actinopterygii",0.98,"species","threecon",7,"caccgcggttatacgagagacccgagttgttagacaccggcgtaaagagtggttaagattgactcaaaactaaagccgaacgccctcagagctgttatacgcacccgagggtaagaagcccaatcacgaaagtggctttatcctatccgaacccacgaaagctaagaaa"
"115",117,"dme2_000010229",0,0,0,0,0,0,0,0,0,0,0,0,0,0,0,0,0,0,0,0,26,0,0,0,0,0,0,0,"Monodactylus argenteus","Monodactylus","Eupercaria/misc","Actinopterygii",1,"species","threecon",26,"caccgcggttatacgagagacccaagttgatagacatcggcgtaaagagtggttaagacagatatcgcactaaagccgaacgccctcaaagctgttatacgcacccgagggtaagaagttcaactacgaaagtggctttactccatctgaatccacgaaagctatgaca"
"116",118,"dme2_000010232",0,0,0,0,0,0,0,0,0,0,0,0,0,0,0,0,0,0,0,0,0,0,0,0,0,0,26,0,"Sus scrofa","Sus","Artiodactyla","Mammalia",0.988235294117647,"species","ecotag",26,"caccgcggtcatacgattaacccaaattaatagaaccacggcgtaaagagtgtttaagaaaaaaaaatcacaatagagttaaattataactaagctgtaaaaagccctagttagaataaaataacccacgaaagtgactctaataatcctgacacacgatagctaggacc"
"117",119,"dme2_000010419",0,0,0,0,0,0,15,0,0,0,0,0,0,0,0,0,0,0,0,0,0,7,0,6,0,0,0,0,"Trachinotus blochii","Trachinotus","Carangiformes","Actinopterygii",0.99,"species","twocon",28,"caccgcggttatacgagttggcccaagttgacagacaacggcgtaaagagtggttaaggaaaataaaaactaaagccgaacaccttcaaagctgtcatacgctcccgaagatatgaagcccaaccacgaaagtgactttacactacctgaacccacgaaagctaagacc"
"121",123,"dme2_000010541",0,7,0,0,0,0,0,0,0,0,0,0,0,0,0,0,0,0,0,0,0,0,0,0,0,0,0,0,"Sus","Sus","Artiodactyla","Mammalia",0.988235294117647,"genus","ecotag",7,"caccgcggtcatacgattaacccaaattaatagatccacggcgtaaagggtgtttaagaaaaaaaaacaacaatagagttaaattataactaagctgtaaaaagccctagttaaaataaaataacccacgaaagtgactctaataatcctgacacacgatagctaggacc"
"124",126,"dme2_000010920",0,0,0,0,0,0,0,0,0,0,0,0,0,0,0,0,13,0,0,0,0,0,0,0,0,0,0,0,"Thalassoma","Thalassoma","Eupercaria/misc","Actinopterygii",1,"genus","twocon",13,"caccgcggttagacgagagacccaagtggatggccctcggcgtaaagagtggttaagataattttaaactaaggccaaacgactttttagctgttatacgcgcgagaagacatgaagcccaactacgaaagtggccttaagcccctgaccccacgaaagctaggaca"
"127",129,"dme2_000012918",0,0,0,0,0,0,0,0,0,0,0,0,0,0,0,0,0,0,0,0,0,0,0,0,0,29,0,0,"Argyrosomus regius","Argyrosomus","Perciformes","Actinopterygii",1,"species","twocon",29,"caccgcggttatacgagaggcccaagtcgatagtcaacggcgtaaagagtggttagaaggagcccattactaaagccgaacaccctcaaagctgttatacgcacccgaaggtgagaagcccatccacgaaagtggctttacaaccttgaatccacgaaagctatgata"
"128",130,"dme2_000012924",0,0,0,0,0,0,16,0,0,0,0,0,0,0,0,23,0,10,0,0,34,0,9,0,0,0,0,0,"Trachinotus blochii","Trachinotus","Carangiformes","Actinopterygii",0.98,"species","twocon",92,"caccgcggttatacgataggcccaagttgacagacaacggcgtaaagagtggttaaggaaaataaaaactaaagccgaacaccttcaaagctgtcatacgctcccgaagatatgaagcccaaccacgaaagtgactttacactacctgaacccacgaaagctaagaaa"
"131",133,"dme2_000013510",0,0,72,0,0,0,0,0,0,0,0,0,0,0,0,0,0,0,0,0,0,0,0,0,0,0,0,0,"Chiloscyllium punctatum","Chiloscyllium","Orectolobiformes","Elasmobranchii",1,"species","threecon",72,"caccgcggttatacgagtaacccaaattaatactccacggtgtaaagagtgatttaaggaaaaactataaaaacctaaagttaagatttcatccaaccgtcatacgtatccatgaatagaatgatcaacaacgaaagtaactttacttaaccagtaatcttgacgtcacgacagttagaccc"
"139",141,"dme2_000015457",0,0,0,0,0,0,0,0,0,0,0,0,0,0,0,16,0,0,0,0,0,0,0,0,0,0,0,0,"Siganus","Siganus","Acanthuriformes","Actinopterygii",1,"genus","twocon",16,"caccgcggttatacgagagacccaagttgatagacagcggcgtaaagagtggttaagaacaagccctaaactaaagccgaacgctctcaaagctgttatacgcactcgagagtatgaagttcaattacgaaagtggctttacttattctgaacccacgaaagctagggca"
"142",144,"dme2_000016775",0,0,0,0,0,0,7,0,0,0,0,0,0,0,0,0,0,0,0,0,0,0,0,0,0,0,0,0,"Gnathanodon speciosus","Gnathanodon","Carangiformes","Actinopterygii",1,"species","twocon",7,"caccgcggttatacgaggggctcaagttgacagataacggcgtaaagcgtggttaaggaaaatattcaactaaagcggaacctcttcacagctgttatacgcttccgaagaagtgaaccccaactacgaaagtggctttaccctgcctgaacccacgaaagctaagacc"
"144",146,"dme2_000016992",0,0,0,0,0,0,0,0,0,0,0,0,0,0,0,14,0,0,12,0,0,0,0,0,0,0,0,0,"Siganus","Siganus","Acanthuriformes","Actinopterygii",0.988235294117647,"genus","threecon",26,"caccgcggttatacgagagacccaagttgatagacagcggcgtaaagcgtggttaagaacaaaacctaaactaaagccgaacactctcaaagctgttatacgcactcgagagtatgaagttcaatcacgaaagtggctttacttactctgaacccacgaaagctagggca"
"146",148,"dme2_000017181",0,0,0,0,0,0,0,0,0,0,0,0,0,0,0,0,7,0,0,0,0,0,0,0,0,0,0,0,"Grammistes sexlineatus","Grammistes","Perciformes/Serranoidei","Actinopterygii",1,"species","threecon",7,"taccgcggttatacgagaggctcaagttgatagatcccggcgtaaagagtggttaagattaggtccgacactaaagccgaacaacctcaatgctgttatacgcatccgaaggtcagaagtacaactacgaaagtggctttaactacctgaatccacgaaagctaaggca"
"152",154,"dme2_000020510",0,0,0,0,0,0,0,0,0,0,0,0,0,0,0,12,0,0,0,0,0,0,0,0,0,0,6,0,"Pseudocaranx dentex","Pseudocaranx","Carangiformes","Actinopterygii",1,"species","twocon",18,"caccgcggttatacgagttggcccaagttgacagacaacggcgtaaagagtggttaaggaaaatatttaactaaagcggaacatcctcataactgtcatacgcttccgaggaaatgaaccccaactacgaaggtggctttacttaacctgaatccacgaaagctaagaaa"
"158",160,"dme2_000021591",0,0,0,0,0,0,0,0,0,0,0,0,0,0,0,0,0,0,0,0,0,0,0,0,0,0,0,17,"Hypophthalmichthys","Hypophthalmichthys","Cypriniformes","Actinopterygii",1,"genus","ecotag",17,"caccgcggttaaacgagaggccctagttgataaaaccacggcgtaaagggtggttaaggaaagcaaaacaaattaaagccaaatggccctttggccgtcatacgcttctaggtgtccgaagcccaattatacgaaagtagctttattaaagcccacctgaccccacgaaagctgagaaa"
"160",162,"dme2_000022062",0,0,0,0,0,0,0,0,0,0,0,0,0,0,0,0,0,0,0,0,0,6,0,0,0,0,0,0,"Gymnothorax funebris","Gymnothorax","Anguilliformes","Actinopterygii",1,"species","twocon",6,"aaccgcggttatacgagaggcccaaattgacacattacggcgtaaagtgtgattagagacgaaactagactagaaccaaacaccccttatgctgtcatacgctatgggggtcacgaagcccaacaacgaaagtggttctataaaccttgaactcacgacagttaagacc"
"161",163,"dme2_000022142",0,0,0,0,0,0,0,7,0,0,0,0,0,0,0,15,11,0,0,0,0,0,0,0,0,0,0,0,"Siganus","Siganus","Acanthuriformes","Actinopterygii",1,"genus","twocon",33,"caccgcggttatacgagagacccaagttgatagacagcggcgtaaagagtggttaagaacaaaccctaaactaaagccgaacgctctcaaagctgtcatacgcactcgagagtatgaagttcaattacgaaagtggctttactttttctgaacccacgaaagctagggca"
"163",165,"dme2_000023624",0,10,0,0,0,0,0,0,0,0,0,0,0,0,0,0,0,0,0,0,0,0,0,0,0,0,0,0,"Gnathanodon speciosus","Gnathanodon","Carangiformes","Actinopterygii",1,"species","twocon",10,"caccgcggttatacgaggggctcaagttgacagacaacggcgtaaagcgtggttaaggaaaatattcaactaaagcggaacctcctcacagctgttatacgcttccgaggaagtgaaccccaactacgaaagtggctttaccctacctgaacccacgaaagctgcgtaa"
"165",167,"dme2_000023939",0,0,0,0,0,0,0,0,0,0,0,0,0,0,0,0,0,0,0,0,7,0,0,0,0,0,0,0,"Caesio cuning","Caesio","Eupercaria/misc","Actinopterygii",1,"species","threecon",7,"caccgcggttatacgagagacccaagttgatagtcaccggcgtaaagagtggttaagactacacttaacactaaagccgaacgccctcagagctgttatacgcatccgaaggtaagaagcccaaccacgaaagtggctttataatatctgaatccacgaaagctaagaaa"
"169",171,"dme2_000024423",0,0,0,0,0,0,0,0,0,0,0,0,0,0,0,0,0,0,0,0,0,0,0,0,0,10,0,0,"Trachinotus blochii","Trachinotus","Carangiformes","Actinopterygii",0.99,"species","twocon",10,"caccgcggttatacgagttggcccaagttgacagacaacggcgtaaagagtggttaaggaaaataaaaactaaagccgaacaccttcaaagctgtcatacgctcccgaagatatgaagcccaaccacgaaagtgactttacactacctgaacccacgacagctacgaca"
"172",174,"dme2_000025504",0,0,0,0,0,0,0,0,0,0,0,0,0,0,0,0,0,0,0,0,0,0,0,0,12,0,0,0,"Gnathanodon speciosus","Gnathanodon","Carangiformes","Actinopterygii",1,"species","twocon",12,"caccgcggttatacgaggggctcaagttgacagacaacggcgtaaagcgtggttaaggaaaatattcaactaaagcggaacctcctcacagctgttatacgcttccgaggaagtgaaccccaactacgaaagtggctttaccctacctgaacccacgacagctacgaca"
"173",175,"dme2_000026234",0,0,0,0,0,0,0,0,0,0,0,0,0,0,0,0,0,0,0,0,0,0,0,0,0,0,0,18,"Pseudocaranx dentex","Pseudocaranx","Carangiformes","Actinopterygii",1,"species","twocon",18,"caccgcggttatacgagaggctcaagttgacagacaacggcgtaaagagtagttaagaaaaatatttaactaaagcggaacatcctcataactgtcatacgcttccgaggaaatgaaccccaactacgaaggtggctttacttaacctgaatccacgaaagctaagaaa"
"176",178,"dme2_000026846",0,0,0,0,0,0,0,0,6,0,0,0,0,0,0,0,0,0,0,0,0,0,0,0,0,0,0,0,"Stegostoma tigrinum","Stegostoma","Orectolobiformes","Elasmobranchii",1,"species","twocon",6,"caccgcggttatacgagtaacccaaattaacactccacggtgtaaagagtgatttaaggaaaaactataatcattaaagctaaaatctcatccaactgttatacgtacacatgagtagaataaccaataacgaaagtgactttataccattagcaatcttgacgtcacgacagttaagacc"
"178",180,"dme2_000030822",0,13,0,0,0,0,0,8,7,0,0,0,0,0,0,0,0,0,11,0,6,0,0,0,0,0,0,0,"Carcharhinus melanopterus","Carcharhinus","Carcharhiniformes","Elasmobranchii",1,"species","threecon",45,"caccgcggttatacgagtaactcatattaacacaccccggcgtaaagagtgattaaagaatgacctttaactactaaagtttagacctcataaaactgttatacgtacccatgagtggaataaacaataacgaaagtgactttataaatcaaggaaccttgatgtcacgacagttagaccc"
"179",181,"dme2_000031210",0,0,7,0,0,0,0,0,0,0,0,0,0,0,0,0,0,0,0,0,0,0,0,0,0,0,0,0,"Canis lupus familiaris","Canis","Carnivora","Mammalia",1,"subspecies","ecotag",7,"caccgcggtcatacgattaacccaaactaataggcctacggcgtaaagcgtgttcaagatactttaacactaaagttaaaacttaactaagccgtaaaaagctacagttatcataaaataaaccacgaaggtgactttataataatctgactacacgatagctaagacc"
"182",184,"dme2_000031867",0,0,0,0,0,0,0,0,0,0,0,0,0,0,0,0,13,0,11,0,0,0,0,0,0,0,0,0,"Acanthurus","Acanthurus","Acanthuriformes","Actinopterygii",0.988235294117647,"genus","ecotag",24,"caccgcggttatacgagagacccaagttgacaggcaatcggcgtaaagagtggttaagtaatacatttcactaaagccaaacaccttcaaagctgttatacgcacccgaaggccagaagcccaatcacgaaagtggctttaaactaactgaacccacgaaagctagggca"
"184",186,"dme2_000032180",0,0,0,0,0,0,11,0,0,0,0,0,0,0,0,6,0,0,0,0,7,0,0,0,0,0,0,0,"Paracanthurus hepatus","Paracanthurus","Acanthuriformes","Actinopterygii",1,"species","threecon",24,"caccgcggttatacgagagacccaagttgttagacatcggcgtaaagagtggttaagtactattacttactaaagccgaacaccttcgaagctgtcatacgcacctgaagacaggaagttcaatcacgaaagtggctttataccaactgaatccacgaaagctagggca"
"189",191,"dme2_000033493",0,0,0,0,0,0,0,0,0,0,0,0,0,0,0,0,0,0,13,0,0,0,0,0,0,0,0,0,"Haemulon sciurus","Haemulon","Eupercaria/misc","Actinopterygii",1,"species","twocon",13,"caccgcggttatacgagaggcccaagctgatagtcatcggcgtaaagagtggttaagattgattaaaaactaaagccgaaaacccccatagctgttatacgcacccgggggaaagaagcccaattacgaaagtggctttacaacatctgaacccacgaaagctagggta"
"190",192,"dme2_000033530",0,0,0,0,0,0,0,0,0,0,0,0,0,0,0,0,0,0,0,0,11,0,0,0,0,0,0,0,"Trachurus trachurus","Trachurus","Perciformes","Actinopterygii",1,"species","threecon",11,"caccgcggttatacgagaggctcaagttgacagacaacggcgtaaagagtggttaaggaaaacattcaactaaagcggaaccccctcactgctgttatacgcttccgagggaatgaaccccaactacgaaggtggctttatattaacctgaacccacgaaagctaagaaa"
"198",200,"dme2_000037279",0,0,0,0,0,0,0,0,0,0,0,0,0,0,0,0,0,0,0,0,7,0,0,0,0,0,0,0,"Caesio cuning","Caesio","Eupercaria/misc","Actinopterygii",1,"species","threecon",7,"caccgcggttatacgagagacccaagttgatagtcaccggcgtaaagagtggttaagactacacttaacactaaagccgaacgccctcagagctgttatacgcatccgaaggtaagaagcccaaccacgaaagtggctttataatatctgaatccacgaaagctaggaca"
"202",204,"dme2_000039657",0,0,0,0,0,0,0,0,0,0,0,0,0,0,0,0,0,0,0,0,9,0,0,0,0,0,0,0,"Gymnothorax funebris","Gymnothorax","Anguilliformes","Actinopterygii",1,"species","twocon",9,"ccgcggttatacgagaggcccaaattgacacattacggcgtaaagtgtgattagagacgaaactagactagaaccaaacaccccttatgctgtcatacgctatgggggtcacgaagcccaacaacgaaagtggttctataaaccttgaactcacgacagctaaggta"
"207",209,"dme2_000042755",0,0,0,0,0,0,0,0,0,0,0,0,0,0,0,0,0,0,0,0,9,0,0,0,0,0,0,0,"Orectolobus japonicus","Orectolobus","Orectolobiformes","Elasmobranchii",1,"species","threecon",9,"caccgcggttatacgagtaacccaaattaatattttcacggcgtaaagagtgatttaaggaaaaacttcaataattaaagctaaaacctcatccaaccgtcatacgtttccatgaaaagaaaaatcaacaacgaaagtgactttattcaattaagttatcttgatatcacgacagttagatcc"
"212",214,"dme2_000045985",0,0,0,0,0,0,0,0,0,0,0,0,0,0,0,0,0,0,0,0,9,0,0,0,0,0,0,0,"Hypanus americanus","Hypanus","Myliobatiformes","Elasmobranchii",1,"species","twocon",9,"caccgcggttatacgagtaacccaaattaatatttcacggcgttaagggtgattagaaatatctcatccaaaataaagttaagaccccattaagctgtcatacgctatcatgcttaaaaacaccactcacgaaagtaactttatacaaacagagtttttgacttcacgacagttaagacc"
"219",221,"dme2_000048964",0,0,0,12,0,0,0,0,0,0,0,0,0,0,0,0,0,0,0,0,0,0,0,0,0,0,0,0,"Dicentrarchus labrax","Dicentrarchus","Perciformes","Actinopterygii",1,"species","threecon",12,"caccgcggttaaacgggaggctcaagttgatagacaccggcgtaaagcgtggttaagggcccaacttttacactaaagccgaacgctatcagagcagtgatacgcaccgaaagtaagaagatcaattacgaaagtagctttatttaaacctgaccccacgaaagctaaggca"
"226",228,"dme2_000052023",0,0,0,0,0,0,0,0,6,0,0,0,0,0,0,0,0,0,0,0,0,0,0,0,0,0,0,0,"Clupea harengus","Clupea","Clupeiformes","Actinopterygii",1,"species","twocon",6,"caccgcggttatacgagagaccctagttgatatattcggcgtaaagagtggttatggaaaacaagcactaaagccaaagagccctcaggccgttatacgcacccggggcctcgaaccactatcacgaaagtagctttaccctcgcccacctgaacccacgaaagccaagata"
"230",233,"dme2_000054282",0,0,0,0,0,0,0,0,0,0,0,0,0,0,0,0,0,0,0,0,6,0,0,0,0,0,0,0,"Pseudobalistes fuscus","Pseudobalistes","Tetraodontiformes","Actinopterygii",1,"species","threecon",6,"caccgcggttatacgagagacccaagttgatagacaccggcgtaaagtgtggttaagaaacattcagtaaactagagccgaacgctttcaaggctgttatacgcacccgaaagtaagaagcacaacaacgaaagtggctctactaactctgaacccacgaaagctaaggca"
"238",241,"dme2_000061135",0,0,0,0,0,0,0,0,0,0,0,0,0,0,0,0,0,0,7,0,0,6,0,0,0,0,0,0,"Orectolobus japonicus","Orectolobus","Orectolobiformes","Elasmobranchii",1,"species","threecon",13,"caccgcggttatacgagtaacccaaattaatatttcacggcgtaaagagtgatttaaggaaaaactataataactaaagttaagacctcatccaaccgtcatacgtttccatgaatagaaaaaccaacaacgaaagtgactttatttaatcagctatcttgatgtcacgacagttagaccc"
"245",248,"dme2_000066967",0,0,0,0,0,0,0,0,7,0,0,0,0,0,0,0,0,0,0,0,0,0,0,0,0,0,0,0,"Epinephelus","Epinephelus","Perciformes/Serranoidei","Actinopterygii",1,"genus","twocon",7,"caccgcggttatacgagtaacccaagttgataggctccggcgtaaagcgtggttaaggagtaataaatactaaagccgaacgcttactaagctgttatacgctttacgaaagtaagaagcacatccacgaaggtggctttatctcacctgaacccacgaaagccaagata"
"253",256,"dme2_000070955",0,0,7,0,0,0,0,0,0,0,0,0,0,0,0,0,0,0,0,0,0,0,0,0,0,0,0,0,"Siganus","Siganus","Acanthuriformes","Actinopterygii",1,"genus","threecon",7,"caccgcggttatacgagagacccaagttgatagacagcggcgtaaagcgtggttaagaacaaaacctaaactaaagccgaacactctcaaagctgttatacgcactcgagagtatgaagtccaatcacgaaagtggctttacttattctgaacccacgaaagctagggca"
"263",266,"dme2_000077490",0,0,0,0,0,0,0,0,0,0,0,0,0,0,0,6,0,0,0,0,0,0,0,0,0,0,0,0,"Auxis","Auxis","Scombriformes","Actinopterygii",0.994082840236686,"genus","ecotag",6,"caccgcggttatacgagaggcccaagttgacagacaccggcgtaaagcgtggttaaggaaaactaaaactaaagccgaacaccttcagggcagttatacgcatccgaaggcacgaagccccaccacgaaagtggctttatgagcccctgaccccacgaaagctatgaca"
"287",290,"dme2_000101259",0,0,0,0,0,0,0,0,0,0,0,0,0,0,0,0,0,0,0,0,0,6,0,0,0,0,0,0,"Naso","Naso","Acanthuriformes","Actinopterygii",1,"genus","twocon",6,"caccgcggttatacgagagacccaagttgttagacaccggcgtaaagagtggttaggaaaactcattcaactagagccgaacaccttcaaagctgttatacgcacccgaaggtaagaagtccaactacgaaagtggctttatgttaactgaacccacgaaagctaggaca"
"298",301,"dme2_000120048",0,0,0,0,0,0,0,0,0,0,0,0,0,0,0,0,0,0,6,0,0,0,0,0,0,0,0,0,"Naso elegans","Naso","Acanthuriformes","Actinopterygii",1,"species","ecotag",6,"caccgcggttatacgagagacccaagttgttagacaccggcgtaaagagtggttaggaaaactcattcaactagagccgaacaccttcaaagctgttatacgcacccgaaggtaagaagcccaactacgaaagtggctttatgttaactgaacccacgaaagctaggata"
"311",314,"dme2_000133266",0,0,0,0,0,0,0,0,15,0,0,0,0,0,0,0,0,0,0,0,0,0,0,0,0,0,0,0,"Epinephelus","Epinephelus","Perciformes/Serranoidei","Actinopterygii",1,"genus","twocon",15,"tgccgcggttatacgagagacccaagttgataggctccggcgtaaagcggggggaaggaggaataaatactaaagccgaacgcttactaagctgttatacgctttacgaaagtaagaagcacatccacgaaggtggctttatctcacctgaacccacgaaagccaagata"
"347",350,"dme2_000171724",0,0,0,0,0,0,0,0,0,0,0,0,0,0,0,0,0,0,0,0,6,0,0,0,0,0,0,0,"Heterodontus","Heterodontus","Heterodontiformes","Elasmobranchii",1,"genus","twocon",6,"caccgcggttatacgagtaactcatattaatactttacggcgtaaagagtggtttaagaacatcttataataactaaagctaagacctcatctagctgttacacgcattcatgggcagaaccaccaacaacgaaagtgactttattaaaccagaagtcttgacttcacgacagttaagacc"
