"","X","id","sample.11Be_EBMay_13extblank","sample.11Ce_EBJun_12extblank","sample.11De_EBJun_19extblank","sample.11Fe_negativePCRcontrol","sample.6BeORK_eDNAA_bottle1","sample.6CeORK_eDNAB_bottle2","sample.6DeORK_eDNAC_bottle3","sample.6EeORK_eDNAD_bottle4","sample.6FeORK_MPEtA_kurt","sample.6GeORK_MPEtB_mike","sample.6HeORK_MPEtC_lisa","sample.8AeORK_MPbB_mike","sample.8BeORK_MPbC_lisa","final_name","final_genus","final_order","final_class","pid","final_rank","method_assign","total_reads","sequence"
"1",1,"dme2_000000002",1,0,1,0,16891,21660,13180,26236,3900,629,1359,8,0,"Salmo salar","Salmo","Salmoniformes","Actinopterygii",1,"species","threecon",83865,"caccgcggttatacgagaggccctagttgataactaccggcgtaaagagtggttacggaaaaatatttaataaagccgaacaccccctcagccgtcatacgcacctgggggcacgaagatctactacgaaagcagctttaattatacctgaacccacgacagctacgaca"
"2",2,"dme2_000000003",8175,0,9839,0,2329,5721,16765,7526,4573,18855,13910,19888,0,"Homo sapiens","Homo","Primates","Mammalia",1,"species","human_assign",107581,"caccgcggtcacacgattaacccaagtcaatagaagccggcgtaaagagtgttttagatcaccccctccccaataaagctaaaactcacctgagttgtaaaaaactccagttgacacaaaatagactacgaaagtggctttaacatatctgaacacacaatagctaagacc"
"3",3,"dme2_000000005",2,0,1,0,0,0,0,4,3,0,0,0,0,"Carcharias taurus","Carcharias","Lamniformes","Elasmobranchii",1,"species","threecon",10,"caccgcggttatacgagtaacttatattaatacttcccggcgtaaagagtgatttaagaaacatctacaataactaaagttgagaccttaccaagctgttacacgcacccataaatggaaacatcaacaacgaaagtgactttaccctactagaaatcttgatgtcacgacagttagaccc"
"5",5,"dme2_000000013",0,0,0,1,3,5,4,6,0,0,0,3,0,"Gnathanodon speciosus","Gnathanodon","Carangiformes","Actinopterygii",1,"species","twocon",22,"caccgcggttatacgaggggctcaagttgacagacaacggcgtaaagcgtggttaaggaaaatattcaactaaagcggaacctcctcacagctgttatacgcttccgaggaagtgaaccccaactacgaaagtggctttaccctacctgaacccacgaaagctaagaaa"
"6",6,"dme2_000000022",1,0,0,0,0,0,0,3,3,0,0,0,0,"Carcharias taurus","Carcharias","Lamniformes","Elasmobranchii",1,"species","threecon",7,"caccgcggttatacgagtaacttatattaatacttcccggcgtaaagagtgatttaagaaacatctacaataactaaagttgagacctcaccaagctgttacacgcacccataaatagaaatatcaacaacgaaagtgactttaccctactagaaatcttgatgccacgacagttagactc"
"7",7,"dme2_000000027",0,0,1,0,5,6,0,0,4,0,0,0,0,"Trachinotus blochii","Trachinotus","Carangiformes","Actinopterygii",0.98,"species","threecon",16,"caccgcggttatacgagttggcccaagttgacagacaacggcgtaaagagtggttaaggaaaataaaaactaaagccgaacaccttcaaagctgtcatacgctcccgaagatatgaagcccaaccacgaaagtgactttacactacctgaacccacgaaagctaagaaa"
"8",8,"dme2_000000029",1,0,0,0,535,1014,893,777,4208,14487,9562,5349,0,"Trisopterus minutus","Trisopterus","Gadiformes","Actinopterygii",1,"species","twocon",36826,"caccgcggttatacgagagacccaaattgataaaaacggcgtaaagcgtggttaagaaaacaaaaagatacggccgaacagattcaaagcagttatacgcattcgaaacaacgaagatcaaacacgaaggttgccctaaaaaactctgattccacgaaagccataaaa"
"9",9,"dme2_000000033",9,0,1,2,10,8,17,17,6,10,4,9,0,"Hypanus americanus","Hypanus","Myliobatiformes","Elasmobranchii",1,"species","twocon",93,"caccgcggttatacgagtaacccaaattaatatttcacggcgttaagggtgattagaaatatcttactcaaaataaagttaagaccccattaagctgtcatacgctatcatgcttaaaaacaccactcacgaaagtaactttatacaaacagagtttttgacttcacgacagttaagacc"
"10",10,"dme2_000000035",0,0,1,0,6,0,3,6,0,0,0,0,0,"Odonus niger","Odonus","Tetraodontiformes","Actinopterygii",1,"species","threecon",16,"caccgcggttatacgagaggcccaagctgacagacaccggcgtaaagagtggttaggaaaacacgataaattagagccgaacgctcccaaagctgtcatacgcacccgagagtaagaagtacaacaacgaaagtagctctattaattctgaacccacgaaagctaaggca"
"11",12,"dme2_000000064",2,1,2,0,10,17,11,12,3,9,0,5,0,"Scomber","Scomber","Scombriformes","Actinopterygii",1,"genus","threecon",72,"caccgcggttatacgataggcccaagttgacagaccccggcgtaaagcgtggttagggaaaactcaaaactaaagccgaatatcttcagggcagttatacgcttccgaagacacgaagcccttccacgaaagtgactttattacccccgaccccacgaaagctaggaca"
"12",14,"dme2_000000078",0,0,0,0,61,396,402,459,0,0,0,0,0,"Halichoerus grypus","Halichoerus","Carnivora","Mammalia",1,"species","ecotag",1318,"taccgcggtcatacgattaacccaaactaataggccctcggcgtaaagcgtgttaaagatcaacccacactaaagctaaaacctaaccaagccgtaaaaagctaccgttaacataaaataaactacgaaagtgactttactaactctgacagcacgatagctaagacc"
"14",16,"dme2_000000098",0,0,0,0,23,0,0,121,0,31,0,0,0,"Ctenolabrus rupestris","Ctenolabrus","Perciformes","Actinopterygii",1,"species","threecon",175,"caccgcggttatacgagaggcccaagttgataaccaccggcgtaaagagtggttagggcagactattaaactaaagccgaacatcttcaaagctgttatacgcatacgaagaacagaaacacaaccacgaaagtggctttacctcacctgaccccacgagagctatgaca"
"15",17,"dme2_000000099",0,0,0,0,115,95,12,111,231,4052,477,2952,0,"Trisopterus esmarkii","Trisopterus","Gadiformes","Actinopterygii",0.99,"species","twocon",8045,"caccgcggttatacgagagacccaaattgataaaaacggcgtaaagcgtggttaagaagacaaaaaaatacggccgaacagattcaaagcagttatacgcattcgaaacaacgaagatcaagcacgcaagttgccctaaaaaactctgaccccacgaaagccataaaa"
"16",18,"dme2_000000101",1,1,0,1,4,4,0,5,0,3,0,0,0,"Carcharhinus melanopterus","Carcharhinus","Carcharhiniformes","Elasmobranchii",0.99,"species","threecon",19,"caccgcggttatacgagtaactcatattaacacaccccggcgtaaagagtgattaaagaatgacctttaactactaaagtttagacctcataaaactgttatacgtacccatgagtggaataaacaataacgaaagtgactttataaatcaaggaaccttgatgtcacgacagttggggcc"
"17",19,"dme2_000000104",0,0,0,0,47,149,12,64,0,0,0,0,0,"Taurulus bubalis","Taurulus","Scorpaeniformes","Actinopterygii",1,"species","threecon",272,"caccgcggttatacgagaggcccaagttgacaaacaccggcgtaaagcgtggttagggaaaactcacactaaagccaaacatcttccaggctgttatacgcaactgaagataggaagttcaaccacgaaagtggctttaccagacctgaatccacgaaagctaaggaa"
"18",20,"dme2_000000112",1,0,0,0,803,10390,1073,30,0,1326,0,0,0,"Bovinae","None","Artiodactyla","Mammalia",1,"subfamily","ecotag",13623,"caccgcggtcatacgattaacccaagctaacaggagtacggcgtaaaacgtgttaaagcaccataccaaatagggttaaattctaactaagctgtaaaaagccatgattaaaataaaaataaatgacgaaagtgaccctacaatagccgacgcactatagctaagacc"
"22",24,"dme2_000000163",0,0,0,0,0,9,0,0,0,0,0,0,0,"Clupeinae","None","Clupeiformes","Actinopterygii",0.994186046511628,"subfamily","ecotag",9,"caccgcggttatacgagagaccctagttgatatactcggcgtaaagagtggttatggaaaacaagcactaaagccaaagagccctcaggccgttatacgcacccggggcctcgagccactatcacgaaagtagctttaccctcgcccaccagaacccacgagagctgggaca"
"23",25,"dme2_000000178",1,0,0,0,4,3,4,4,0,0,0,0,0,"Abudefduf","Abudefduf","Ovalentaria/misc","Actinopterygii",1,"genus","threecon",16,"caccgcggttatacgagaggctcaagttgacagacaacggcgtaaagagtggttaaggaacttattaaactaaagccgaacgccctcagaactgttatacgtttccgaaggtaagaagccccaccacgaaagtgactttattttccccgactccacgaaagctgcgtaa"
"24",26,"dme2_000000192",0,0,0,0,162,0,64,0,0,0,0,0,0,"Anser","Anser","Anseriformes","Aves",1,"genus","ecotag",226,"caccgcggtcatacaagaaacccaaatcaaccgtcctattgacacggcgtaaagagtggtaaaatgcctatcctagctaactaagatcaaaatgcaactgagctgtcataagcccaagatgcacctaaacacaccattaagatgatcttaggaactaacgactgatttaaacccacgaaagccagggcc"
"25",27,"dme2_000000204",0,0,0,0,0,3,0,0,0,0,0,0,0,"Sus scrofa","Sus","Artiodactyla","Mammalia",1,"species","ecotag",3,"caccgcggtcatacgattaacccaaattaatagatccacggcgtaaagagtgtttaagaaaaaaaaaccacaatagagttaaattataactaagctgtaaaaagccctagttaaaataaaataacccacgaaagtgactctaataatcctgacacacgatagctaggacc"
"26",28,"dme2_000000214",0,0,0,0,692,460,206,1259,0,0,0,0,0,"Gadus","Gadus","Gadiformes","Actinopterygii",1,"genus","threecon",2617,"caccgcggttatacgagaggcccaaattgatgaaaaacggcgtaaagcgtggttaagaaaaaagagaaaatatggccgaacagcttcaaagcagttatacgcatccgaagtcacgaagaacaatcacgaaagttgccctaaaacctccgattccacgaaagccataaaa"
"27",29,"dme2_000000258",0,0,0,0,32,0,0,2012,0,0,0,0,0,"Ammodytes","Ammodytes","Perciformes/Uranoscopoidei","Actinopterygii",1,"genus","threecon",2044,"caccgcggttatacgagaggcccaagctgatagaccccggcgtaaagagtggttaagataaacttaaaactaaagccgaacaccctcacagctgttatacgcacccgagagtaagaagcccaactacgaaagtggctttacaacccctgaacccacgaaagctatgaca"
"28",30,"dme2_000000259",1,1,0,0,0,0,0,0,0,0,0,0,0,"Heterodontus","Heterodontus","Heterodontiformes","Elasmobranchii",1,"genus","twocon",2,"caccgcggttatacgagtaactcatattaatactttacggcgtaaagagtggtttaagaacatcttataataactaaagctaagacctcatctagctgttacacgcattcatgggcagaaccaccaacaacgaaagtgactttattaaaccagaaatcttgaccccacgacagttaagccc"
"30",32,"dme2_000000295",0,0,0,0,120,99,0,0,0,0,0,0,0,"Micromesistius poutassou","Micromesistius","Gadiformes","Actinopterygii",1,"species","threecon",219,"caccgcggttatacgagaggctcaaattgatgaaaaacggcgtaaagcgtggttaagaaaacaagagatatatggccgaacagcttcaaagcagttatacgcattcgaaaccacgaagaacacccacgaaagttgccctaaaaaactctgattccacgaaaaccatagaa"
"32",34,"dme2_000000352",0,0,0,0,31,1462,0,29,0,0,0,0,0,"Scyliorhinus canicula","Scyliorhinus","Carcharhiniformes","Elasmobranchii",1,"species","threecon",1522,"caccgcggttatacgagtgactcacattaacacttcccggcgtaaagtgtgatttaaggatgacctccaaataactatagttatgacctcatcaagctgttatacgcattcgtgaacggaataatcaacaacgaaagtgactctaaattaccaggaatcttgatgtcacgacagttgggccc"
"33",35,"dme2_000000365",0,0,0,0,109,45,13,0,147,0,0,0,0,"Molva molva","Molva","Gadiformes","Actinopterygii",1,"species","twocon",314,"caccgcggttatacgagagacccaagttgatgaaaaacggcgtaaagcgtggttaaggaaataaaaagaatagggccgaacaacctcaaagcagttatacgcattcgaggtcacgaagcacagtcacgaaagtggccctactaaatccctgattccacgaaagccataaaa"
"34",36,"dme2_000000401",0,0,0,0,0,0,0,0,0,22,0,0,0,"Ciliata septentrionalis","Ciliata","Gadiformes","Actinopterygii",1,"species","twocon",22,"caccgcggttatacgagaggcccaagttgatgaaacgcggcgtaaagagtggttaagaaaactaaaaaataaggccgaacaacctcagagcagttatacgcatccgaggccacgaagtacaattacgaaagtagccctaataaaaatctgactccacgaaaaccataaaa"
"35",37,"dme2_000000407",0,0,0,0,0,204,0,383,0,0,227,0,0,"Phocoena phocoena","Phocoena","Artiodactyla","Mammalia",1,"species","ecotag",814,"caccgcggtcatacgattgacccaagttaatagacacccggcgtaaagagtgtcgaggagtaacataaaataaagtcaaatcttagttaagctgtaaaaagccataactaaacctaagctaaaccacgaaagtaactttatcacaaaccgagtacacgacaactaagacc"
"39",41,"dme2_000000639",0,0,0,0,8,7,9,6,0,0,0,0,0,"Gadus chalcogrammus","Gadus","Gadiformes","Actinopterygii",1,"species","twocon",30,"caccgcggttatacgagagacccaaattgataaaaacggcgtaaagcgtggttaagaaaaaagagaaaatatggccgaacagcttcaaagcagttatacgcatccgaagtcacgaagaacaatcacgaaagttgccctaaaacctccgattccacgaaagccataaaa"
"41",43,"dme2_000000704",0,0,0,0,118,89,453,0,0,0,0,0,0,"Phasianinae","None","Galliformes","Aves",1,"subfamily","ecotag",660,"caccgcggtcatacaagaaacccaaatcaatagctacccggcgtaaagagtggccacatgttatctgcaccagctaagattaaaatgcaaccaagctgtcataagcctaagatccacctaaacccaacccaaatccatcttagcctcaacgattaattttaacccacgaaagctaggacc"
"43",45,"dme2_000000883",0,0,0,0,0,0,0,0,0,0,173,0,0,"Dama dama","Dama","Artiodactyla","Mammalia",1,"species","ecotag",173,"caccgcggccatacgattaacccaagttaataagcacacggcgtaaagcgtgttaaagcactgtactaaataaagttaaattccaattaagctgtaaaaagccataattgcaacaaaaataaacaacgaaggtaaccttatagccgctgaaacacgatagctaggacc"
"44",46,"dme2_000001058",0,0,0,0,67,112,0,258,0,0,0,0,0,"Cyclopterus lumpus","Cyclopterus","Scorpaeniformes","Actinopterygii",1,"species","threecon",437,"caccgcggttatacgagaggcccaagttgacagacaccggcgtaaagagtggttaagctaaaacttaaactaaagccaaacatcttcaagactgttatacgtacccgaagacaggaaactcaaccacgaaagtagctttatttaatctgaccccacgaaagctacggca"
"46",48,"dme2_000001453",0,0,0,0,249,357,142,605,0,35,242,0,0,"Pholis gunnellus","Pholis","Perciformes","Actinopterygii",1,"species","twocon",1630,"caccgcggttatacgagaggcccaagttgacagacatcggcgtaaagagtggttaagttaaaattgtactaaagccgaacatcctccaggctgttatacgcatccgaagataagaagttcaaccacgaaggtagctttatttaatctgaacccacgaaagctacggca"
"48",50,"dme2_000001675",0,0,0,0,42,27,28,82,3,0,3,0,0,"Salmo salar","Salmo","Salmoniformes","Actinopterygii",1,"species","threecon",185,"caccgcggttatacgagaggccctagttgataactaccggcgtaaagagtggttacggaaaaatatttaataaagccgaacaccccctcagccgtcatacgcacctgggggcacgaagatctactacgaaagcagctttaattatacctgaacccacgacagctacga"
"49",51,"dme2_000001740",0,0,0,0,10,555,0,0,0,0,0,0,0,"Phoca vitulina","Phoca","Carnivora","Mammalia",1,"species","ecotag",565,"caccgcggtcatacgattaacccaaactaataggccctcggcgtaaagcgtgttaaagatcaacccacactaaagctaaaacctaaccaagccgtaaaaagctaccgttaacataaaatagaccacgaaagtgactttactaattctgactgcacgatagctaagatc"
"50",52,"dme2_000001811",0,0,0,0,153,0,0,0,0,0,0,0,0,"Symphodus melops","Symphodus","Perciformes","Actinopterygii",1,"species","twocon",153,"caccgcggttatacgagaggcccaagttgataaataccggcgtaaagagtggttagagaagaaactaaactaaagccaaacgccttcagagctgttatacgcttacgaagagcagagacacaaccacgaaagtggctttacttaacctgaccccacgaaagctagggca"
"51",53,"dme2_000001882",0,0,0,0,0,49,10,84,0,0,0,0,0,"Gadidae","None","Gadiformes","Actinopterygii",1,"family","ecotag",143,"caccgcggttatacgagaggcccaaattgatgaaaaacggcgtaaagcgtggttaagaaaataagagaaaatatggccgaacaacttcaaagcagttatacgcatccgaagtcacgaagaacaatcacgaaagttgccctaaagcctccgattccacgaaagccataaaa"
"52",54,"dme2_000001924",0,0,0,0,0,0,14,13,0,59,0,0,0,"Canis","Canis","Carnivora","Mammalia",1,"genus","ecotag",86,"caccgcggtcatacgattaacccaaactaataggcctacggcgtaaagcgtgttcaagatacttttacactaaagttaaaacttaactaagccgtaaaaagctacagttatcataaaataaaccacgaaagtgactttataataatctgactacacgatagctaagacc"
"53",55,"dme2_000002221",0,0,0,0,0,248,72,0,0,0,0,0,0,"Pomatoschistus pictus","Pomatoschistus","Perciformes","Actinopterygii",1,"species","twocon",320,"caccgcggttatacgagaggcccaagttgatggatgccggcgtaaaatgtggttaatttacattgttgcactaaagcaaaacaccttctaagctgttatatgctctcgaagacaggaagcccttttacgaaagtagctttaaatagtatgacccacgaaagctagggaa"
"56",58,"dme2_000002747",0,0,0,0,0,31,0,0,0,0,0,0,0,"Salmo salar","Salmo","Salmoniformes","Actinopterygii",1,"species","twocon",31,"caccgcggttatacgagaggccctagttgataactaccggcgtaaagagtggttacggaaaaatatttaataaagccgaacaccccctcagccgtcatacacacctaaaagcacgaagatctactacgaaagcagctttaattatacctgaacccacgacagctacgaca"
"57",59,"dme2_000002793",0,0,0,0,39,63,5,237,0,0,0,0,0,"Myoxocephalus scorpius","Myoxocephalus","Scorpaeniformes","Actinopterygii",1,"species","twocon",344,"caccgcggttatacgagaggcccaagttgacaaacaccggcgtaaagcgtggttaagtaaaaactcacactaaagccaaacatcttccaggctgttatacgcaaccgaagacaggaagttcaaccacgaaagtggctttatctagtctgaacccacgaaagctaaggaa"
"58",60,"dme2_000002797",0,0,0,0,143,10,0,0,0,0,0,0,0,"Anguilla anguilla","Anguilla","Anguilliformes","Actinopterygii",1,"species","twocon",153,"caccgcggttatacgaggggctcaaattgatattacacggcgtaaagcgtgattaaaaaacaaaaaaactaaagccaaacacttcccaagctgtcatacgctaccggaacataaacgaagccctataacgaaagtagctttaacacctttgaactcacgacagttgaggaa"
"60",62,"dme2_000002968",0,0,0,0,0,0,0,53,0,0,0,0,0,"Ammodytes","Ammodytes","Perciformes/Uranoscopoidei","Actinopterygii",0.988165680473373,"genus","threecon",53,"caccgcggttatacgagaggcccaagctgatagaccccggcgtaaagagtggttaagataaacttaaaactaaagccgaacaccctcacagctgttatacgcacccgagagtaagaagcccaactacgaaagtggctttacaacccctgaacccacgacagctacgaca"
"61",63,"dme2_000003067",0,0,0,0,0,43,15,201,0,0,0,0,0,"Pomatoschistus minutus","Pomatoschistus","Perciformes","Actinopterygii",1,"species","threecon",259,"caccgcggttatacgagaggcccaagttgatggatgccggcgtaaaatgtggttaatttacagtattacactaaagcaaaacaccttctaagctgttatatgctctcgaagacaggaggcccttttacgaaagtagctttaaatggtatgaccccacgaaagctaggaaa"
"62",64,"dme2_000003080",0,0,0,0,0,0,0,251,0,0,0,0,0,"Larus","Larus","Charadriiformes","Aves",1,"genus","ecotag",251,"caccgcggtcacacaagagacccaaattaaccgtatacggcgtaaagagtggcactatgatatcacagtgactaggattaagatgcaactaagctgtcataagcccaaggtgtacttaagatcacctttaagatgatcctagtacttctgattgatttaaccccacgaaagctagggca"
"63",65,"dme2_000003303",0,0,0,0,0,0,0,0,162,0,0,0,0,"Delphinidae","None","Artiodactyla","Mammalia",0.994152046783626,"family","ecotag",162,"caccgcggtcatacgattgacccaaactaatagacacccggcgtaaagagtgtcaaagaacaatataaaaataaagtcaaaccttaattaagctgtaaaaagccataattaaaattaagttaaactacgaaagtaactttaccataaactgagtacacgataactaagacc"
"64",66,"dme2_000003526",0,0,0,0,173,72,0,0,0,0,0,0,0,"Dipturus","Dipturus","Rajiformes","Elasmobranchii",1,"genus","threecon",245,"caccgcggttatacgagtaactcacattaatacttcacggcgtaaagggtgattaaaagtttctaaaaagtactagagttataaccttataaagctgtcatacgcacctataaaaggaataatacactgacgaaagtaactttaacaacttagagcttttgacctcacgacagttaagaca"
"65",67,"dme2_000003584",0,0,0,0,0,3,0,0,0,0,0,0,0,"Gadidae","None","Gadiformes","Actinopterygii",0.982352941176471,"family","ecotag",3,"caccgcggttatacgagaggcccaaattgatgaaaaacggcgtaaagcgcggttaagaaaataagagaaaatatggccgaacaacttcaaagcagttatacgcatccgaagtcacgaagaacaatcacgaaagttgccctaaagcctccgattccacgaaagccgtaata"
"66",68,"dme2_000003695",0,0,0,0,11,37,0,0,0,0,0,0,0,"Melanogrammus","Melanogrammus","Gadiformes","Actinopterygii",0.99,"genus","twocon",48,"caccgcggttatacgagaggctcaaattgatgaaaaacggcgtaaagcgtggttaagaaaacaagagaaaatatggccgaacagcttcaaagcagttatacgcatccgaagtcacgaagaacaatcacgaaagttgccttaaaacctctgattccacgaaagccataaaa"
"67",69,"dme2_000004381",0,0,0,0,30,103,151,37,0,38,0,0,0,"Zoarces viviparus","Zoarces","Perciformes","Actinopterygii",1,"species","twocon",359,"caccgcggttatacgaggggcccaagttgaaagaccctggcgtaaagagtggttaagctagaatttaaactaaagccgaacatcctcacggctgttatacgcacccgaagataagaagaccagccacgaaggtagctttatttaactgaacccacgaaagctgcggca"
"69",71,"dme2_000005183",0,0,0,0,0,0,0,30,0,0,0,0,0,"Ciliata mustela","Ciliata","Gadiformes","Actinopterygii",1,"species","twocon",30,"caccgcggttatacgagaggcccaagttgatgaaatgcggcgtaaagagtggttaagaaaattaaagaataaggccgaacaacctcaaagcagttatacgcatccgaggccacgaagtacaattacgaaagtagccctaatgaaaatctgactccacgaaagccataaaa"
"70",72,"dme2_000005413",0,0,0,0,17,12,0,0,0,0,0,0,0,"Squalus acanthias","Squalus","Squaliformes","Elasmobranchii",1,"species","threecon",29,"caccgcggttatacgagtgacccttattaatattttcccggcgtaaagagtggtttaagaaaaccttaaacaactaaagttaagacctcatcaagccgttatacgctcttatgagaggaattatcaacaacgaaagtgactttataatattagagaccttgatgccacgacagttgggccc"
"71",73,"dme2_000005566",0,0,0,0,4,4,6,11,0,0,0,0,0,"Pholis gunnellus","Pholis","Perciformes","Actinopterygii",1,"species","twocon",25,"caccgcggttatacgagaggcccaagttgacagacatcggcgtaaagagtggttaagttaaaattgtactaaagccgaacatcctccaggctgttatacgcatccgaagataagaagttcaaccacgaaggtagctttatttaatctgaacccacgacagctacgaca"
"73",75,"dme2_000005624",0,0,0,0,0,0,0,114,0,0,0,0,0,"Liparis montagui","Liparis","Scorpaeniformes","Actinopterygii",1,"species","twocon",114,"caccgcggttatacgagaggcccaagttgaaagacaccggcgtaaagcgtggttaaactaaaatttaaactaaagttaaacatcttcaagactgttatacgtacccgaaggcaggaaccccaattacgaaagtaactttatataagctgaacccacgaaagctatagca"
"75",77,"dme2_000006294",0,0,0,0,0,0,0,0,0,153,0,0,0,"Pan troglodytes","Pan","Primates","Mammalia",0.982035928143713,"species","ecotag",153,"caccacagccatacaattaacctgagctaatagaactcagcataaagagtgttttaggtctatccttaataaagctaagcttcatctcagttgtataaaaccctagctgaaataaaataaactatgaaggaggctttaatacttctgaagacacaatagctaagacc"
"76",78,"dme2_000006393",0,0,0,0,0,0,80,0,29,0,0,0,0,"Pangasianodon hypophthalmus","Pangasianodon","Siluriformes","Actinopterygii",1,"species","ecotag",109,"caccgcggttatacgaaagaccccagttgataactacggcgtaaagggtggttaagggatataaaaataaagctaaagactctctaagccgtcatacgcactccgagagcacgaaaccctgacacgaaagtagctttaaacaaacttcacctgaccccacgaaagctaagaaa"
"78",80,"dme2_000007123",0,0,0,0,0,4,0,17,0,0,0,0,0,"Ovis","Ovis","Artiodactyla","Mammalia",1,"genus","ecotag",21,"caccgcggtcatacgattgacccaagctaacaggagtacggcgtaaagcgtgttaaagcatcatactaaatagagttaaattttaattaaactgtaaaaagccataattataacaaaaataaatgacgaaagtaaccctacaatagctgatacaccatagctaagacc"
"79",81,"dme2_000007298",0,0,0,0,0,45,0,0,0,0,0,0,0,"Melanogrammus","Melanogrammus","Gadiformes","Actinopterygii",1,"genus","twocon",45,"caccgcggttatacgagaggctcaaattgatgaaaaacggcgtaaagcgtggttaagaaaacaaaagaaaatatggccgaacagcttcaaagcagttatacgcatccgaagtcacaaagaacaatcacgaaagttgccttaaaacctctgattccacgaaagccataaaa"
"81",83,"dme2_000008423",0,0,0,0,80,108,25,0,0,0,0,0,0,"Scomber scombrus","Scomber","Scombriformes","Actinopterygii",1,"species","threecon",213,"caccgcggttatacgataggcccaagttgacagaccccggcgtaaagcgtggttagggaaaatttaaaactaaagccgaacaccttcagggcagtcatacgcttccgaaggcacgaagcccctccacgaaagtggctttactacccccgaccccacgaaagctaggaca"
"82",84,"dme2_000008440",0,0,0,0,0,0,20,0,0,0,0,0,0,"Liparis montagui","Liparis","Scorpaeniformes","Actinopterygii",1,"species","twocon",20,"caccgcggttatacgagaggcccaagttgaaagacaccggcgtaaagcgtggttaaactaaaatttaaattaaagttaaacatcttcaagactgttatacgtacccgaaggcaggaaccccaattacgaaagtaactttatataagctgaacccacgaaagctataaca"
"83",85,"dme2_000008492",0,0,0,0,0,0,7,0,0,0,0,0,0,"Bos mutus","Bos","Artiodactyla","Mammalia",0.988095238095238,"species","ecotag",7,"caccacggtcatatgattaacccaagttaacaagaatacagcataaagcatgctaaagcattacaccaaatagagttaaattctaattaagctgtaaaaagccataattataacaaaaataaatgatgaaagtagctctataatagctgatacactatagctaagacc"
"84",86,"dme2_000008579",0,0,0,0,0,0,0,0,0,0,0,3,0,"Trisopterus esmarkii","Trisopterus","Gadiformes","Actinopterygii",1,"species","twocon",3,"ctccgcggttatacgagagacccaaattgataaaaacggcggaaagcggggggaagaagacaaaaaaatacggccgaacagattcaaagcagttatacgcattcgaaacaacgaagatcaagcacgcaagttgccctaaaaaactctgaccccacgaaagccataaaa"
"86",88,"dme2_000009685",0,0,0,0,23,0,0,38,0,0,0,0,0,"Salmo","Salmo","Salmoniformes","Actinopterygii",1,"genus","twocon",61,"caccgcggttatacgagagaccctagttgataactaccggcgtaaagagtggttacggaaaaatattcaataaagccgaacaccccctcagccgtcatacgcacctgggggcacgaagatctactgcgaaagcagctttaattatgcctgaacccacgacagctacgaca"
"87",89,"dme2_000011474",0,0,0,0,3,0,0,0,0,0,0,0,0,"Spinachia spinachia","Spinachia","Gasterosteiformes","Actinopterygii",1,"species","threecon",3,"caccgcggttatacgagaggcccgagttgataggtaccggcgtaaagggtggttaagtcaaaataaaactaaagccaaacgtctccaaggctgttatacgcatacggagataagaagaacaaccacgaaagtggctttatttatcctgaacccacgaaagctaagata"
"88",90,"dme2_000013208",0,0,0,0,0,5,5,5,0,0,0,0,0,"Trisopterus minutus","Trisopterus","Gadiformes","Actinopterygii",1,"species","twocon",15,"caccgcggttatacgagagacccaaattgataaaaacggcgtaaagcgtggttaagaaaacaaaaagatacggccgaacagattcaaagcagttatacgcattcgaaacaacgaagatcaaacacgaaggttgccctaaaacctccgattccacgaaagccataaaa"
"90",92,"dme2_000015084",0,0,0,0,12,0,0,0,0,0,0,0,0,"Balaenoptera physalus","Balaenoptera","Artiodactyla","Mammalia",1,"species","ecotag",12,"caccgcggtcatacgatcgacccaaattaatagaagcacggcgtaaagagtgttaaggagccacatgaaataaagtcaaaccttaattaagctgtaaaaagccctaattaaaattaagccaaactacgaaagtgactttaatataatctgatcacacgacagctaagatc"
"91",93,"dme2_000016725",0,0,0,0,0,4,0,0,3,0,5,0,0,"Salmo salar","Salmo","Salmoniformes","Actinopterygii",1,"species","twocon",12,"caccgcggttatacgagaggccctagttgataactaccggcgtaaagagtggttacggaaaaatatttaataaagccgaacaccccctcagccgtcatacgcacctgggggcacgaagatctactacgaaagcagctttaattatacctgaacacacaatagctaagacc"
"94",96,"dme2_000018788",0,0,0,0,42,0,0,0,0,0,0,0,0,"Ammodytes tobianus","Ammodytes","Perciformes/Uranoscopoidei","Actinopterygii",0.99,"species","twocon",42,"caccgcggttatacgagaggcccaagctgatagaccccggcgtaaagagtggttagggtaaacttaaaactaaagccgaacaccctcacagctgttatacgcacccgagagcaagaagcccaactacgaaagtggctttacaacccctgaacccacgaaagctatgaca"
"96",98,"dme2_000019802",0,0,0,0,73,114,3,0,0,0,0,0,0,"Gobiusculus flavescens","Gobiusculus","Perciformes","Actinopterygii",1,"species","twocon",190,"caccgcggttatacgagaggcccaagttgacggatgccggcgtaaaatgtggttaatttacagtattacactaaagcaaaacaccttctaagctgttatatgctctcgaagacaggaggcccctttacgaaagtagctttaaacaatatgaccccacgaaagctagggaa"
"97",99,"dme2_000020231",0,0,0,0,0,0,0,27,0,0,0,0,0,"Anser anser","Anser","Anseriformes","Aves",1,"species","ecotag",27,"caccgcggtcatacaagaaacccaaatcaaccgtcctattaacacggcgtaaagagtggtaaaatgcctatcctagctaactaagatcaaaatgcagctaagctgtcataagcccaagatgcacctaaacacaccattaagatgatcttaggaactaacgactgatttaaacccacgaaagccagggcc"
"98",100,"dme2_000020606",0,0,0,0,0,0,0,5,0,0,0,0,0,"Pholis gunnellus","Pholis","Perciformes","Actinopterygii",1,"species","twocon",5,"caccgcggttatacgagaggcccaagttgacagacatcggcgtaaagagtggttaagttaaaattgtactaaagccgaacatcctccaggctgttatacgcatccgaagataagaagttcaaccacgaaggtagctttaattatacctgaacccacgacagctacgaca"
"100",102,"dme2_000021787",0,0,0,0,0,0,0,20,0,0,0,0,0,"Somateria","Somateria","Anseriformes","Aves",1,"genus","ecotag",20,"caccgcggtcatacaagagacccaaatcaactgtcccatacgagcggcgtaaagagtggtaaaatgcttatcctactcaactaagatcaaaatgcaactaagctgtcgcaagcacaagatgcacctaaacacaccatcaagatgatcttaggaactagcgattaatttaagtccacgaaagccagggcc"
"101",103,"dme2_000022335",0,0,0,0,0,9,0,0,0,0,0,0,0,"Phocidae","None","Carnivora","Mammalia",0.988095238095238,"family","ecotag",9,"caccgcggtcatacgattaacccaaactaataggccctcggcgtaaagcgtgttaaagatcaacccacactaaagctaaaacctaaccaagccgtaaaaagctaccgttaacataaaatagaccacgaaagtgactttactaactctgacagcacgatagctaagacc"
"103",105,"dme2_000023951",0,0,0,0,0,22,0,0,0,0,0,0,0,"Labrus bergylta","Labrus","Perciformes","Actinopterygii",1,"species","twocon",22,"caccgcggttatacgaaagacccaagttgataatcaccggcgtaaagagtggttaagataaacccccaaactaaagccgaacatcttcaaagctgttatacgcacacgaagaaaagaaacccaaccacgaaagtggctttataatatctgaccccacgaaagctatgtca"
"108",110,"dme2_000030376",0,0,0,0,0,0,0,0,0,0,19,0,0,"Callionymus lyra","Callionymus","Perciformes","Actinopterygii",1,"species","twocon",19,"cgccgcggttatacgcaaggcccaaattgataaagacggcgtaaagggtggttaagcaaataataagataaggtagaactcaccgttcagctgtttaaagctaaacgaagaagaaccccataaacgaaagttaccttaaaatgttgaatccacgaaagctggggta"
"109",111,"dme2_000030834",0,0,0,0,0,0,0,0,0,4,0,0,0,"Trisopterus minutus","Trisopterus","Gadiformes","Actinopterygii",1,"species","twocon",4,"caccgcggttatacgagagacccaaattgataaaaacggcgtaaagcgtggttaagaaaacaaaaagatacggccgaacagattcaaagcagttatacgcattcgaaacaacgaaggttctacacgaaggttgccctaaaaaactctgattccacgaaagccataaaa"
"113",115,"dme2_000034037",0,0,0,0,0,0,0,0,3,0,0,0,0,"Trisopterus minutus","Trisopterus","Gadiformes","Actinopterygii",1,"species","twocon",3,"caccgcggttatacgagagacccaaattgataaaaacggcgaaaagcgtggttaagaaaacaaaaagatacggccgaacagattcaaagcagttatgcgcattcgaaacaacgaagatcaaactcgaaggttgccctaaaaaactctgattccacgaaagccataaaa"
"114",116,"dme2_000034339",0,0,0,0,0,0,0,7,0,0,0,0,0,"Trisopterus minutus","Trisopterus","Gadiformes","Actinopterygii",0.99,"species","twocon",7,"caccgcggttatacgagaggctcaaattgatgaaaaacggcgtaaagcgtggttaagaaaacaaaaagatacggccgaacagattcaaagcagttatacgcattcgaaacaacgaagatcaaacacgaaggttgccctaaaaaactctgattccacgaaagccataaaa"
"115",117,"dme2_000039099",0,0,0,0,0,4,4,14,0,0,0,0,0,"Clupea harengus","Clupea","Clupeiformes","Actinopterygii",1,"species","twocon",22,"caccgcggttatacgagagaccctagttgatatattcggcgtaaagagtggttatggaaaacaagcactaaagccaaagagccctcaggccgttatacgcacccggggcctcgaaccactatcacgaaagtagctttaccctcgcccaccagaacccacgacagctacgaca"
"116",118,"dme2_000040458",0,0,0,0,0,3,0,0,0,0,0,0,0,"Molva molva","Molva","Gadiformes","Actinopterygii",1,"species","twocon",3,"caccgcggttatacgagagacccaaattgataaaaacggcgtaaagcgtggttaaggaaataaaaagaatagggccgaacaacctcaaagcagttatacgcattcgaggtcacgaagcacagtcacgaaagtggccctactaaatccctgattccacgaaagccataaaa"
"119",121,"dme2_000044330",0,0,0,0,0,0,0,3,0,0,0,0,0,"Halichoerus grypus","Halichoerus","Carnivora","Mammalia",0.982142857142857,"species","ecotag",3,"taccgcggtcatacgattaacccaaactaataggccctcggcgtaaagcgtgttaaagatcaacccacactaaagctaaaacctaaccaagccgtaaaaagctaccgttaacataaaataaactacgaaagtgactttactaactctgacagcacgacagctacgaca"
"123",125,"dme2_000053931",0,0,0,0,0,7,0,0,0,0,0,0,0,"Gadidae","None","Gadiformes","Actinopterygii",0.988235294117647,"family","ecotag",7,"caccgcggttatacgagaggcccaaattgatgaaaaacggcgtaaagcgtggttaagaaaaaagagaaaatatggccgaacagcttcaaagcagttatacgcatccgaagtcacgaagaacaatcacgaaagttgccttaaaacctctgattccacgaaagccataaaa"
"128",130,"dme2_000062910",0,0,0,0,0,0,0,25,0,0,0,0,0,"Zeugopterus regius","Zeugopterus","Pleuronectiformes","Actinopterygii",1,"species","twocon",25,"caccgcggttaaacgaggggcccaagttgacagacaacggcgtaaagagtggttagggactacaacaaactaaagctgaaggctctcgcaactgttatacgtattcgagagtccgaaacccaactacgaaagtggctttgcaaaacctgatcccacgaaagctaagaaa"
"129",131,"dme2_000064174",0,0,0,0,0,0,0,0,0,4,0,0,0,"Trisopterus minutus","Trisopterus","Gadiformes","Actinopterygii",1,"species","twocon",4,"caccgcggttatacgagagacccaaattgataaaaacggcgtaaagcgtggttaagaaaacaaaaagatacggccgaacagattcaaagcagttatacgcattcgaaacaacgaagatcaaacacgaaggttgccctaaaaaactctgattccacgaaagcttaaacc"
"130",132,"dme2_000064748",0,0,0,0,0,0,0,3,0,0,0,0,0,"Salmo salar","Salmo","Salmoniformes","Actinopterygii",1,"species","twocon",3,"ctccgcggttatacgagaggccctagttgataactaccggcggagagaggggggacggaaaaatatttaataaagccgaacaccccctcagccgtcatacgcacctgggggcacgaagatctactacgaaagcagctttaattatacctgaacccacgacagctacgaca"
"131",133,"dme2_000064952",0,0,0,0,0,0,0,0,0,3,0,0,0,"Trisopterus minutus","Trisopterus","Gadiformes","Actinopterygii",1,"species","twocon",3,"ccgcggttatacgagagacccaaattgataaaaacggcgtaaagcgtggttaagaaaacaaaaagatacggccggacagattcaaagcagttatacgcattcgaaacaacgaagatcaaacacgaaggttgccctaaaaaactctgattccacgaaagccataaag"
"134",136,"dme2_000069817",0,0,0,0,0,3,0,0,0,0,0,0,0,"Scyliorhinus canicula","Scyliorhinus","Carcharhiniformes","Elasmobranchii",1,"species","threecon",3,"caccgcggttatacgagtgactcacattaacacttcccggcgtaaagtgtgatttaaggatgacctccaaataactatagttatgacctcatcaaattgttatacgcattcgtgaacggaataatcaacaacgaaagtgactctaaattaccaggaatcttgatgtcacgacagttgggccc"
"135",137,"dme2_000070622",0,0,0,0,3,0,0,0,0,0,0,0,0,"Taurulus bubalis","Taurulus","Scorpaeniformes","Actinopterygii",1,"species","threecon",3,"caccgcggttatacgagaggcccaagttgacaaacaccggcgtaaagcgtggttagggaaaactcacactaaagccaagcatcttccaggctgttatacgcaactgaagataggaagttcaaccacgaaagtggctttaccagacctgaatccacgagagctaaggaa"
"139",141,"dme2_000075902",0,0,0,0,0,0,0,6,0,0,0,0,0,"Liparis montagui","Liparis","Scorpaeniformes","Actinopterygii",1,"species","twocon",6,"caccgcggttatacgagaggcccaagttgaaagacaccggcgtaaagcgtggttaaactaaaatttaaactaaagttaaacatcttcaagactgttatacgtacccgaaggcaggaaccccaattacgaaagtaactttatataagctgaacccacgaaagctatgaca"
"141",143,"dme2_000076377",0,0,0,0,0,0,0,11,0,0,0,0,0,"Ammodytes","Ammodytes","Perciformes/Uranoscopoidei","Actinopterygii",0.988165680473373,"genus","threecon",11,"caccgcggttatacgagaggcccaagctgatagaccccggcgtaaagagtggttaagataaacttgaaactaaagccgaacaccctcacagttgttatacgcacccgagagtaagaagcccaactacgaaagtggctttacaacccctgaacccacgaaagctatgaca"
"142",144,"dme2_000076889",0,0,0,0,3,0,0,0,0,0,0,0,0,"Scomber scombrus","Scomber","Scombriformes","Actinopterygii",1,"species","threecon",3,"caccgcggttatacgataggcccaagttgacagaccccggcgtaaagcgtggttagggaaaatttaaaactaaagccgaacaccttcagggcagtcatacgcttccgaaggcacgaagcccctccacgaaagtggctttactacccccgaccccacgaaagctagga"
"143",145,"dme2_000077444",0,0,0,0,0,0,0,11,0,0,0,0,0,"Felis catus","Felis","Carnivora","Mammalia",1,"species","ecotag",11,"caccgcggtcatacgattagcccaaactaatagacccacggcgtaaagcgtgttacagagaaaaaaatatactaaagttaaattttaactaggccgtagaaagctagagttaacataaaaatacagcacgaaagtaactttaacacctccgactacacgacagctaagacc"
"145",147,"dme2_000086426",0,0,0,0,0,0,0,0,0,0,0,3,0,"Trisopterus minutus","Trisopterus","Gadiformes","Actinopterygii",1,"species","twocon",3,"caccgcggttatacgagagacccaaattgataaaaacggcgtaaagcgtgataagaaaacagaaagatacggccgaacagattcaaagcagttatacgcattcgaaacaacgaagatcaaacacgaaggttgccctaaaaaactctgattccacgaaagccataaaa"
"147",149,"dme2_000091997",0,0,0,0,17,0,0,0,0,0,0,0,0,"Anserinae","None","Anseriformes","Aves",0.989417989417989,"subfamily","ecotag",17,"caccgcgctcatacaagaaacccaaatcaaccgtcctattgacacggcgtaaagagtggtaaaatgcctatcctagctaactaagatcaaaatgcaactaagctgtcataagcccaagatgcacctaaacacaccattaagatgatcttaggaactaacgactgatttaaacccacgaaagccagggcc"
"151",153,"dme2_000103709",0,0,0,0,0,0,0,0,0,0,5,0,0,"Trisopterus minutus","Trisopterus","Gadiformes","Actinopterygii",1,"species","twocon",5,"caccgcggttatacgagagacccaaattgataaaaacggcgtaaagcgtggttaagagaacaaaaagatacggccgaacagattcaaagcagttatacgcattcgaaacaacgaagatcaaacacgaaggttgccctaaaaaactctgattccacgaaagctacggca"
"153",155,"dme2_000112918",0,0,0,0,0,0,0,0,0,0,0,3,0,"Trisopterus esmarkii","Trisopterus","Gadiformes","Actinopterygii",1,"species","twocon",3,"caccgcggttatacgagagacccaaattgataaaaactgcgtaaagcgtgttaagaagacaaaaaaatacggccgaacagattcaaagcagttatacgcattcgaaacaacgaagatcaagcacgcaagttgccctaaaaaactctgaccccacgaaagccataaaa"
"154",156,"dme2_000119826",0,0,0,0,0,0,4,0,0,0,0,0,0,"Salmo salar","Salmo","Salmoniformes","Actinopterygii",1,"species","twocon",4,"ctccgcggttatacgagaggcccgagtggagaactaccggcggaaagaggggggacggaaaaatatttaataaagccgaacaccccctcagccgtcatacgcacctgggggcacgaagatctactacgaaagcagctttaattatacctgaacccacgacagctacgaca"
"158",160,"dme2_000136989",0,0,0,0,0,0,0,4,0,0,0,0,0,"Ammodytes","Ammodytes","Perciformes/Uranoscopoidei","Actinopterygii",0.988165680473373,"genus","threecon",4,"caccgcggttatacgagaggcccaagctgatagaccccggcgtaaagagtggttaagataaacttaaaactaaagccgaacaccctcacagctgttatacgcacccgagagtaagaagcccaactacgaaagtggctttacaacccctgaacccacgaaagctatga"
"159",161,"dme2_000140327",0,0,0,0,0,0,0,4,0,0,0,0,0,"Gadus","Gadus","Gadiformes","Actinopterygii",1,"genus","twocon",4,"ctccgcggttatacgagaggcccaaattgatgaaaaacggcggaaagcggggggaagaaaaaagagaaaatatggccgaacagcttcaaagcagttatacgcatccgaagtcacgaagaacaatcacgaaagttgccctaaaacctccgattccacgaaagccataaaa"
"160",162,"dme2_000141834",0,0,0,0,0,0,0,0,0,3,0,0,0,"Trisopterus minutus","Trisopterus","Gadiformes","Actinopterygii",1,"species","twocon",3,"caccgcggttatacgagagacccaaattgataaaaacggcggaaagcggggggaagaaaacaaaaagatacggccgaacagattcaaagcagttatacgcattcgaaacaacgaagatcaaacacgaaggttgccctaaaaaactctgattccacgaaagccataaaa"
"164",166,"dme2_000167624",0,0,0,0,0,0,0,3,0,0,0,0,0,"Salmo salar","Salmo","Salmoniformes","Actinopterygii",0.99,"species","twocon",3,"caccgcggttatacgagaggccctggttgataactaccggcgtaaagagtggttacggaaaaatatttaataaagccgaacaccccctcagccgtcatacgcacctgggggcacggagatctactacgaaagcagctttaattatacctgaacccgcgacagctacgaca"
"165",167,"dme2_000176976",0,0,0,0,0,0,0,0,0,0,0,3,0,"Trisopterus esmarkii","Trisopterus","Gadiformes","Actinopterygii",0.98,"species","twocon",3,"caccgcggttatacgagagacccaaattgataaaaacggcgtaaagcgtggttaagaagacaaaaaaatacggccgaacagattcagagcagttatacgcattcgaaacaacgaagatcgagcacgcaagttgccctaaaaaactctggccccacgaaagccataaaa"
