"","id","sample.4AtLIV_eDNA_FBblank","sample.4BtLIV_eDNA_seA_bottle1","sample.4CtLIV_eDNA_seB_bottle2","sample.4DtLIV_eDNA_DeC_bottle3","sample.4EtLIV_eDNA_DeD_bottle4","sample.4FtLIV_MPEtA_Wendy","sample.4GtLIV_MPEtB_Rosie","sample.5AtLIV_MPEtC_Cath","sample.5BtLIV_MPbC_Cath","sample.5CtLIV_MPbB_Rosie","sample.5DtLIV_MPbA_Wendy","sample.6HtNEW_MPEt1_unis","sample.7AtNEW_MPb1_unis","sample.7BtNEW_MPEt2_unis","sample.7CtNEW_MPb2_unis","sample.7DtNEW_MPEt3_unis","sample.7EtNEW_MPb3_unis","sample.7FtNEW_MPEt4_unis","sample.7GtNEW_MPb4_unis","sample.7HtNEW_MPEt5_unis","sample.8AtNEW_MPb5_unis","sample.8BtNEW_MPEt6_unis","sample.8CtNEW_MPb6_unis","sample.8Dt_EBMay_13extblank","sample.8Et_EBJun_12extblank","sample.8Ft_EBJun_13extblank","sample.8HtLIV_FBEtblank","final_name","final_genus","final_order","final_class","pid","final_rank","method_assign","total_reads","sequence"
"1","dmt2_000000009",26811,6314,23032,14384,8906,19405,10829,13163,15156,2076,10005,22954,30059,18469,18466,33387,2745,25855,30234,32036,15778,73924,2166,0,22670,14630,21739,"Homo sapiens","Homo","Primates","Mammalia",1,"species","human_assign",623887,"gcggtcacacgattaacccaagtcaatagaagccggcgtaaagagtgttttagatcaccccctccccaataaagctaaaactcacctgagttgtaaaaaactccagttgacacaaaatagactacgaaagtggctttaacatatctgaacacacaatagctaagacc"
"2","dmt2_000000013",4,1,5,8,4,6,3,6,7,2,0,2,2,10,4,2,1,1,0,0,0,3,0,0,0,2,1,"Gymnothorax kidako","Gymnothorax","Anguilliformes","Actinopterygii",1,"species","twocon",149212,"gcggttatacgagaggcccaaattgacgcaccacggcgtaaagtgtgattagagatcaacccagactaaagccgaacaccccttatgctgtcatacgccatgggggtcacgaagctcaacagcgaaagtggctttatgaatcttgaactcacgacagctaggaca"
"3","dmt2_000000015",0,0,1,1,0,0,1,0,0,0,0,0,0,1,0,1,0,0,2,1,0,3,0,0,0,0,0,"Platax","Platax","Acanthuriformes","Actinopterygii",1,"genus","twocon",19551,"gcggttatacgagagacccaagttgataaacaccggcgtaaagagtggttatgactaacaattaaactaaagccgaacgctctcagagctgttatacgcatccgaaagtaagaagcccaaccacgaaagtagctttacacccctgaacccacgaaagctaagata"
"4","dmt2_000000019",0,4,2,0,1,0,1,0,1,2,1,2812,0,90498,3,9285,1,2375,0,256,1,2686,0,0,1,4,0,"Pollachius virens","Pollachius","Gadiformes","Actinopterygii",1,"species","ecotag",107955,"gcggttatacgagaggctcaaattgatgaaaaacggcgtaaagcgtggttaagaaaataagaggaaatacggccgaacaacttcaaagcagttatacgcatccgaagtcacgaagaacaatcacgaaagttgccctaaaatctccgattccacgaaagccataaaa"
"6","dmt2_000000031",4,9823,18325,7272,2386,7715,10753,6351,18810,1,3844,1,0,3,3,4,2,3,2,1,1,1,0,0,0,2,1,"Gasterosteus aculeatus","Gasterosteus","Gasterosteiformes","Actinopterygii",1,"species","threecon",85350,"gcggttatacgagaggcccaagttgatgaattacggcgtaaagagtggttaagctaaaattaaaactaaagccgaacacccccaaagctgttatacgcatccggaggtgagaagttcaaccacgaaggtggctttatctaacctgaacccacgaaagctacggca"
"7","dmt2_000000035",4,1673,36,5,4,4,43,14536,4085,19117,4,399,0,168,22914,313,7955,6,3,5,1,11,1,0,3776,117,0,"Pangasianodon hypophthalmus","Pangasianodon","Siluriformes","Actinopterygii",1,"species","ecotag",111473,"gcggttatacgaaagaccccagttgataactacggcgtaaagggtggttaagggatataaaaataaagctaaagactctctaagccgtcatacgcactccgagagcacgaaaccctgacacgaaagtagctttaaacaaacttcacctgaccccacgaaagctaagaaa"
"8","dmt2_000000037",0,0,0,1,0,0,0,0,0,0,0,0,0,0,0,0,1,0,1,0,0,0,0,0,0,0,0,"Myripristis","Myripristis","Holocentriformes","Actinopterygii",1,"genus","twocon",4675,"gcggttatacgagaggtccaagttgatagaaaccggcgtaaagagtggttaggggaatcttacttaactaaagccaaacaccttcagaactgttatacgtacccgaaggcatgaagaaccactacgaaagtggctttactaaccctgaacccacgaaagctatgcca"
"9","dmt2_000000039",0,0,0,0,0,0,0,0,2,1,0,0,0,2,0,0,0,0,0,0,0,0,0,0,0,0,0,"Diagramma","Diagramma","Eupercaria/misc","Actinopterygii",1,"genus","twocon",7901,"gcggttatacgagaggcccaagttgataagcatcggcgtaaggagtggttaagacaaatcaaatactaaagccgaataccttcacagctgtcatacgcaacacgaaggctagaagttcaactacgaaagtggctttataatatctgaacccacgaaagctatggta"
"10","dmt2_000000046",0,1,0,1,0,0,0,0,0,0,0,0,0,0,0,0,0,0,0,0,0,0,0,0,0,0,0,"Lachnolaimus maximus","Lachnolaimus","Labriformes","Actinopterygii",1,"species","ecotag",4,"gcggttatacgagaggcccaagttgataagcatcggcgtaaagagtggttaagggaccaactaaactaaagccaaatgccctccaaactgttatacgcacccgagcgccagaaactcaaccacgaaagtggctttacaacccctgaccccacgaaagctatggaa"
"11","dmt2_000000058",0,134,95,7977,5016,1900,54,0,0,0,0,0,0,0,0,0,0,0,1,0,0,45,0,0,0,1,0,"Larus","Larus","Charadriiformes","Aves",1,"genus","ecotag",15227,"gcggtcacacaagagacccaaattaaccgtatacggcgtaaagagtggcactatgatatcacagtgactaggattaagatgcaactaagctgtcataagcccaaggtgtacttaagatcacctttaagatgatcctagtacttctgattgatttaaccccacgaaagctagggca"
"12","dmt2_000000086",0,2470,2693,5085,2150,731,259,516,152,0,0,0,0,2,1,0,0,0,0,0,0,0,0,1,0,0,0,"Anguilla anguilla","Anguilla","Anguilliformes","Actinopterygii",1,"species","twocon",14062,"gcggttatacgaggggctcaaattgatattacacggcgtaaagcgtgattaaaaaacaaaaaaactaaagccaaacacttcccaagctgtcatacgctaccggaacataaacgaagccctataacgaaagtagctttaacacctttgaactcacgacagttgaggaa"
"13","dmt2_000000088",0,0,0,0,0,0,0,0,0,0,0,0,0,0,0,0,0,0,0,0,0,0,0,0,1,0,0,"Chrysiptera cyanea","Chrysiptera","Ovalentaria/misc","Actinopterygii",1,"species","threecon",2551,"gcggttatacgagaggcccaagttaacagacaacggcgtaaagcgtggttagggaaatctttaaactaaagccgaacgccctcagagctgtcaaacgcttacgagctaagaagccccattacgaaagtagctttattttacctgaccccacgaaagctgaggaa"
"14","dmt2_000000127",0,6,35,3731,559,0,1,0,3,0,913,0,0,1,0,0,0,0,0,0,0,0,0,0,0,0,0,"Columba livia","Columba","Columbiformes","Actinopterygii",1,"species","ecotag",5249,"gcggtcacacaagagacccaagctaatcgtttgcggcgtaaagagtggactcatgcttatcacactaattaaggtcaaaacgcaactgagctgtcataagcctaagatgcatttaaaaccgccctaaagatgaccctaaattcacaagacttaatgaactccacgaaagccagggca"
"15","dmt2_000000129",0,0,0,0,0,0,0,0,0,0,0,0,0,0,0,0,0,127,1589,0,0,0,0,0,0,0,0,"Gymnammodytes semisquamatus","Gymnammodytes","Perciformes","Actinopterygii",1,"species","twocon",1717,"gcggttatacgagaggcccaagctgatagaccccggcgtaaagagtggttaaggtgaatataaaactaaggccgaactctctcatggctgttatacgcacccgagagtaagaagatcaactacgaaagtggctttacaacccctgaacccacgaaagctaaggaa"
"16","dmt2_000000149",0,6,23,2464,1075,0,0,0,2,0,0,1,0,0,0,0,0,0,0,0,0,2,0,0,0,0,0,"Phasianinae","None","Galliformes","Aves",1,"subfamily","ecotag",3575,"gcggtcatacaagaaacccaaatcaatagctacccggcgtaaagagtggccacatgttatctgcaccagctaagattaaaatgcaaccaagctgtcataagcctaagatccacctaaacccaacccaaatccatcttagcctcaacgattaattttaacccacgaaagctaggacc"
"17","dmt2_000000150",0,0,0,0,0,0,0,0,0,0,0,0,0,0,3024,0,0,0,0,0,0,0,0,0,0,0,0,"Pangasianodon hypophthalmus","Pangasianodon","Siluriformes","Actinopterygii",0.988165680473373,"species","ecotag",3024,"gcggttatacgaaagaccccagttggtaactacggcgtaaagggtggttaagggatataaaaataaagctaaagactctctaagccgtcatacgcactccgagagcacgaaaccctgacacgaaagtagctttaaacaaacttcacctgaccccacgaaagccaagaaa"
"18","dmt2_000000161",0,0,0,0,0,0,1,0,0,0,0,0,0,0,0,0,0,0,0,0,0,0,0,0,0,0,0,"Siganus","Siganus","Acanthuriformes","Actinopterygii",1,"genus","twocon",2903,"gcggttatacgagagacccaagttgatagacagcggcgtaaagagtggttaagaacaaaccccaaactaaagccgaacgctctcaaagctgtcatacgcactcgagagtatgaagttcaattacgaaagtggctttactttttctgaacccacgaaagctagggca"
"19","dmt2_000000194",0,0,0,1,0,0,0,0,0,0,0,0,0,0,0,0,0,559,0,998,0,1290,0,0,0,0,0,"Labrus bergylta","Labrus","Perciformes","Actinopterygii",1,"species","twocon",2849,"gcggttatacgaaagacccaagttgataatcaccggcgtaaagagtggttaagataaacccccaaactaaagccgaacatcttcaaagctgttatacgcacacgaagaaaagaaacccaaccacgaaagtggctttataatatctgaccccacgaaagctatgtca"
"21","dmt2_000000200",0,0,2,0,0,0,1,1,0,0,2,1,0,0,0,0,0,0,0,1,0,0,0,0,0,0,0,"Chaetodon","Chaetodon","Acanthuriformes","Actinopterygii",1,"genus","threecon",14387,"gcggttatacgagagactcaagttgacagtcatcggcgtaaagagtggttaagatgtataaaaactagagctaaataccctcaaagctgttatacgctctcgaaggtaagaagcccaactacgaaagtggctctattatatctgattccacgaaagctagggca"
"23","dmt2_000000229",0,94,84,1,1,0,0,0,0,0,0,0,0,0,0,0,0,0,0,0,0,0,0,0,0,0,0,"Pomatoschistus minutus","Pomatoschistus","Gobiiformes","Actinopterygii",0.99,"species","threecon",2003,"gcggttatacgagaggcccaagttgatggatgccggcgtaaaatgtggttaatttacagtattacactaaagcaaaacaccttctaagctgttatatgctctcgaagacaggaggcccttttacgaaagtagctttaaatggtatgaccccacgaaagctaggaaa"
"24","dmt2_000000250",0,0,0,1,0,0,0,0,0,0,0,0,0,0,0,0,0,0,0,0,0,0,0,0,0,0,0,"Sus scrofa","Sus","Artiodactyla","Mammalia",0.994011976047904,"species","ecotag",4,"gcggtcatacgattaacccaaattaatagatccacggcgtaaagagtgtttaagaaaaaaaaaatcacaatagagttaaattataactaagctgtaaaaagccctagttaaaataaaataacccacgaaagtgactctaataatcctgacacacgatagctaggacc"
"25","dmt2_000000254",2,2693,377,915,403,1,136,133,11,0,5342,0,0,3,0,0,0,1,0,0,0,1,0,0,0,0,0,"Atherina boyeri","Atherina","Atheriniformes","Actinopterygii",1,"species","threecon",10022,"gcggttatacgagaggcccaagttgatacccgccggcgtaaagagtggttaaggagacccacaactaaagccgaacactctcagagctgttatatgcacccgagagcaagaagcccactcacgaaagtagctttaatcttcctgaccccacgtaagctgagaaa"
"26","dmt2_000000271",0,0,0,1,1,0,1,1,0,0,0,529,0,34,1,0,0,6466,0,1,0,521,0,0,3,0,0,"Ammodytes marinus","Ammodytes","Perciformes","Actinopterygii",0.98,"species","twocon",7594,"gcggttatacgagaggcccaagctgatagaccccggcgtaaagagtggttaagatagacttaaaactaaagccgaacaccctcacagctgttatacgcacccgagagtaagaagcccaactacgaaagtggctttacaacccctgaacccacgaaagctatgaca"
"27","dmt2_000000287",0,0,0,0,0,0,0,0,0,0,0,0,0,0,1,0,0,0,4729,0,0,0,0,0,0,0,0,"Alca torda","Alca","Charadriiformes","Aves",0.994318181818182,"species","ecotag",4731,"gcggtcacacaagagacccaaattaaccgtatgtcggcgtaaagagtggtactacgatatcatgataactaggattgaaatgcggctaggctgtcataagctcaagacgcacttaaagccatctttaagatgatcctagcatctttgatcaatttaattccacgaaagctagggca"
"28","dmt2_000000302",0,0,0,0,0,0,0,0,0,0,0,0,0,0,0,0,0,1,0,0,0,0,0,0,0,0,0,"Holacanthus ciliaris","Holacanthus","Acanthuriformes","Actinopterygii",0.98,"species","twocon",551,"gcggttatacgagaggcccaagttgttagacatcggcgtaaagcgtggttaagataactcaaatactaaagctaaacaccacccccactgttatacgttcacggaggtaggaagcccaatcacgaaagtagctttataatatctgagcccacgaaagctagggca"
"29","dmt2_000000408",0,0,0,172,257,0,0,0,1,0,0,0,0,0,0,0,0,0,0,0,0,0,0,0,0,0,0,"Rattus norvegicus","Rattus","Rodentia","Mammalia",1,"species","ecotag",430,"gcggtcatacgattaacccaaactaattattttcggcgtaaaacgtgccaactataaatctcataatagaattaaaatccaacttatatgtgaaaattcattgttaggacctaagcccaataacgaaagtaattctagtcatttatataatgcacgatagctaagacc"
"30","dmt2_000000424",0,3,2,0,0,0,1,0,1,0,0,1,1,1,0,1,0,0,0,0,1,2,0,0,0,0,0,"Abudefduf","Abudefduf","Ovalentaria/misc","Actinopterygii",1,"genus","threecon",31602,"gcggttatacgagaggctcaagttgacagacaacggcgtaaagagtggttaaggaacttattaaactaaagccgaacgccctcagaactgttatacgtttccgaaggtaagaagccccaccacgaaagtgactttattttccccgactccacgaaagctgcgtaa"
"31","dmt2_000000468",0,0,0,0,0,0,0,0,0,0,0,0,0,1,0,0,0,0,0,0,0,0,0,0,0,0,0,"Chrysiptera cyanea","Chrysiptera","Ovalentaria/misc","Actinopterygii",1,"species","threecon",2328,"gcggttatacgagaggctcaagttaacagacaacggcgtaaagcgtggttagggaaatctttaaactaaagccgaacaccctcagagctgttaaacgcttacgagctaagaagccccattacgaaagtagctttattttacctgaccccacgaaagctgaggaa"
"32","dmt2_000000503",0,0,0,0,0,0,0,0,0,0,0,0,0,8,0,0,0,0,0,0,0,0,0,0,0,0,0,"Scomber scombrus","Scomber","Scombriformes","Actinopterygii",1,"species","threecon",8,"gcggttatacgataggcccaagttgacagaccccggcgtaaagcgtggttagggaaaatttaaaactaaagccgaacaccttcagggcagtcatacgcttccgaaggcacgaagcccctccacgaaagtggctttactacccccgaccccacgaaagctaggaca"
"33","dmt2_000000511",0,0,0,0,0,0,0,0,0,0,0,0,0,33,0,0,0,0,0,0,0,779,0,0,0,0,0,"Cyclopterus lumpus","Cyclopterus","Scorpaeniformes","Actinopterygii",1,"species","threecon",815,"gcggttatacgagaggcccaagttgacagacaccggcgtaaagagtggttaagctaaaacttaaactaaagccaaacatcttcaagactgttatacgtacccgaagacaggaaactcaaccacgaaagtagctttatttaatctgaccccacgaaagctacggca"
"34","dmt2_000000537",0,0,1,0,0,0,0,0,0,0,0,0,0,0,0,0,0,0,0,0,0,0,0,0,0,0,0,"Acanthurus","Acanthurus","Acanthuriformes","Actinopterygii",0.981927710843373,"genus","threecon",84,"gcggttatacgagagacccaagttgacagacaatcggcgtaaagagtggttaagtaatatatttcactaaagccaaacaccttcaaagctgttatacgcacccgaagatcagaagcccaatcacgaaagtggctttaaactaactgaacccacgaaagctaggaca"
"36","dmt2_000000681",0,0,0,0,0,0,0,0,0,0,0,0,0,19,0,0,0,0,0,0,0,44,0,0,0,0,0,"Uria aalge","Uria","Charadriiformes","Aves",1,"species","ecotag",63,"gcggtcacacaagagacccaaattaacagtatgtcggcgtaaagagtggtactatgatatcattgcaactaggattgaaatgcagctaagctgtcataagcccaagacgcacttaaagtcaccttcaagatgatcctagcgcctctgattaatttaaccccacgaaagctagggca"
"37","dmt2_000000698",0,5,0,0,0,0,0,0,0,0,0,50,0,0,0,0,0,94,1,0,0,1111,0,0,0,0,0,"Pholis gunnellus","Pholis","Perciformes","Actinopterygii",1,"species","twocon",1261,"gcggttatacgagaggcccaagttgacagacatcggcgtaaagagtggttaagttaaaattgtactaaagccgaacatcctccaggctgttatacgcatccgaagataagaagttcaaccacgaaggtagctttatttaatctgaacccacgaaagctacggca"
"38","dmt2_000000719",0,0,0,0,0,0,0,0,0,0,0,0,0,0,0,0,0,0,0,981,0,0,0,0,0,0,0,"Limanda","Limanda","Pleuronectiformes","Actinopterygii",1,"genus","twocon",1128,"gcggttatacgagaggcccaagttgacaaacaacggcgtaaagggtggttaggggatttactaaactagagccgaacgctttcaaagctgttatacgcacccgaaagtatgaaacccaattacgaaagtagctctacttatcctgaacccacgaaagctaagaaa"
"39","dmt2_000000981",0,2,0,0,0,0,0,0,0,0,0,0,0,0,0,0,0,0,0,0,0,0,0,0,0,0,0,"Melichthys","Melichthys","Tetraodontiformes","Actinopterygii",1,"genus","threecon",1342,"gcggttatacgagaggcccaagctgacagacgccggcgtaaagagtggttaggaaaacataacaaattaaggccgaacgccctcaaggctgttatacgcacccgagagtaagaagtacaacaacgaaagtagccctataaattctgaacccacgaaagctaaggca"
"40","dmt2_000001133",0,0,0,0,0,0,0,1,0,0,0,0,0,0,0,0,0,0,0,0,0,0,0,0,0,0,0,"Pomacanthus","Pomacanthus","Acanthuriformes","Actinopterygii",1,"genus","twocon",1620,"gcggttatacgagggagcccaagttgttaaacatcggcgtaaagcgtggttaagatgattaaaacactaaagccgaacgccttctacactgttatacgtcttccgaaggtaataagcccaatcacgaaagtagctttaactatgtccgaacccacgaaagctagggca"
"41","dmt2_000001174",0,9,17,5,5,10,20,6,21,0,1,0,0,0,0,0,0,0,0,0,0,0,0,0,0,0,0,"Gasterosteus aculeatus","Gasterosteus","Gasterosteiformes","Actinopterygii",1,"species","threecon",94,"ggttatacgagaggcccaagttgatgaattacggcgtaaagagtggttaagctaaaattaaaactaaagccgaacacccccaaagctgttatacgcatccggaggtgagaagttcaaccacgaaggtggctttatctaacctgaacccacgaaagctacggca"
"42","dmt2_000001211",0,182,89,555,263,0,0,0,0,0,0,0,0,0,0,0,0,79,0,16,0,0,0,0,0,0,0,"Bovinae","None","Artiodactyla","Mammalia",1,"subfamily","ecotag",1184,"gcggtcatacgattaacccaagctaacaggagtacggcgtaaaacgtgttaaagcaccataccaaatagggttaaattctaactaagctgtaaaaagccatgattaaaataaaaataaatgacgaaagtgaccctacaatagccgacgcactatagctaagacc"
"44","dmt2_000001345",0,0,0,0,0,0,0,0,0,0,0,0,0,1,0,0,0,0,0,0,0,0,0,0,0,0,0,"Arothron","Arothron","Tetraodontiformes","Actinopterygii",1,"genus","twocon",4577,"gcggttatacgagagacccaagttgttagctcccggcgtaaagagtggttaaaaacacaacattaaactgaggccgaacatcctcaaggcagttatacgctcccgaggacatgaagaacaattacgaaagtagccccaccccatttgaacccacgaaagctaggaca"
"45","dmt2_000001383",0,0,15,0,0,0,0,0,0,0,0,0,0,0,0,0,0,0,0,0,0,0,0,0,0,0,0,"Equus asinus","Equus","Perissodactyla","Actinopterygii",1,"species","ecotag",15,"gcggtcatacgattaacccaaattaataaaccctccggcgtaaagcgtgtcaaagacccatactaaaataaagttaaaacccagttaagctgtaaaaagctacaactaaagtaaaataaactacgaaagtgactttaatacctctgaccacacgatagctaaggcc"
"46","dmt2_000001388",0,0,0,0,0,0,0,0,0,0,1,0,0,0,0,0,0,0,0,0,0,0,0,0,0,0,0,"Siganus","Siganus","Acanthuriformes","Actinopterygii",1,"genus","threecon",697,"gcggttatacgagagacccaagttgatagacagcggcgtaaagcgtggttaagaacaaaacctaaactaaagccgaacactctcaaagctgttatacgcactcgagagtatgaagtccaatcacgaaagtggctttacttattctgaacccacgaaagctagggca"
"47","dmt2_000001420",0,0,0,1,0,0,0,0,0,0,0,0,0,0,0,0,0,0,0,0,0,0,0,0,0,0,0,"Paracanthurus hepatus","Paracanthurus","Acanthuriformes","Actinopterygii",1,"species","threecon",2104,"gcggttatacgagagacccaagttgttagacatcggcgtaaagagtggttaagtactattacttactaaagccgaacaccttcgaagctgtcatacgcacctgaagacaggaagttcaatcacgaaagtggctttataccaactgaatccacgaaagctagggca"
"48","dmt2_000001634",0,83,437,0,0,0,0,0,33,0,0,0,0,0,0,1428,0,0,0,0,0,0,0,0,0,0,0,"Platichthys stellatus","Platichthys","Pleuronectiformes","Actinopterygii",1,"species","ecotag",1983,"gcggttatacgagaggcccaagttgacaaacaacggcgtaaagagtggttaggggatttactaaactagagccgaacgctttcaaagctgttatacgcacccgaaagtatgaaacccaattacgaaagtagctctacctatcctgaacccacgaaagctaaggaa"
"49","dmt2_000001650",0,0,0,0,0,0,0,0,53,0,0,0,0,0,0,0,0,0,0,0,0,0,0,0,0,0,0,"Pangasianodon hypophthalmus","Pangasianodon","Siluriformes","Actinopterygii",0.982248520710059,"species","ecotag",53,"gcggttatacgaaagaccccagttgataactacggcgtaaagggtggttaaggggtataaaaataaagctaaagactctctaagccgtcatacgcactccgagagcacgaaaccctgacacgaaagtagctttaagcaaacttcacctgaccccacgaaagctgagaaa"
"50","dmt2_000001654",0,0,0,1,2,0,0,0,1463,0,0,0,0,0,0,0,0,0,0,0,0,0,0,0,0,0,0,"Gobius niger","Gobius","Perciformes","Actinopterygii",1,"species","threecon",1466,"gcggttatacgagggacccaagttgacagaaaccggcgtaaagagtggttaatataatatagactaaagcaatacaccctcaaagctgttataagctcccgagggcaggagtagctttcacgaaagtggctttaatcaatatgaatccacgagaactagggaa"
"51","dmt2_000001829",0,1,0,0,0,0,0,0,0,0,0,0,0,0,0,0,0,0,0,0,0,0,0,0,0,0,0,"Pseudanthias squamipinnis","Pseudanthias","Perciformes","Actinopterygii",1,"species","ecotag",879,"gcggttatacgaggagcccaagttgatagcctccggcgtaaagcgtggttaagataaaattaaagtaaagcagaacgcaaaccaagctgttatacgcatttgaaagtagaagcccaattacgaaagtagctttatacaactgaccccacgaaagccagggca"
"52","dmt2_000001855",0,0,0,12,3,0,0,0,0,0,0,0,0,0,0,0,0,0,0,0,0,0,0,0,0,0,0,"Phasianus colchicus","Phasianus","Galliformes","Aves",1,"species","ecotag",15,"gcggtcatacaagaaacccgaatcaatagccaaccggcgtaaagagtggtcatatgttatcctcatcacctaagatcgaagtacaactaagctgtcataagcccaagatcttcctaagctccccaaaacatcttagctccacgactaattttaccccacgaaagccaggaca"
"53","dmt2_000001881",0,0,2,0,0,153,0,0,0,0,35,0,0,0,0,0,0,13,0,0,0,58,0,0,0,0,0,"Pan troglodytes","Pan","Primates","Mammalia",0.98159509202454,"species","ecotag",261,"acagccatacaattaacctgagctaatagaactcagcataaagagtgttttaggtctatccttaataaagctaagcttcatctcagttgtataaaaccctagctgaaataaaataaactatgaaggaggctttaatacttctgaagacacaatagctaagacc"
"54","dmt2_000001917",0,0,0,8,0,0,57,212,115,0,717,0,0,0,0,0,0,0,0,0,0,0,0,0,0,0,0,"Mus musculus","Mus","Rodentia","Mammalia",1,"species","ecotag",1109,"gcggtcatacgattaacccaaactaattatcttcggcgtaaaacgtgtcaactataaataaataaatagaattaaaatccaacttatatgtgaaaattcattgttaggacctaaactcaataacgaaagtaattctagtcatttataatacacgacagctaagacc"
"55","dmt2_000002093",0,118,0,156,302,0,341,1172,0,0,0,0,0,3,0,0,0,34,0,390,0,117,0,0,1,0,0,"Canis","Canis","Carnivora","Mammalia",1,"genus","ecotag",3304,"gcggtcatacgattaacccaaactaataggcctacggcgtaaagcgtgttcaagatacttttacactaaagttaaaacttaactaagccgtaaaaagctacagttatcataaaataaaccacgaaagtgactttataataatctgactacacgatagctaagacc"
"56","dmt2_000002196",0,307,416,114,100,0,0,0,0,0,0,0,0,0,0,0,0,0,0,0,0,0,0,0,0,0,0,"Pomatoschistus microps","Pomatoschistus","Gobiiformes","Actinopterygii",1,"species","threecon",938,"gcggttatacgagaggcccaagttgatggatgccggcgtaaaatgtggttaatttacagtattacactaaagcgaaacaccttctaagctgttatatgctttcgaaggcaggagcccctcttacgaaagtagctttaaacgatatgaccccacgaaagctagggaa"
"57","dmt2_000002426",0,0,0,0,0,1,0,0,0,0,0,0,0,0,0,0,0,0,0,0,0,0,0,0,0,0,0,"Siganus","Siganus","Acanthuriformes","Actinopterygii",0.981927710843373,"genus","threecon",18,"gcggttatacgagagacccaagttgatagacagcggcgtaaagcgtggttaagaacaaaacctaaactaaagccgaacactctcaaagctgttatacgcactcgagagtatgaagtccaatcacgaaagtggctttacttattctgaacccgcgaaagctatggta"
"58","dmt2_000002880",0,0,0,0,0,0,0,0,0,0,0,0,0,0,135,0,0,0,0,0,0,0,0,0,0,0,0,"Pangasianodon hypophthalmus","Pangasianodon","Siluriformes","Actinopterygii",0.982248520710059,"species","ecotag",135,"gcggttatacgaaagaccccagttgataactacggcgtaaagggtggttaagggatataaaaatagagctaaaggctctctaagccgtcatacgcactccgagagcacgaaaccctgacacgaaagtagctttaaacaaacttcacttgaccccacgaaagctaagaaa"
"59","dmt2_000003244",0,515,101,56,7,0,0,0,0,0,0,0,0,0,0,0,0,0,0,0,0,0,0,0,0,0,0,"Columba palumbus","Columba","Columbiformes","Actinopterygii",1,"species","ecotag",679,"gcggtcacacaagagacccaaactaatcgttcacggcgtaaagagtggactcatgcttatcgcattaattaaggtcaaaacgcagctgagctgtcataagcttaaggtgcacttaaaaccgccctaaatacgaccctaaactcatacgactcaatgaactccacgaaagccagggta"
"60","dmt2_000003307",0,8,0,13,10,119,12,0,0,0,0,0,0,0,0,0,0,0,0,0,0,0,0,0,0,0,0,"Ovis","Ovis","Artiodactyla","Mammalia",1,"genus","ecotag",162,"gcggtcatacgattgacccaagctaacaggagtacggcgtaaagcgtgttaaagcatcatactaaatagagttaaattttaattaaactgtaaaaagccataattataacaaaaataaatgacgaaagtaaccctacaatagctgatacaccatagctaagacc"
"61","dmt2_000003376",0,1,0,1,0,0,1,0,0,0,0,0,0,0,0,0,0,0,0,1,0,1,0,0,0,0,0,"Canis lupus","Canis","Carnivora","Mammalia",0.987951807228916,"species","ecotag",8,"gcggtcatacgattaacccaaactaataggcctacggcgtaaagcgtgttcaagatacttttacactaaagttaaaacttaactaagccgtaaaaagctacagttatcataaaataaaccacgaaagtgactttataataatctgaacacacaatagctaagacc"
"62","dmt2_000003416",0,0,0,5,2,0,35,0,0,0,0,0,0,0,0,56,0,0,0,0,0,0,0,0,0,0,0,"Felidae","None","Carnivora","Mammalia",1,"family","ecotag",202,"gcggccatacgattaacccaaactaatagacccacggcgtaaagcgtgttacagagaaaaaaatatactaaagttaaattttaactaggccgtagaaagctacagttaacataaaaatacagcacgaaagtaactttaacacctccgactacacgacagctaagacc"
"63","dmt2_000003643",0,0,0,131,428,0,0,0,0,0,0,0,0,0,0,0,0,0,0,1,0,25,0,0,0,0,0,"Canis lupus familiaris","Canis","Carnivora","Mammalia",1,"subspecies","ecotag",585,"gcggtcatacgattaacccaaactaataggcctacggcgtaaagcgtgttcaagatactttaacactaaagttaaaacttaactaagccgtaaaaagctacagttatcataaaataaaccacgaaggtgactttataataatctgactacacgatagctaagacc"
"64","dmt2_000003847",0,0,0,1,0,0,0,0,0,0,0,0,0,0,0,0,0,59,0,0,0,142,0,0,0,0,0,"Clupeinae","None","Clupeiformes","Actinopterygii",0.994047619047619,"subfamily","ecotag",203,"gcggttatacgagagaccctagttgatatactcggcgtaaagagtggttatggaaaacaagcactaaagccaaagagccctcaggccgttatacgcacccggggcctcgagccactatcacgaaagtagctttaccctcgcccaccagaacccacgagagctgggaca"
"65","dmt2_000004005",0,0,0,0,0,0,0,0,0,0,0,0,0,0,0,378,0,0,0,0,0,0,0,0,0,0,0,"Gadus morhua","Gadus","Gadiformes","Actinopterygii",1,"species","twocon",378,"gcggttatacgagaggcccaaattgatgaaaaacggcgtaaagcgtggttaagaaaaaagagaaaatatggccgaacagcttcaaagcagttatacgcatccgaagtcacgaagaacaatcacgaaagttgccctaaaacctccgattccacgaaagccataaaa"
"66","dmt2_000004194",0,0,0,0,0,0,1,8,8,5,0,5,0,0,4,1,0,0,0,0,0,0,0,0,3,0,0,"Pangasianodon hypophthalmus","Pangasianodon","Siluriformes","Actinopterygii",0.988165680473373,"species","ecotag",64,"gcggttatacgaaagaccccagttgataactacggcgtaaagggtggttaagggatataaaaataaagctaaagactctctaagccgtcatacgcactccgagagcacgaaaccctgacacgaaagtagctttaaacaaacttcacctgaccccacgaaagctaagacc"
"67","dmt2_000004892",0,0,1,0,1,0,0,0,0,0,0,0,0,0,0,0,0,0,0,0,0,0,0,0,0,0,0,"Salmo salar","Salmo","Salmoniformes","Actinopterygii",1,"species","threecon",99,"gcggttatacgagaggccctagttgataactaccggcgtaaagagtggttacggaaaaatatttaataaagccgaacaccccctcagccgtcatacgcacctgggggcacgaagatctactacgaaagcagctttaattatacctgaacccacgacagctacgaca"
"68","dmt2_000005223",0,1,2,0,0,0,0,3,11,0,0,0,0,0,0,0,0,0,0,0,0,0,0,0,0,0,0,"Pangasianodon hypophthalmus","Pangasianodon","Siluriformes","Actinopterygii",0.982248520710059,"species","ecotag",17,"gcggttatacgaaagaccccagttgataactacggcgtaaagggtggttaagggatataaaaataaagctaaagactctctaagccgtcatacgcactccgagagcacgaaaccctgacacgaaagtagctttaaacaaacttcacctgaccccacgaaagctacggca"
"69","dmt2_000005869",0,0,0,0,0,0,0,0,0,0,0,3,0,0,0,0,0,0,0,0,0,0,0,0,0,0,0,"Pollachius","Pollachius","Gadiformes","Actinopterygii",0.981927710843373,"genus","ecotag",3,"gcggttatacgagaggctcaaattgatgaaaaacggcgtaaagcgtggttaagaaaataagaggaaatacggccgaacaacttcaaagcagttatacgcatccgaagtcgctaagaacaattacgaaagttgccctaaaatctccgattccacgaaagccataaaa"
"70","dmt2_000006385",0,0,0,0,0,0,0,0,0,0,0,0,0,0,0,0,0,64,0,0,0,0,0,0,0,0,0,"Gadiculus argenteus","Gadiculus","Gadiformes","Actinopterygii",1,"species","twocon",64,"gcggttatacgagaggcccaaattgataaaaaacggcgtaaagcgtggttaagaagataaaaacatacggtcaaacagcctcaaagcagttatacgcactcgaggccacgaggaacaattacgaaagtatccctaaaacctctgactccacgaaaaccacaaaa"
"71","dmt2_000006841",0,24,0,0,0,0,0,0,0,0,0,0,0,0,0,0,0,0,0,0,0,0,0,0,0,0,0,"Pomatoschistus minutus","Pomatoschistus","Gobiiformes","Actinopterygii",1,"species","threecon",24,"gcggttatacgagaggcccaagttgatggatgccggcgtaaaatatggttaatttacagtattacactaaagcaaaacaccttctaagctgttatatgctctcgaagacaggaggcccttttacgaaagtagctttaaatggtatggccccacgaaagctaggaaa"
"72","dmt2_000007167",0,0,0,81,17,0,0,0,0,0,0,0,0,0,0,0,0,0,0,0,0,0,0,0,0,0,0,"Equus","Equus","Perissodactyla","Actinopterygii",1,"genus","ecotag",98,"gcggtcatacgattaacccaaattaataaaccctccggcgtaaagcgtgtcaaagactaataccaaaataaagttaaaacccagttaagccgtaaaaagctacaaccaaagtaaaatagactacgaaagtgactttaatacctctgactacacgatagctaagacc"
"73","dmt2_000007281",0,0,0,0,0,0,0,0,0,196,0,0,0,0,0,0,0,0,0,281,0,0,0,0,0,0,0,"Felis catus","Felis","Carnivora","Mammalia",1,"species","ecotag",477,"gcggtcatacgattagcccaaactaatagacccacggcgtaaagcgtgttacagagaaaaaaatatactaaagttaaattttaactaggccgtagaaagctagagttaacataaaaatacagcacgaaagtaactttaacacctccgactacacgacagctaagacc"
"74","dmt2_000007990",0,0,0,2,1,0,0,0,0,0,0,0,0,0,0,0,0,0,0,0,0,0,0,0,0,0,0,"Dicentrarchus labrax","Dicentrarchus","Eupercaria/misc","Actinopterygii",1,"species","threecon",12,"gcggttaaacgggaggctcaagttgatagacaccggcgtaaagcgtggttaaggacccaacttttacactaaagccgaacgctaccagagcagtgatacgcaccgagagtaagaagatcaattacgaaagtagctttatttaaacctgaccccacgaaagctaaggca"
"75","dmt2_000008115",0,0,0,0,0,0,0,0,0,0,0,70,0,9,0,0,0,74,0,0,0,0,0,0,0,0,0,"Taurulus bubalis","Taurulus","Scorpaeniformes","Actinopterygii",1,"species","threecon",153,"gcggttatacgagaggcccaagttgacaaacaccggcgtaaagcgtggttagggaaaactcacactaaagccaaacatcttccaggctgttatacgcaactgaagataggaagttcaaccacgaaagtggctttaccagacctgaatccacgaaagctaaggaa"
"76","dmt2_000008729",0,0,3,9,10,0,0,0,0,0,0,0,0,0,0,0,0,0,0,0,0,0,0,0,0,0,0,"Phasianus colchicus","Phasianus","Galliformes","Aves",1,"species","ecotag",22,"gcggtcatacaagaaacccgaatcaatagccaaccggcgtaaagagtggtcatatgttatcctcaccacctaagatcgaagtacaactaagctgtcataagcccaagatctacctaagctccccaaaacatcttagctccacgactaattttaccccacgaaagccaggaca"
"77","dmt2_000009019",0,0,0,49,29,1,0,0,0,0,0,0,0,0,0,0,0,0,0,0,0,0,0,0,0,0,0,"Larus","Larus","Charadriiformes","Aves",0.988571428571429,"genus","ecotag",79,"gcggtcacacaagagacccaaattaaccgtatacggcgtaaagagtggcactatgatatcacagtgactaggattaagatgcaactaagctgtcataagcccaaggtgtacttaagatcacctttaagatgatcctagtacttctgattgatttaaccccacgaaagctaggacc"
"78","dmt2_000009295",0,0,0,6,23,0,0,0,0,0,0,0,0,0,0,0,0,0,0,0,0,0,0,0,0,0,0,"Canis lupus familiaris","Canis","Carnivora","Mammalia",1,"subspecies","ecotag",29,"gcggtcatacgattaacccaaactaataggccctcggcgtaaagcgtggttaagataataccgtactaaagttaaaacttaactaagccgtaaaaagctacagttaccgtaaaatatactacgaaagtgactttaaaacttctgactacacgatagctaagatc"
"79","dmt2_000009335",0,0,0,0,0,0,0,0,0,0,0,0,0,0,0,0,1,0,0,0,0,0,0,0,0,0,0,"Pangasianodon hypophthalmus","Pangasianodon","Siluriformes","Actinopterygii",0.988165680473373,"species","ecotag",33,"gcggttatacgaaagaccccagttgataactacggcgtaaagggtggttaagggatataaaaataaagctaaagactctaagccgtcatacgcactccgagagcacgaaaccctgacacgaaagtagctttaaacaaacttcacctgaccccacgaaagctaagaaa"
"80","dmt2_000009512",0,0,0,0,0,0,0,0,0,0,0,0,0,0,0,0,0,0,0,0,0,86,0,0,0,0,0,"Trachurus trachurus","Trachurus","Perciformes","Actinopterygii",1,"species","twocon",86,"gcggttatacgagaggctcaagttgacagacaacggcgtaaagagtggttaaggaaaacattcaactaaagcggaaccccctcattgctgttatacgcttccgagggaatgaaccccaactacgaaggtggctttatattaacctgaacccacgaaagctaagaaa"
"81","dmt2_000010200",0,0,0,224,39,0,0,0,0,0,0,0,0,0,0,0,0,0,0,0,0,0,0,0,0,0,0,"Sciurus carolinensis","Sciurus","Rodentia","Mammalia",1,"species","ecotag",263,"gcggtcatacgattaaccctaattaataaagcacggcgtaaagcgtgattaaggtctgacctgagataagattaagctctaactaaactgtaaaaagccttagttaaaataaaaatacaaaacgaaagtaatcttataacccctgaattcacgacagctaaggcc"
"82","dmt2_000010372",0,0,3,17,2,2,3,0,3,0,3,0,0,0,0,0,0,0,0,0,0,0,0,0,0,0,0,"Gasterosteus aculeatus","Gasterosteus","Gasterosteiformes","Actinopterygii",1,"species","threecon",33,"gcggttatacgagaggcccaagttgatgaattacggcgtaaagagtggttaagctaaaattaaaactaaagccgaacacccccaaagctgttatacgcatccggaggtgagaagttcaaccacgaaggtggctttatctaacctgaacccacgaaagctaagacc"
"83","dmt2_000010458",0,0,0,0,0,0,0,0,62,0,0,0,0,0,0,0,0,0,0,0,0,0,0,0,0,0,0,"Pangasianodon hypophthalmus","Pangasianodon","Siluriformes","Actinopterygii",0.982248520710059,"species","ecotag",62,"gcggttatacgaaagaccccagctgataactacggcgtaaagggtggttgagggatataaaaataaagctaaagactctctgagccgtcatacgcactccgagagcacgaaaccctgacacgaaagtagctttaaacaaacttcacctgaccccacgaaagctaagaaa"
"84","dmt2_000011108",0,0,0,0,0,0,0,0,0,0,3,0,0,0,0,0,0,0,0,0,0,0,0,0,0,0,0,"Gasterosteus aculeatus","Gasterosteus","Gasterosteiformes","Actinopterygii",0.98,"species","threecon",3,"gcggttatacgagaggcccaagttgatgacttacggcgtaaagagtggttaagctaaaattaaaactaaagccgaacacccccaaagctgttatacgcatccgggggtgagaagttcaaccacgaaggtggctttatctaacctgaacccacgaaagctacgcca"
"85","dmt2_000011420",0,0,0,0,0,0,0,0,0,0,0,0,0,0,0,0,0,21,0,0,0,9,0,0,0,0,0,"Ammodytes marinus","Ammodytes","Perciformes","Actinopterygii",0.99,"species","twocon",30,"gcggttatacgagaggcccaagctgatagaccccggcgtaaagagtggttaagatagacttaaaactaaagccgaacaccctcacagctgttatacgcacccgagagtaagaagcccaactacgaaagtggctttacaacccctgaacccacgaaagctaagacc"
"86","dmt2_000013638",0,0,0,0,0,0,0,2,0,0,0,0,0,0,0,0,0,0,0,0,0,0,0,0,0,0,0,"Gasterosteus aculeatus","Gasterosteus","Gasterosteiformes","Actinopterygii",1,"species","threecon",2,"gcggttatacgagaggcccaagttgatgaattacggcgtaaagagtggttatgctaaaattaaaactaaagccgaacacccccaaagctgttatacgcacccggaggtgagaagttcaaccacgaaggtggctctatctaacctgaacccacgaaagctatggca"
"87","dmt2_000013899",0,0,0,0,0,0,0,0,0,8,0,0,0,0,0,0,0,0,0,7,0,0,0,0,0,0,0,"Felis catus","Felis","Carnivora","Mammalia",0.982035928143713,"species","ecotag",15,"gcggtcatacgattagcccaaactaatagacccacggcgtaaagcgtgttacagagaaaaaaatatactaaagttaaattttaactaggccgtagaaagctagagttaacataaaaatacagcacgaaagtaacaaaaacacctccgactacacgacagctaagacc"
"88","dmt2_000014685",0,1,54,0,3,0,0,0,0,0,0,0,0,0,0,0,0,0,0,0,0,0,0,0,0,0,0,"Corvus","Corvus","Passeriformes","Actinopterygii",1,"genus","ecotag",58,"gcggtcatacaggagactcaaattaacagtataacggcgtaaagggtggtaacatgctatctaagtaactaagattaaaaagcaactgagctgtaataagcccaagatgctcataaggccaactaccaaagaagatcttaggctgacgattaattgaaatccacgaaagccagggcc"
"89","dmt2_000014903",0,0,0,0,0,0,0,0,0,0,0,0,0,15,0,0,0,0,0,0,0,0,0,0,0,0,0,"Micrenophrys lilljeborgii","Micrenophrys","Scorpaeniformes","Actinopterygii",1,"species","twocon",15,"gcggttatacgagaggcccaagttgacaaacaccggcgtaaagcgtggttaagaaaaaactcatactaaagccaaacatcttccaggctgttatacgcaactgaaggttggaagttcaaccacgaaagtggctttacctcatctgagcccacgaaagctaaggaa"
"90","dmt2_000014923",0,0,0,133,16,0,0,0,0,0,0,0,0,0,0,0,0,0,0,0,0,0,0,0,0,0,0,"Cygnus olor","Cygnus","Anseriformes","Aves",1,"species","ecotag",149,"gcggtcatacaagaaacccaaatcaaccgtcccataaacccggcgtaaagagtggtaaaatgcctatcctagctaactaagaccaaaatgcaactaagctgtcataagcccaagatgcacctaaacacaccattaagatgatcttaggaactaacgatcgatttaaccccacgaaagccagggcc"
"91","dmt2_000014968",0,3,0,0,0,0,0,0,0,0,1,0,0,0,0,0,0,0,0,0,0,0,0,0,0,0,0,"Atherina boyeri","Atherina","Atheriniformes","Actinopterygii",1,"species","threecon",4,"gcggttatacgagaggcccaagttgatacccgccggcgtaaagagtggttaaggagacccacaactaaagccgaacactctcagagctgttatatgcacccgagagcaagaagcccactcacgaaagtagatttaatcttccagaccccacgtaagcagagaaa"
"92","dmt2_000015690",0,0,0,0,0,0,0,0,2,0,0,0,0,0,0,0,0,0,0,0,0,0,0,0,0,0,0,"Gasterosteus aculeatus","Gasterosteus","Gasterosteiformes","Actinopterygii",1,"species","threecon",2,"gcggttatacgagaggcccaagttgacgaattacggcgtaaagagtgattaaactaaaattaaaactaaagccgaacacccccaaagccgttatacgcatccggaggtgagaagttcaaccacgaaggttgctttatctaacctgaacccacgaaagctacggca"
"93","dmt2_000016892",0,0,0,22,5,0,0,0,0,0,0,0,0,0,0,0,0,0,0,0,0,0,0,0,0,0,0,"Anserinae","None","Anseriformes","Aves",0.994594594594595,"subfamily","ecotag",27,"gcggtcatacaagaaacccaaatcaaccgtcctgttaacacggcgtaaagagtggtaaaatgcctatcctagctaactaagatcaaaatgcaactaagctgtcataagcccaagatgcacctaaacacaccattaagatgatcttaggaactaacgactgatttaaacccacgaaagccagggcc"
"94","dmt2_000018645",0,0,0,0,0,0,0,0,0,0,2,0,0,0,0,0,0,0,0,0,0,0,0,0,0,0,0,"Gasterosteus aculeatus","Gasterosteus","Gasterosteiformes","Actinopterygii",1,"species","threecon",2,"gcggttatacgagaggcccaagttgatgaattaccgcgtaaagagtggttaagctaaaattaaaactgaagccgaacacccccaaagctgttatacgcattcggaggtgagaagttcaaccacgaaggaggctttatctaacctgaacccacgaaagctacggca"
"95","dmt2_000019131",0,1,6,0,0,0,0,0,0,0,0,0,0,0,0,0,0,0,0,0,0,0,0,0,0,0,0,"Pomatoschistus microps","Pomatoschistus","Gobiiformes","Actinopterygii",1,"species","threecon",7,"gcggttatacgagaggcccaagttgatggatgccggcgtaaaatgtggttaatttacagtattacactaaagcgaaacaccttctaagctgttatatgctttcgaaggcaggagcccctcttacgaaagtagctttaaacgatatgaccccacgaaagctacggca"
"96","dmt2_000019245",0,0,0,0,0,0,2,0,0,0,0,0,0,0,0,4,0,0,0,0,0,0,0,0,0,0,0,"Felidae","None","Carnivora","Mammalia",0.988023952095808,"family","ecotag",15,"gcggccatacgattaacccaaactaatagacccacggcgtaaagcgtgttacagagaaaaaaatatactaaagttaaattttaactaggccgtagaaagctacagttaacataaaaatacagcacgaaagtaacataaacacctccgactacacgacagctaagacc"
"97","dmt2_000020051",0,0,0,2,1,0,0,0,0,0,0,0,0,0,0,0,0,0,0,0,0,0,0,0,0,0,0,"Bovinae","None","Artiodactyla","Mammalia",0.98780487804878,"subfamily","ecotag",3,"ggtcatacgattaacccaagctaacaggagtacggcgtaaaacgtgttaaagcaccataccaaatagggttaaattctaactaagctgtaaaaagccatgattaaaataaaaataaatgacgaaagtgaccctacaatagccgacgcactatagctaagacc"
"98","dmt2_000020824",0,0,0,0,0,0,0,0,0,0,0,0,0,3,0,0,0,0,0,0,0,0,0,0,0,0,0,"Pollachius","Pollachius","Gadiformes","Actinopterygii",0.981927710843373,"genus","ecotag",3,"gcggtcgtacgagaggctcaaattgatgaaaaacggcgtaaagcgtggttaagaaaataagaggaaatacggccgaacaactccaaagcagttatacgcatccgaagtcacgaagaacaatcacgaaagttgccctaaaatctccgattccacgaaagccataaaa"
"99","dmt2_000021549",0,0,0,0,0,100,0,0,0,0,0,0,0,0,0,0,0,0,0,0,0,0,0,0,0,0,0,"Homo sapiens","Homo","Primates","Mammalia",0.98204,"species","human_assign",100,"gcggtcacacgattaacccaagtcaatagaaaccggcgtaaagagtgttttagatcacccgctccccaataaagctaaaactcacctgagttgtaaaaaactccagttgagacaaaatagactacgaaagtggctttaacatatctgaacacacaatagctaagacc"
"100","dmt2_000023263",0,0,0,0,0,0,0,0,0,0,0,0,0,0,0,0,0,0,0,0,0,11,0,0,0,0,0,"Chlorophthalmus agassizi","Chlorophthalmus","Aulopiformes","Actinopterygii",0.988165680473373,"species","ecotag",11,"gcggttatacgggcaggcccaagttgacagaattcggcgtaaagagtggttacggatacaatttactaaagttaaacacccacccttgctgtaatacgcggccgggggtaggagaccccgctacgaaagttgctttaatacccctcccgaccccaccacagccaggaaa"
"101","dmt2_000023417",0,4,1,2,0,0,2,0,0,0,6,0,0,0,0,0,0,0,0,0,0,0,0,0,0,0,0,"Atherina boyeri","Atherina","Atheriniformes","Actinopterygii",1,"species","threecon",15,"gcggttatacgagaggcccaagttgatacccgccggcgtaaagagtggttaaggagacccacaactaaagccgaacactctcagagctgttatatgcacccgagagcaagaagcccactcacgaaagtagctttaatcttcctgaccccacgtaagctacggca"
"102","dmt2_000024216",0,0,0,0,0,0,0,0,0,0,0,0,0,0,3,0,0,0,0,0,0,0,0,0,0,0,0,"Pangasianodon hypophthalmus","Pangasianodon","Siluriformes","Actinopterygii",0.982248520710059,"species","ecotag",3,"gcggttatacgaaagaccccagttgatggctacggcgtaaagggtggttaagggatataaaaataaagctaaagactctctaagccgtcatacgcactccgagagcacgaaaccctgacacgaaagtagctttaaacagacttcacctgaccccacgaaagctaagaaa"
"103","dmt2_000026180",0,0,0,1,0,0,0,0,0,0,3,0,0,0,0,0,0,0,0,0,0,0,0,0,0,0,0,"Mus musculus","Mus","Rodentia","Mammalia",0.987951807228916,"species","ecotag",4,"ggtcatacgattaacccaaactaattatcttcggcgtaaaacgtgtcaactataaataaataaatagaattaaaatccaacttatatgtgaaaattcattgttaggacctaaactcaataacgaaagtaattctagtcatttataatacacgacagctaagacc"
"105","dmt2_000027540",0,0,0,0,0,0,0,0,0,0,0,0,0,14,0,0,0,0,0,0,0,0,0,0,0,0,0,"Lipophrys pholis","Lipophrys","Perciformes","Actinopterygii",1,"species","twocon",14,"gcggttatacgggtggcccaagctgacagcccttcggcgtaaagcgtggttaatagctctattatactaaagccgaatgccccctaagctgtaatacgctcttgggtgctagaagccctattacgaaagtagctttatagtattgaacccacgaaagctaggata"
"106","dmt2_000027779",0,0,0,2,0,0,0,0,0,0,0,0,0,0,0,0,0,0,0,0,0,0,0,0,0,0,0,"Turdus philomelos","Turdus","Passeriformes","Actinopterygii",1,"species","ecotag",2,"gcggtcatacaggaggctcaaattaactttacaacggcgtaaagagtggtcgcatgttatccaagtagctaagattaaaaagcaactgagctgtcataagcccaagatgctcataaggcctccgtcttcaaagaagatcttagaacaacgattaattgaagccacgaaagccaggacc"
"107","dmt2_000027873",0,0,0,37,18,0,0,0,0,0,0,0,0,0,0,0,0,0,0,0,0,0,0,0,0,0,0,"Sciurus carolinensis","Sciurus","Rodentia","Mammalia",0.981818181818182,"species","ecotag",55,"gcggtcatacgattaaccctaattaataaagcacggcgtaaagcgtgattaaggtttgacctgagataagattaagctctaactaaactgtaaaaagccttagttgaaataaaaatacaaaacgaaagtaatcttataacccctgaattcacgacagctaagacc"
"108","dmt2_000029065",0,0,0,3,0,0,0,0,0,0,0,0,0,0,0,0,0,0,0,0,0,0,0,0,0,0,0,"Meleagris gallopavo","Meleagris","Galliformes","Aves",1,"species","ecotag",3,"gcggtcatacaagaaacccaaatcaatagccatccggcgtaaagagtggtcacatgctatctataccaattaagatcaaagtgtaactaagctgtcataagcccaagattcacctaagcccagcctaaaaaatgatcttaacttaacgatcaatttaaagccacgaaagccagggca"
"109","dmt2_000029900",0,0,0,4,0,0,0,0,0,0,0,0,0,0,0,0,0,0,0,0,0,0,0,0,0,0,0,"Columba","Columba","Columbiformes","Actinopterygii",0.983050847457627,"genus","ecotag",4,"gcggttatacgagagacccaagctaatcgtttgcggcgtaaagagtggactcatgcttatcacactaattaaggtcaaaacgcaactgagctgtcataagcctaagatgcatttaaaaccgccctaaagatgaccctaaattcacaagacttaatgaactccacgaaagccagggca"
"110","dmt2_000031560",0,0,0,0,0,0,0,0,0,0,0,0,0,0,0,0,0,0,0,0,0,19,0,0,0,0,0,"Merluccius merluccius","Merluccius","Gadiformes","Actinopterygii",1,"species","threecon",19,"gcggttatacgagaggcccaaattgataaaaaacggcgtaaagcgtggttaaaaaatgttaaaactagagccgaataacctcaaagcagttatacgtattcgagaccacgaagcacaattacgaaagcagctctacccgtctttgactccacgaaaaccacaaaa"
"111","dmt2_000031901",0,0,0,0,0,0,0,0,0,0,0,0,0,0,0,2,0,0,0,0,0,0,0,0,0,0,0,"Gadus morhua","Gadus","Gadiformes","Actinopterygii",1,"species","twocon",2,"gcggttatacgagaggcccagattgatgaaaagcggcgtaaagcgtggttaagaaaaaagagaaaatatggccgaacagcttcaaagcagttacacgcatccgaagtcacgaagaacaatcacgaaagttgccctaaaacctccgattccacgaaagccgtaaaa"
"112","dmt2_000031965",0,0,0,16,2,0,0,0,0,0,0,0,0,0,0,0,0,0,0,0,0,0,0,0,0,0,0,"Apodemus","Apodemus","Rodentia","Mammalia",0.988023952095808,"genus","ecotag",18,"gcggtcatacgattaacccaaactaattacttctcggcgtaaaacgtgctaactagaaacaacaaatagaactaaaatccaactaatatgtgaaaattcattgttaggacctaaactcaataacgaaagtagttctaataattctaccctgcacgatagctaagatc"
"113","dmt2_000032943",0,0,0,0,0,0,4,0,0,0,0,0,0,0,0,0,0,0,0,0,0,0,0,0,0,0,0,"Gasterosteus aculeatus","Gasterosteus","Gasterosteiformes","Actinopterygii",1,"species","threecon",4,"gcggttatacgagaggcccaagttgatgaattacggcctaaagagtggctaagctgaaattaaaactaaagccgaacacccccaaagctgttatacgcatccggaggtgagaagttcaaccacgaaggtggctttatctaacctgaacccacgaaagctacggca"
"114","dmt2_000033564",0,3,21,0,0,0,0,0,2,0,0,0,0,0,0,0,0,0,0,0,0,0,0,0,0,0,0,"Pleuronectidae","None","Pleuronectiformes","Actinopterygii",0.987878787878788,"family","ecotag",26,"gcggttatacgagaggcccaagttgacaaacaacggcgtaaagagtggttaggggatttactaaactagagccgaacgctttcaaagctgttatacgcacccgaaagtatgaaacccaattacgaaagtagctctacctatcctgaacccacgaaagctacggca"
"115","dmt2_000034599",0,0,0,0,0,0,0,0,0,0,0,0,0,3,0,0,0,0,0,0,0,0,0,0,0,0,0,"Pollachius","Pollachius","Gadiformes","Actinopterygii",0.981927710843373,"genus","ecotag",3,"gcggttatacgagaggctcaaattgatgaaaaacggcgtaaagcgttgttaagaaaataagaggaaatacggccgaacaacttcaaagcagttgtacgcatccgaagtcacgaagaacaatcacgaaagttgccttaaaatctccgattccacgaaagccataaaa"
"116","dmt2_000034972",0,0,0,0,0,0,0,0,0,0,0,0,0,0,0,0,0,0,0,9,0,0,0,0,0,0,0,"Limanda","Limanda","Pleuronectiformes","Actinopterygii",1,"genus","twocon",9,"gcggttatacgagaggcccaagttgacaaacaacggcgtaaagggtggttaggggatttactaaactagagccgaacgctttcaaagctgttatacgcacccgaaagtatgaaacccaattacgaaagtagctctacttatcctgaacccacgaaagctaagacc"
"117","dmt2_000034988",0,0,0,0,0,0,0,0,0,0,2,0,0,0,0,0,0,0,0,0,0,0,0,0,0,0,0,"Atherina boyeri","Atherina","Atheriniformes","Actinopterygii",1,"species","threecon",2,"gcggttatacgagaggcccaagttgatacccgccggcgtaaagagtggttaaggagacccacaactaaagccgaacactctcggagctgttatatgcgccagaacaagaagcccactcacgaaagtagctttaatcttcctgaccccacgtaagctgagaaa"
"118","dmt2_000035111",0,0,0,0,0,0,0,0,0,0,0,0,0,0,5,0,0,0,0,0,0,0,0,0,0,0,0,"Pangasianodon hypophthalmus","Pangasianodon","Siluriformes","Actinopterygii",0.982248520710059,"species","ecotag",5,"gcggttatacgaaagaccccagttgataactacggcgtaaagggtggttaagggatataaaaataaagctaaagactctctaagccgtcatacgcactacgagagcacgaaaccctgacacgaaagtagctttaaacaaacttcacctgaccccacgaaagccaaggaa"
"119","dmt2_000035523",0,0,0,0,0,0,0,0,5,0,0,0,0,0,0,0,0,0,0,0,0,0,0,0,0,0,0,"Pangasianodon hypophthalmus","Pangasianodon","Siluriformes","Actinopterygii",0.982248520710059,"species","ecotag",5,"gcggttatacgaaagaccccagttgataactacggcgtaaagggtggttaagggatataaaaataaagctaaagactctctaagccgtcatacgcactccgagagcgtgaaaccctgacacgaaagtagctttaaacaaacttcacctgacccaacgaaagctaagaaa"
"120","dmt2_000035690",0,0,0,14,1,0,0,0,0,0,0,0,0,0,0,0,0,0,0,0,0,0,0,0,0,0,0,"Anser","Anser","Anseriformes","Aves",0.989189189189189,"genus","ecotag",15,"gcggtcatacaagaaacccaaatcaaccgtcctgttaacacggcgtaaagagtggtaaaatgcctatcctagctaactaagatcaaaatgcaactaagctgtcataagcccaagatgcacctaaacacaccattaagatgatcttaggaactaacgatcgatttaaccccacgaaagccagggcc"
"121","dmt2_000035903",0,0,0,0,0,0,0,0,0,0,0,0,0,0,0,3,0,0,0,0,0,0,0,0,0,0,0,"Pleuronectidae","None","Pleuronectiformes","Actinopterygii",0.981927710843373,"family","ecotag",3,"gcggttatacgagaggcccaagttgacaaacaacggcgtaaagagtggttagggaatttactaaactagagccgaacgctttcaaagctgttatacgcacccgaaagtatgaaacccaattacgaaagtagctctacctatcctgaacccacgaaagctaagacc"
"122","dmt2_000037409",0,0,0,0,0,0,0,0,0,0,0,3,0,0,0,0,0,0,0,0,0,3,0,0,0,0,0,"Pholis gunnellus","Pholis","Perciformes","Actinopterygii",1,"species","twocon",6,"gcggttatacgagaggcccaagttgacagacatcggcgtaaagagtggttaagttaaaattgtactaaagccgaacatcctccaggctgttatacgcatccgaagataagaagttcaaccacgaaggtagctttatttaatctgaacccacgaaagctacgg"
"123","dmt2_000038934",0,2,1,0,0,0,1,0,0,0,0,0,0,0,0,0,0,0,0,0,0,0,0,0,0,0,0,"Atherina boyeri","Atherina","Atheriniformes","Actinopterygii",1,"species","threecon",4,"gcggttatacgagaggcccaagttgatacccgccggcgtaaagagtggttaaggagacccacaactaaagccgaacactctcagagctgttatatgcacccgagagcaagaagcccactcacgaaagctacggca"
"124","dmt2_000039304",0,0,0,6,10,0,0,0,0,0,0,0,0,0,0,0,0,0,0,0,0,0,0,0,0,0,0,"Anatidae","None","Anseriformes","Aves",1,"family","ecotag",16,"gcggtcatacaagagacccaaatcaactgtcctacaagcggcgtaaagagtggtaagatgcctatcctacctaactaagatcaaaatgcaactaagctgtcgcaagcacaagatgcacctaaacacaccatcaagatgatcttagaaactagcgattaatttgaacccacgaaagccagggcc"
"125","dmt2_000040009",0,0,0,11,0,0,0,0,0,0,0,0,0,0,0,0,0,0,0,0,0,0,0,0,0,0,0,"Chroicocephalus ridibundus","Chroicocephalus","Charadriiformes","Aves",1,"species","ecotag",11,"gcggtcacacaagagacccaaattaaccgtatacggcgtaaagagtggcactatgatatcacaatgactaggattaagatgcaactaagctgtcataagcccaaggtgcacttaagatcacccttaagatgatcctagtacctctgattgatttaatcccacgaaagctagggca"
"126","dmt2_000040544",0,0,0,0,1,0,0,0,0,0,0,0,0,0,0,0,0,0,0,0,0,0,0,0,0,0,0,"Leporidae","None","Lagomorpha","Actinopterygii",0.994011976047904,"family","ecotag",13,"gcggtcatacgattaacccaaattaataaatatccggcgtaaagcgtgattagaataaacaacaaaataaaatcaaataacaactaagccgtagaaagtaatagttgcaaacaaaaataaacaacgaaagtgattttatactcttcgaactcacgatagctaaggcc"
"127","dmt2_000040764",0,0,0,0,0,0,0,0,0,0,0,0,0,0,0,0,0,0,0,0,0,54,0,0,0,0,0,"Chlorophthalmus agassizi","Chlorophthalmus","Aulopiformes","Actinopterygii",0.994047619047619,"species","ecotag",54,"gcggttatacgggcaggcccaagttgacagaattcggcgtaaagagtggttacggatacaatttactaaagttaaacaccccccttgctgtaatacgcggccgggggtaggagaccccgctacgaaagttgccttaataaccctcccgaccccaccacagccaggaaa"
"128","dmt2_000041544",0,0,0,3,0,0,0,0,0,0,0,0,0,0,0,0,0,0,0,0,0,0,0,0,0,0,0,"Bovinae","None","Artiodactyla","Mammalia",0.98780487804878,"subfamily","ecotag",3,"ccggtcatacgattaacccaagctaacaggagtacgccgtaaaacgtgttaaagcaccataccaaatagggttaaattctaactaagctgtaaaaagccatgattaaaataaaaataaatgacgaaagtgaccctacaatagccgacgcactatagctaagacc"
"129","dmt2_000042258",0,0,0,0,0,0,0,0,22,0,0,0,0,0,0,0,0,0,0,0,0,0,0,0,0,0,0,"Pangasianodon hypophthalmus","Pangasianodon","Siluriformes","Actinopterygii",0.982248520710059,"species","ecotag",22,"gcggttatacgaaagaccccagttgataactacggcgtagagggtgattaaggggtataaaaataaagctaaagactctctaagccgtcatacgcactccgagagcacgaaaccctgacacgaaagtagctttaaacaaacttcacctgaccccacgaaagctaagaaa"
"130","dmt2_000043966",0,0,0,0,0,0,0,0,0,0,0,0,0,17,0,0,0,0,0,0,0,0,0,0,0,0,0,"Taurulus bubalis","Taurulus","Scorpaeniformes","Actinopterygii",1,"species","threecon",17,"gcggttatacgagaggcccaagttgacaaacaccggcgtaaagcgtggttaaggggaaactcacactaaagccaaacatcttccaggctgttatacgcaactgaagataggaagttcaaccacgaaagtggctttaccagacctgaatccacgaaagctaaggaa"
"131","dmt2_000044692",0,0,4,0,0,0,0,0,0,0,0,0,0,0,0,0,0,0,0,0,0,0,0,0,0,0,0,"Pomatoschistus microps","Pomatoschistus","Gobiiformes","Actinopterygii",1,"species","threecon",4,"gcggttatacgagaggcccaagttgatggatgccggcgtaaaatgtggttaatttacagtattacactaaagcgaagcaccttctaagctgttatatgctttcgaaggcaggagcccctcttacgaaagtagctttaaacgatatgaccccacgaaggctagggaa"
"132","dmt2_000046206",0,0,0,0,0,0,0,0,0,0,0,0,0,9,0,0,0,0,0,0,0,0,0,0,0,0,0,"Ciliata septentrionalis","Ciliata","Gadiformes","Actinopterygii",1,"species","twocon",9,"gcggttatacgagaggcccaagttgatgaaacgcggcgtaaagagtggttaagaaaactaaaaaataaggccgaacaacctcagagcagttatacgcatccgaggccacgaagtacaattacgaaagtagccctaataaaaatctgactccacgaaaaccataaaa"
"133","dmt2_000046597",0,0,0,0,0,0,0,0,0,0,0,0,0,13,0,0,0,0,0,0,0,0,0,0,0,0,0,"Ctenolabrus rupestris","Ctenolabrus","Perciformes","Actinopterygii",1,"species","threecon",13,"gcggttatacgagaggcccaagttgataaccaccggcgtaaagagtggttagggcagactattaaactaaagccgaacatcttcaaagctgttatacgcatacgaagaacagaaacacaaccacgaaagtggctttacctcacctgaccccacgagagctatgaca"
"134","dmt2_000046971",0,0,0,0,0,0,0,0,0,0,0,0,0,12,0,0,0,0,0,0,0,0,0,0,0,0,0,"Salmo trutta","Salmo","Salmoniformes","Actinopterygii",1,"species","threecon",12,"gcggttatacgagagaccctagttgataactaccggcgtaaagagtggttacggaaaaatattcaataaagccgaacaccccctcagccgtcatacgcacctgggggcacgaagatctactgcgaaagcagctttaattatgcctgaacccacgacagctacgaca"
"135","dmt2_000051251",0,0,0,5,0,0,0,0,0,0,0,0,0,0,0,0,0,0,0,0,0,0,0,0,0,0,0,"Gasterosteus aculeatus","Gasterosteus","Gasterosteiformes","Actinopterygii",1,"species","threecon",5,"gcggttatacgagagacctaagttgatgaattacggcgtaaagagtggttaagctaaaattaaaactaaagccgaacacccccaaagctgttatacgcatccggaggtgagaagctcaaccacgaaggtggctttatctaacctgaacccacgaaagctacggca"
"136","dmt2_000051490",0,0,1,0,0,0,0,0,0,0,2,0,1,0,0,1,0,0,0,0,0,0,0,0,0,0,0,"Atherina boyeri","Atherina","Atheriniformes","Actinopterygii",1,"species","threecon",5,"gcggtcacacgagaggcccaagtcgatacgtgccggcgtaaagagtggttaaggagacccacaactaaagccgaacactctcagagctgttatatgcacccgagagcaagaagcccactcacgaaagtagctttaatcttcctgaccccacgtaagctgagaaa"
"137","dmt2_000052733",0,0,0,0,0,0,0,0,0,0,0,0,0,8,0,0,0,0,0,0,0,0,0,0,0,0,0,"Liparis montagui","Liparis","Scorpaeniformes","Actinopterygii",1,"species","twocon",8,"gcggttatacgagaggcccaagttgaaagacaccggcgtaaagcgtggttaaactaaaatttaaattaaagttaaacatcttcaagactgttatgcgtacccgaaggcaggaaccccaattacgaaagtaactttatataagctgaacccacgaaagccataaaa"
"138","dmt2_000055233",0,0,0,0,0,0,0,0,0,0,0,0,0,0,0,0,3,0,0,0,0,0,0,0,0,0,0,"Pangasianodon hypophthalmus","Pangasianodon","Siluriformes","Actinopterygii",0.982248520710059,"species","ecotag",3,"gcggttatacgaaagaccccagttgataactacggcgtaaggggtggttaagggatataaaaataaagctaaagactctctaagccgccatacgcactccgagagcacgaaaccctgacacgaaagtagctttaaacaaacttcacctgaccccccgaaagctaagaaa"
"139","dmt2_000056637",0,0,0,0,0,0,0,0,0,0,0,0,0,0,0,0,0,4,0,0,0,0,0,0,0,0,0,"Ammodytes","Ammodytes","Uranoscopiformes","Actinopterygii",0.981927710843373,"genus","ecotag",4,"gcggttatacgagaggcccaagctgatagaccccggcgtaaagagtggttaaggtgaatataaaactaaagccgaacaccctcacagctgttatacgcacccgagagtaagaagcccaactacgaaagtggctttacaacccctgaacccacgaaagctatgaca"
"140","dmt2_000061343",0,0,0,0,0,3,0,0,0,0,0,0,0,0,0,0,0,0,0,0,0,0,0,0,0,0,0,"Larus","Larus","Charadriiformes","Aves",0.982857142857143,"genus","ecotag",3,"gcggccacacaagagacccaaattaaccgtatacggcgtaaagagcggctctatgatatcacagtgactaggattaagatgcaactaagctgtcataagcccaaggtgtacttaagatcacctttaagatgatcctagtacttctgattgatttaaccccacgaaagctagggca"
"141","dmt2_000062353",0,1,8,3,1,0,0,0,0,0,0,0,0,0,0,0,0,0,0,0,0,0,0,0,0,0,0,"Turdus merula","Turdus","Passeriformes","Actinopterygii",1,"species","ecotag",13,"gcggtcatacaggaggctcaaattaactttataacggcgtaaagagtggtcgcatgttatccaagtagctaagattaaaaagcaactgagctgtcataagcccaagatgctcataaggcctccgtcttcaaagaagatcttagaacaacgatcaattgaatccacgaaagccaggacc"
"142","dmt2_000065126",0,0,0,0,0,0,0,0,0,0,2,0,0,0,0,0,0,0,0,0,0,0,0,0,0,0,0,"Homo sapiens","Homo","Primates","Mammalia",0.98788,"species","human_assign",2,"gcggtcacacgattaacccaagtcaatagaagccggcgtaaagagtgttttagatcaccccctccccaataaagctaaaactcacctgagttgtaaaaaactccagttgacacaaaatagactacgaaagtggctttaacatatctgaatacacaatagcgaagatt"
"143","dmt2_000065372",0,0,0,0,3,0,0,0,0,0,0,0,0,0,0,0,0,0,0,0,0,0,0,0,0,0,0,"Anguilla anguilla","Anguilla","Anguilliformes","Actinopterygii",1,"species","twocon",3,"gcggttatacgaggggctcaaattgatattacacggcgtaaagcgtgattaaaaaacaaaaaaactaaagccaaacactttccaagctgtcatacgctgccggaacataagcgaagccctataacgaaagtagctttaacacctttgaactcacgatagttgaggaa"
"144","dmt2_000065398",0,0,0,3,0,0,0,0,0,0,0,0,0,0,0,0,0,0,0,0,0,0,0,0,0,0,0,"Anguilla anguilla","Anguilla","Anguilliformes","Actinopterygii",1,"species","twocon",3,"gcggttatacgaggggctcaaattgacattacacggcgtaaagcgtgattaaaaaacaaaaaaactaaagccaaacacttcccaagctgtcacacgctaccggaacataaacgaagccctataacgaaagtagctttaacacctttgaactcacgacagttgaggga"
"145","dmt2_000065733",0,0,0,6,0,0,0,0,0,0,0,0,0,0,0,0,0,0,0,0,0,0,0,0,0,0,0,"Cygnus olor","Cygnus","Anseriformes","Aves",0.989189189189189,"species","ecotag",6,"gcggtcatacaagaaacccaaatcaaccgtcccataaacccggcgtaaagagtggtaaaatgcctatcctagctaactaagaccaaaatgcaactaagctgtcataagcccaagatgcacctaaacacaccattaagatgatcttaggaactaacgatcgatttaaccccacgaaagctagggca"
"146","dmt2_000065739",0,0,10,0,2,0,0,0,0,0,0,0,0,0,0,0,0,0,0,0,0,0,0,0,0,0,0,"Ciliata mustela","Ciliata","Gadiformes","Actinopterygii",1,"species","twocon",12,"gcggttatacgagaggcccaagttgatgaaatgcggcgtaaagagtggttaagaaaattaaagaataaggccgaacaacctcaaagcagttatacgcatccgaggccacgaagtacaattacgaaagtagccctaatgaaaatctgactccacgaaagccataaaa"
"147","dmt2_000066491",0,0,0,0,0,0,0,0,0,0,0,0,0,0,0,0,0,2,0,0,0,0,0,0,0,0,0,"Ammodytes marinus","Ammodytes","Perciformes","Actinopterygii",0.99,"species","twocon",2,"gcggttatacgagaggcccaagctgatagaccccggcgtaaagagtggttaagatagacttaaaactaaaaccgaacaccctcacagctgttatacgcacccgagagtaaggagccaaactacgaaagtggctttacaacccctgagcccacgaaagctatgaca"
"148","dmt2_000067108",0,0,0,0,0,0,0,0,0,0,0,0,0,5,0,0,0,0,0,0,0,0,0,0,0,0,0,"Pollachius","Pollachius","Gadiformes","Actinopterygii",0.987951807228916,"genus","ecotag",5,"gcggttatacgagaggctcaaattgatgaaaaacggcgtaaagcgtggttaagaaaatgaggaaatacggccgaacaacttcaaagcagttatacgcatccgaagtcacgaagaacaatcacgaaagttgccctaaaatctccgattccacgaaagccataaaa"
"149","dmt2_000071015",0,0,0,3,3,0,0,0,0,0,0,0,0,0,0,0,0,0,0,0,0,0,0,0,0,0,0,"Canis lupus familiaris","Canis","Carnivora","Mammalia",1,"subspecies","ecotag",6,"gtggtcatacgattaacccaaactaataggcccacggagtaaagcatgtttaagataatattctactaaagttaaaacttaactaagccgtaaaaagctacagttaccataaaatctgctacgaaagtgactttaaaatttctgattacaagatagctaaaatc"
"150","dmt2_000075514",0,0,0,0,0,2,0,0,0,0,0,0,0,0,0,0,0,0,0,0,0,0,0,0,0,0,0,"Gasterosteus aculeatus","Gasterosteus","Gasterosteiformes","Actinopterygii",1,"species","threecon",2,"gcggttatacgagaggcccaagttgatgaattacgtcgtaaagagtggttaagctaaatttaaaactaaagccgaacacctccaaagctgttatacgcatccggaggtgagaagttcaaccacgaaggtggctttacctaacctgaacccacgaaagctacggca"
"151","dmt2_000077612",0,0,0,7,0,0,0,0,0,0,0,0,0,0,0,0,0,0,0,0,0,0,0,0,0,0,0,"Cygnus","Cygnus","Anseriformes","Aves",0.994594594594595,"genus","ecotag",7,"gcggtcatacaagaaacccaaatcaaccgtcccataaacccggcgtaaagagtggtaaaatgcctatcctagctaactaagatcaaaatgcaactaagctgtcataagcccaagatgcacctaaacacaccattaagatgatcttaggaactaacgactgatttaaacccacgaaagccagggcc"
"152","dmt2_000079955",0,0,0,0,0,0,0,0,0,0,0,2,0,0,0,0,0,0,0,0,0,0,0,0,0,0,0,"Taurulus bubalis","Taurulus","Scorpaeniformes","Actinopterygii",1,"species","threecon",2,"gcggttatacgagaggcccaagttgacaaacaccggcgtaaagcgtggctagggaaaactcacactaaagccaaacatcttccaggctgttatacgcaactgaagttaggaagttcaaccacgaaagtggctataccagacctgaatccacgaaagctaaggaa"
"153","dmt2_000080270",0,0,0,0,0,0,0,0,0,0,3,0,0,0,0,0,0,0,0,0,0,0,0,0,0,0,0,"Gasterosteus aculeatus","Gasterosteus","Gasterosteiformes","Actinopterygii",1,"species","threecon",3,"gtggttatacgagaggcccaagttgatgaattacggcgtaaagagtggctaagctaaaattaaaactaaagccgagcacccccaaagctgttatacgcatccggaggtgagaagttcaaccacgaaggtggctttatctaacctgaacccacgaaagctacggca"
"154","dmt2_000083551",0,0,0,0,0,0,0,0,0,0,0,0,0,0,0,0,0,0,9,0,0,0,0,0,0,0,0,"Carcharias taurus","Carcharias","Lamniformes","Elasmobranchii",1,"species","ecotag",9,"gcggttatacgagtaacttatattaatacttcccggcgtaaagagtgatttaagaaacatctacaataactaaagttgagaccttaccaagctgttacacgcacccataaatggaaacatcaacaacgaaagtgactttaccctactagaaatcttgatgtcacgacagttagaccc"
"155","dmt2_000083787",0,1,0,0,1,1,0,0,1,0,0,0,0,0,0,0,0,0,0,0,0,0,0,0,0,0,0,"Plectorhinchus vittatus","Plectorhinchus","Lutjaniformes","Actinopterygii",0.982035928143713,"species","ecotag",5,"gcggttatacgagaggcccaagttgatgaacaacggcgtaaggagtggttaagacaaatcaagtactaaagccgaataccctcacagctgtcatacgcaacacgaaggttagaagctcaactacgaaagtggctttacaatatctgaacccacgaaagctatggta"
"156","dmt2_000085452",0,0,0,5,0,0,0,0,0,0,0,0,0,0,0,0,0,0,0,0,0,0,0,0,0,0,0,"Coturnix","Coturnix","Galliformes","Aves",1,"genus","ecotag",5,"gcggtcacacaagaagcccaaatcaatagccatccggcgtaaagagtggccacatgttatcttcattaactaagatcaaaatggaaccaagctgtcataagcccaggatccacctaagcccaacataaaaaccatcttagccacatgatcaatttcaatccacgaaagccagggca"
"157","dmt2_000086059",0,0,0,1,0,0,0,0,0,0,0,0,0,0,0,0,0,0,0,0,0,0,0,0,0,0,0,"Homo sapiens","Homo","Primates","Mammalia",0.98204,"species","human_assign",4,"gcggtcacacgattaacccaagtcaatagaagccggcgtaaagagtgttttagatcaccccctccccaataaagctaaaactcacctgagttgtaaaaaactccagttgacacaaaatagactacgaaagtggctttaacatatctgactacacgatagctaagacc"
"158","dmt2_000088488",0,0,0,0,0,0,0,0,0,0,0,1,0,1,0,0,0,3,0,1,0,3,0,0,0,0,0,"Homo sapiens","Homo","Primates","Mammalia",1,"species","human_assign",10,"acacgattaacccaagtcaatagaagccggcgtaaagagtgttttagatcaccccctccccaataaagctaaaactcacctgagttgtaaaaaactccagttgacacaaaatagactacgaaagtggctttaacatatctgaacacacaatagctaagacc"
"159","dmt2_000089699",0,0,0,0,0,0,0,0,0,0,0,0,0,0,0,0,0,0,3,0,0,0,0,0,0,0,0,"Alca torda","Alca","Charadriiformes","Aves",0.982954545454545,"species","ecotag",3,"gcggtcacaagagacccaaattaaccgtatgtcggcgtaaagagtggtactacgatatcatgataactaggattgaaatgcggctaggctgtcataagctcaagacgcacttaaagccatctttaagatgatcctagcatctttgatcaatttaattccacgaaagctagggca"
"160","dmt2_000091713",0,0,0,0,0,0,0,2,0,0,0,0,0,0,0,0,0,0,0,0,0,0,0,0,0,0,0,"Gasterosteus aculeatus","Gasterosteus","Gasterosteiformes","Actinopterygii",1,"species","threecon",2,"gcggttatacgagaggcccaagtagctgaattacggcgtaaagagtggttaagctaaaattaaaactaaagccgaacacccccaaagctgttatacgcatccggaggtgagaagttcaaccacgtaggtggctttatctaacctgaacccacggaagctacggca"
"161","dmt2_000092061",0,0,0,0,0,0,0,0,0,0,0,1,0,0,0,0,0,11,0,0,0,1,0,0,0,0,0,"Ammodytes marinus","Ammodytes","Perciformes","Actinopterygii",1,"species","twocon",13,"gcggttatactagaggccctagctgataaaccccggcgtaaagagtggttaagatagacttaaaactaaagccgaacaccctcacagctgttatacgcacccgagagtaagaagcccaactacgaaagtggctttacaacccctgaacccacgaaagctatgaca"
"162","dmt2_000092179",0,4,4,4,1,2,0,0,0,0,0,0,0,0,0,0,0,0,0,0,0,0,0,0,0,0,0,"Anguilla anguilla","Anguilla","Anguilliformes","Actinopterygii",1,"species","twocon",15,"ggttatacgaggggctcaaattgatattacacggcgtaaagcgtgattaaaaaacaaaaaaactaaagccaaacacttcccaagctgtcatacgctaccggaacataaacgaagccctataacgaaagtagctttaacacctttgaactcacgacagttgaggaa"
"163","dmt2_000098554",0,0,0,0,0,0,0,0,0,3,0,0,0,0,0,0,0,0,0,0,0,0,0,0,0,0,0,"Pangasianodon hypophthalmus","Pangasianodon","Siluriformes","Actinopterygii",0.982248520710059,"species","ecotag",3,"gcggctatacgaaagaccccagttgataactacggcgtagaggatggttaagggatataaaaataaagctaaagactctctaagccgtcatacgcactccgagagcacgaaaccctgacacgaaagtagctttaaacaaacttcacctgaccccacgaaagctaagaaa"
"164","dmt2_000101152",0,0,0,0,0,0,0,0,0,0,3,0,0,0,0,0,0,0,0,0,0,0,0,0,0,0,0,"Atherina boyeri","Atherina","Atheriniformes","Actinopterygii",1,"species","threecon",3,"gcggttatacgagaggcccaagttgatacccgccggcgtaaagagtggttaaggagacccacaactaaagccgaacactctcagagccgttatgtgcacccgagagcaagaagcccactcacgaaagtagctttaatcctcctgaccccacgtaagctgagaaa"
"165","dmt2_000105847",0,0,0,0,0,0,0,0,0,0,0,0,0,3,0,0,0,0,0,0,0,0,0,0,0,0,0,"Pollachius","Pollachius","Gadiformes","Actinopterygii",0.981927710843373,"genus","ecotag",3,"gctgccatacgagaggctcaaattgatgaaaaacggcgtaaagcgtggttaagaaaataagaggaaatacggccgaacaacttcaaagcagttatacgcatccgaagtcacgaagaacaatcacgaaagttgccctaaaatctccgattccacgaaagccataaaa"
"166","dmt2_000106470",0,0,0,0,0,0,0,0,0,0,0,1,0,0,0,0,0,0,0,0,0,3,0,0,0,0,0,"Pholis gunnellus","Pholis","Perciformes","Actinopterygii",1,"species","twocon",4,"gcggttatacgagaggcccaagttgacagacatcggcgtaaagagtggttaagttaaaattgtactaaagccgaacatcctccaggctgttatacgcatccgaagataagaagttcaaccacgaaggtagctttatttaatctgaacccacgaaagctatgaca"
"167","dmt2_000107463",0,0,0,0,0,0,0,0,0,0,0,0,0,0,0,0,0,13,0,0,0,0,0,0,0,0,0,"Gymnammodytes semisquamatus","Gymnammodytes","Perciformes","Actinopterygii",1,"species","twocon",13,"gcggttatacgagaggcccaagctgatagaccccggcgtaaagagtggttaaggtgaatataaaactaaggccgaactctctcacggctgttatacgcactcgagagtaagaagatcaactacgaaagtggctttacaacccctgaacccacgaaagctaaggaa"
"168","dmt2_000107846",0,0,0,1,2,0,0,0,0,0,0,0,0,0,0,0,0,0,0,0,0,0,0,0,0,0,0,"Rattus","Rattus","Rodentia","Mammalia",0.988095238095238,"genus","ecotag",3,"gcggtcatacgattaacccaaactaattattttcggcgtaaaacgtgccaactataaacctcataatagaattaaaatccaacttatatgtggaaattcattgttaggacctaagcccaataacgaaagtaattctagtcatttatataatgcacgatagctaagacc"
"169","dmt2_000109386",0,0,0,0,0,0,0,0,3,0,0,0,0,0,0,0,0,0,0,0,0,0,0,0,0,0,0,"Gasterosteus aculeatus","Gasterosteus","Gasterosteiformes","Actinopterygii",1,"species","threecon",3,"gcggttatacgagaggcccaagttgatgaattacggcgtaaagagtggttaagctaaaattaaaactaaagccgaacacccccaaagctgttatacgcatccggaggtgagaagttcaaccacgaaggtggctttaacatatctgaacccacgaaagctacggca"
"170","dmt2_000111800",0,0,0,0,0,0,0,0,0,0,0,0,0,0,0,0,0,3,0,0,0,0,0,0,0,0,0,"Ammodytes marinus","Ammodytes","Perciformes","Actinopterygii",0.99,"species","twocon",3,"gcggttatacgagaggcccaagctgatagaccccggcgtaaagagtggctaagatagacttaaaactaaagccgaacaccctcacagctgttatacgcacccgaaagtaagaagcccaactacaaaagtggctttacaacccctgaacccacgaaagctatgaca"
"171","dmt2_000112344",0,0,0,0,0,0,0,3,0,0,0,0,0,0,0,0,0,0,0,0,0,0,0,0,0,0,0,"Gasterosteus aculeatus","Gasterosteus","Gasterosteiformes","Actinopterygii",1,"species","threecon",3,"gttatacgagaggcccaagttgatgaattacggcgtaaagagtggttaagctaaaattaaaactaaagccgaacacccccaaagctgttatacgcatccggaggtgagaagttcaaccacgaaggtggctttatctaacctggacccacgaaagctacggca"
"172","dmt2_000113520",0,0,0,0,0,0,0,0,0,3,0,0,0,0,0,0,0,0,0,0,0,0,0,0,0,0,0,"Pangasianodon hypophthalmus","Pangasianodon","Siluriformes","Actinopterygii",0.982248520710059,"species","ecotag",3,"gcggttatacgaaagaccccagttgataactacggcgtaaagggtggttaagggatataaaaataaagctaaagaccctctaagccgtcatacgcacttcgagagcacgaaaccctgacacgaaagtagctttaaacaaacttcacctgaccccacgaaggctaagaaa"
"173","dmt2_000113666",0,0,0,0,2,0,0,0,0,0,0,0,0,0,0,0,0,0,0,0,0,0,0,0,0,0,0,"Canis","Canis","Carnivora","Mammalia",0.993939393939394,"genus","ecotag",2,"gcggtcatacgattaacccaaactaataggcctacggcgtaaagcgtgtttaagatacctttgcactaaagttaaaacttaactaagccgtaaaaagctgcagttaccataaaataaaccacgaaagtgactttataataatctgactacacgatagctaagacc"
"174","dmt2_000116842",0,0,0,0,0,0,0,0,0,0,0,0,0,3,0,0,0,0,0,0,0,0,0,0,0,0,0,"Pollachius","Pollachius","Gadiformes","Actinopterygii",0.981927710843373,"genus","ecotag",3,"gcggttatacgagaggctcaaattgatgaaaaacggcgtaaagcgtggttaagagaataagaggaaatacggccgaacaacatcaaagcagttatacgcatccgaagtcacggagaacaatcacgaaagttgccctaaaatctccgattccacgaaagccataaaa"
"175","dmt2_000118877",0,0,0,0,0,0,0,0,7,0,0,0,0,0,0,0,0,0,0,0,0,0,0,0,0,0,0,"Cervus elaphus","Cervus","Artiodactyla","Mammalia",0.99390243902439,"species","ecotag",7,"gcggtcatacgattaacccaagttaataggcatacggcgtaaagtgtgttaaagcactatactaaataaagttaaattccaattaagctgtaaaaagccataattgtaacaaaaatatataacgagagtaactttacaaccgctgaaacacgatagctaggacc"
"176","dmt2_000120729",0,0,0,0,0,0,0,0,0,0,0,0,0,0,0,0,0,0,0,0,0,9,0,0,0,0,0,"Merluccius merluccius","Merluccius","Gadiformes","Actinopterygii",0.99,"species","threecon",9,"gcggttatacgagaggctcaaattgatgaaaaacggcgtaaagcgtggttaaaaaatgttaaaactagagccgaataacctcaaagcagttatacgcattcgagaccacgaagcacaattacgaaagtagctctacccgtctttgactccacgaaaaccacaaaa"
"177","dmt2_000129868",0,0,0,0,0,0,0,0,2,0,0,0,0,0,0,0,0,0,0,0,0,0,0,0,0,0,0,"Gobius niger","Gobius","Perciformes","Actinopterygii",1,"species","threecon",2,"gcggttatacgtgggacccaagttgacagaaaccggcgtaaagagtggttaatataatatagactaaagcaatacaccctcaaagctgttataagctcccgagggcaggagtagctttcaagaaagaggatttaataaataagaatcaaagagaaccagggaa"
"178","dmt2_000135821",0,0,0,2,0,1,0,0,0,0,0,0,0,0,0,0,0,0,0,0,0,0,0,0,0,0,0,"Anguilla anguilla","Anguilla","Anguilliformes","Actinopterygii",1,"species","twocon",3,"gcggttatacgaggggctcaaattgatattacacggcgtaaagcgtgattaaaaaacaaaaaaactaaagccaaacacttcccaagctgtcatacgctaccggaacataaacgaagccctataacgaaagtagctttaacacctttgaacccacgaaagctacggca"
"179","dmt2_000137120",0,0,0,0,0,0,0,1,4,0,0,0,0,0,0,0,0,0,0,0,0,0,0,0,0,0,0,"Gasterosteus aculeatus","Gasterosteus","Gasterosteiformes","Actinopterygii",1,"species","threecon",5,"gcggttatacgagaggcccaagttgatgaattacggcgtaaagagtggttaagctaaaattaaaactaaagccgaacacccccaaagctgttatacgcatccggaggtgagaagttcaaccacgagggtggatttatctaacctgaccccaagaaagctacggca"
"180","dmt2_000155736",0,0,0,0,0,0,0,0,0,0,0,0,0,3,0,0,0,0,0,0,0,0,0,0,0,0,0,"Pollachius","Pollachius","Gadiformes","Actinopterygii",0.981927710843373,"genus","ecotag",3,"gcggttatacgagaggctcaaaatggtgaaaaacggcgtaaagcgtggataagaaaataagaggaaatacggccgaacaacttcaaagcagttatacgcatccgaagtcacgaagaacaatcacgaaagttgccctaaaatctccgattccacgaaagccataaaa"
"181","dmt2_000177022",0,0,0,0,4,0,0,0,0,0,0,0,0,0,0,0,0,0,0,0,0,0,0,0,0,0,0,"Larus","Larus","Charadriiformes","Aves",0.982857142857143,"genus","ecotag",4,"gcggtcacacaagagacccaaattaaccgtatacggcgtaaagagtggcactatgatgtcacagtgactaggattaagatgcaactaagctgtcataagcccaaggtgtacttaaggtcaccttcaagatgatcctagtacttctgattgatttaaccccacgaaagctagggca"
"182","dmt2_000177759",0,1,0,0,0,0,1,0,0,0,0,0,0,0,0,0,0,0,0,0,0,0,0,0,0,0,0,"Anguilla anguilla","Anguilla","Anguilliformes","Actinopterygii",1,"species","twocon",2,"gcggttatacgaaagaccccagttgataactacggcgtaaagcgtgattaaaaaacaaaaaaactaaagccaaacacttcccaagctgtcatacgctaccggaacataaacgaagccctataacgaaagtagctttaacacctttgaactcacgacagttgaggaa"
"183","dmt2_000181398",0,0,0,0,0,0,3,0,0,0,0,0,0,0,0,0,0,0,0,0,0,0,0,0,0,0,0,"Gasterosteus aculeatus","Gasterosteus","Gasterosteiformes","Actinopterygii",1,"species","threecon",3,"gcagttatgcgagaggcccaagttgatgaattacggcgtaaagagtggttaagctaaaattaaaactaaagccgaacacccccaaagctgttatacgcatccggaggtgagaagatcaaccacgaaggtggctttatctaacctgaacccacgaaagctacggca"
"184","dmt2_000186245",0,0,0,0,0,0,3,0,0,0,0,0,0,0,0,0,0,0,0,0,0,0,0,0,0,0,0,"Gasterosteus aculeatus","Gasterosteus","Gasterosteiformes","Actinopterygii",1,"species","threecon",3,"gcggttatacgagaggcccaagttgatgaattacggcgtaaggagtggttaagctaaaattaaaactaaagccggacacccccaaagctgttatacgcatccggagatgagaagttcaaccacgaaggtggctttatctaacctgaacccacgaaagctacggca"
"185","dmt2_000196632",0,0,0,0,0,0,0,0,0,0,3,0,0,0,0,0,0,0,0,0,0,0,0,0,0,0,0,"Gasterosteus aculeatus","Gasterosteus","Gasterosteiformes","Actinopterygii",1,"species","threecon",3,"gcggttatacgagaggcccaagttggtgaattacggcgtaaagagtggttaagctaaaattaaaaccaaagccgaacacccccaaagctgttatacgcgtccggaggtgagaagttcaaccacgaaggtggctttatctaacctgaacccacgaaagctacggca"
"186","dmt2_000198045",0,0,0,0,0,0,0,0,0,0,0,0,0,0,3,0,0,0,0,0,0,0,0,0,0,0,0,"Homo sapiens","Homo","Primates","Mammalia",0.98788,"species","human_assign",3,"gcggtcacacgattaacccaagtcaatagaaaccggcgtaaagagtgttttagatcatcccctccccaataaagctaaaactcacctgagttgtaaaaaactccagttgacacaaaatagactacgaaagtggctttaacatatctgaacacacaatagctaaga"
"187","dmt2_000206379",0,0,0,3,0,0,0,0,0,0,0,0,0,0,0,0,0,0,0,0,0,0,0,0,0,0,0,"Columba","Columba","Columbiformes","Actinopterygii",0.983050847457627,"genus","ecotag",3,"gcggtcacacaagagacccaagctaatcgtttgcggcgtaaagagtggactcatgcttatcgcattaattaaggtcaaaacgcaactgagctgtcataagcctaagatgcatttaaaaccgccctaaagatgaccctaaattcacaagacttaatgaaccccacgaaagccagggca"
"188","dmt2_000206889",0,0,0,5,0,0,0,0,0,0,0,0,0,0,0,0,0,0,0,0,0,0,0,0,0,0,0,"Phasianinae","None","Galliformes","Aves",0.983050847457627,"subfamily","ecotag",5,"gcggtcatacaagaaacccaaatcaatagctacccggcgtaaagagtggccacatgttatctgcaccagctaagattaaaatgcaaccaagctgtcataagcctaagatccacctaaacccaacccaaatccatcttagcctcaacgattaattttaacccacaatagctaagacc"
