"","X","id","sample.4AtLIV_eDNA_FBblank","sample.4BtLIV_eDNA_seA_bottle1","sample.4CtLIV_eDNA_seB_bottle2","sample.4DtLIV_eDNA_DeC_bottle3","sample.4EtLIV_eDNA_DeD_bottle4","sample.4FtLIV_MPEtA_Wendy","sample.4GtLIV_MPEtB_Rosie","sample.5AtLIV_MPEtC_Cath","sample.5BtLIV_MPbC_Cath","sample.5CtLIV_MPbB_Rosie","sample.5DtLIV_MPbA_Wendy","sample.6HtNEW_MPEt1_unis","sample.7AtNEW_MPb1_unis","sample.7BtNEW_MPEt2_unis","sample.7CtNEW_MPb2_unis","sample.7DtNEW_MPEt3_unis","sample.7EtNEW_MPb3_unis","sample.7FtNEW_MPEt4_unis","sample.7GtNEW_MPb4_unis","sample.7HtNEW_MPEt5_unis","sample.8AtNEW_MPb5_unis","sample.8BtNEW_MPEt6_unis","sample.8CtNEW_MPb6_unis","sample.8Dt_EBMay_13extblank","sample.8Et_EBJun_12extblank","sample.8Ft_EBJun_13extblank","sample.8HtLIV_FBEtblank","final_name","final_genus","final_order","final_class","pid","final_rank","method_assign","total_reads","sequence"
"1",1,"dmt2_000000009",26811,6314,23032,14384,8906,19405,10829,13163,15156,2076,10005,22954,30059,18469,18466,33387,2745,25855,30234,32036,15778,73924,2166,0,22670,14630,21739,"Homo sapiens","Homo","Primates","Mammalia",1,"species","human_assign",515193,"gcggtcacacgattaacccaagtcaatagaagccggcgtaaagagtgttttagatcaccccctccccaataaagctaaaactcacctgagttgtaaaaaactccagttgacacaaaatagactacgaaagtggctttaacatatctgaacacacaatagctaagacc"
"2",2,"dmt2_000000013",4,0,0,0,0,0,0,0,0,0,0,0,0,10,0,0,0,0,0,0,0,0,0,0,0,2,1,"Gymnothorax kidako","Gymnothorax","Anguilliformes","Actinopterygii",1,"species","twocon",17,"gcggttatacgagaggcccaaattgacgcaccacggcgtaaagtgtgattagagatcaacccagactaaagccgaacaccccttatgctgtcatacgccatgggggtcacgaagctcaacagcgaaagtggctttatgaatcttgaactcacgacagctaggaca"
"4",4,"dmt2_000000019",0,0,0,0,0,0,0,0,0,0,0,2812,0,90498,0,9285,0,2375,0,256,0,2686,0,0,1,4,0,"Pollachius virens","Pollachius","Gadiformes","Actinopterygii",1,"species","ecotag",107917,"gcggttatacgagaggctcaaattgatgaaaaacggcgtaaagcgtggttaagaaaataagaggaaatacggccgaacaacttcaaagcagttatacgcatccgaagtcacgaagaacaatcacgaaagttgccctaaaatctccgattccacgaaagccataaaa"
"5",6,"dmt2_000000031",4,9823,18325,7272,2386,7715,10753,6351,18810,0,3844,0,0,0,0,0,0,0,0,0,0,0,0,0,0,2,1,"Gasterosteus aculeatus","Gasterosteus","Gasterosteiformes","Actinopterygii",1,"species","threecon",85286,"gcggttatacgagaggcccaagttgatgaattacggcgtaaagagtggttaagctaaaattaaaactaaagccgaacacccccaaagctgttatacgcatccggaggtgagaagttcaaccacgaaggtggctttatctaacctgaacccacgaaagctacggca"
"6",7,"dmt2_000000035",4,1673,36,0,0,0,43,14536,4085,19117,0,399,0,168,22914,313,7955,0,0,0,0,11,0,0,3776,117,0,"Pangasianodon hypophthalmus","Pangasianodon","Siluriformes","Actinopterygii",1,"species","ecotag",75147,"gcggttatacgaaagaccccagttgataactacggcgtaaagggtggttaagggatataaaaataaagctaaagactctctaagccgtcatacgcactccgagagcacgaaaccctgacacgaaagtagctttaaacaaacttcacctgaccccacgaaagctaagaaa"
"10",11,"dmt2_000000058",0,134,95,7977,5016,1900,54,0,0,0,0,0,0,0,0,0,0,0,0,0,0,45,0,0,0,1,0,"Larus","Larus","Charadriiformes","Aves",1,"genus","ecotag",15222,"gcggtcacacaagagacccaaattaaccgtatacggcgtaaagagtggcactatgatatcacagtgactaggattaagatgcaactaagctgtcataagcccaaggtgtacttaagatcacctttaagatgatcctagtacttctgattgatttaaccccacgaaagctagggca"
"11",12,"dmt2_000000086",0,2470,2693,5085,2150,731,259,516,152,0,0,0,0,0,0,0,0,0,0,0,0,0,0,1,0,0,0,"Anguilla anguilla","Anguilla","Anguilliformes","Actinopterygii",1,"species","twocon",14057,"gcggttatacgaggggctcaaattgatattacacggcgtaaagcgtgattaaaaaacaaaaaaactaaagccaaacacttcccaagctgtcatacgctaccggaacataaacgaagccctataacgaaagtagctttaacacctttgaactcacgacagttgaggaa"
"12",13,"dmt2_000000088",0,0,0,0,0,0,0,0,0,0,0,0,0,0,0,0,0,0,0,0,0,0,0,0,1,0,0,"Chrysiptera cyanea","Chrysiptera","Ovalentaria/misc","Actinopterygii",1,"species","threecon",1,"gcggttatacgagaggcccaagttaacagacaacggcgtaaagcgtggttagggaaatctttaaactaaagccgaacgccctcagagctgtcaaacgcttacgagctaagaagccccattacgaaagtagctttattttacctgaccccacgaaagctgaggaa"
"13",14,"dmt2_000000127",0,0,35,3731,559,0,0,0,0,0,913,0,0,0,0,0,0,0,0,0,0,0,0,0,0,0,0,"Columba livia","Columba","Columbiformes","Actinopterygii",1,"species","ecotag",5238,"gcggtcacacaagagacccaagctaatcgtttgcggcgtaaagagtggactcatgcttatcacactaattaaggtcaaaacgcaactgagctgtcataagcctaagatgcatttaaaaccgccctaaagatgaccctaaattcacaagacttaatgaactccacgaaagccagggca"
"14",15,"dmt2_000000129",0,0,0,0,0,0,0,0,0,0,0,0,0,0,0,0,0,127,1589,0,0,0,0,0,0,0,0,"Gymnammodytes semisquamatus","Gymnammodytes","Perciformes","Actinopterygii",1,"species","twocon",1716,"gcggttatacgagaggcccaagctgatagaccccggcgtaaagagtggttaaggtgaatataaaactaaggccgaactctctcatggctgttatacgcacccgagagtaagaagatcaactacgaaagtggctttacaacccctgaacccacgaaagctaaggaa"
"15",16,"dmt2_000000149",0,0,23,2464,1075,0,0,0,0,0,0,0,0,0,0,0,0,0,0,0,0,0,0,0,0,0,0,"Phasianinae","None","Galliformes","Aves",1,"subfamily","ecotag",3562,"gcggtcatacaagaaacccaaatcaatagctacccggcgtaaagagtggccacatgttatctgcaccagctaagattaaaatgcaaccaagctgtcataagcctaagatccacctaaacccaacccaaatccatcttagcctcaacgattaattttaacccacgaaagctaggacc"
"16",17,"dmt2_000000150",0,0,0,0,0,0,0,0,0,0,0,0,0,0,3024,0,0,0,0,0,0,0,0,0,0,0,0,"Pangasianodon hypophthalmus","Pangasianodon","Siluriformes","Actinopterygii",0.988165680473373,"species","ecotag",3024,"gcggttatacgaaagaccccagttggtaactacggcgtaaagggtggttaagggatataaaaataaagctaaagactctctaagccgtcatacgcactccgagagcacgaaaccctgacacgaaagtagctttaaacaaacttcacctgaccccacgaaagccaagaaa"
"18",19,"dmt2_000000194",0,0,0,0,0,0,0,0,0,0,0,0,0,0,0,0,0,559,0,998,0,1290,0,0,0,0,0,"Labrus bergylta","Labrus","Perciformes","Actinopterygii",1,"species","twocon",2847,"gcggttatacgaaagacccaagttgataatcaccggcgtaaagagtggttaagataaacccccaaactaaagccgaacatcttcaaagctgttatacgcacacgaagaaaagaaacccaaccacgaaagtggctttataatatctgaccccacgaaagctatgtca"
"20",23,"dmt2_000000229",0,94,84,0,0,0,0,0,0,0,0,0,0,0,0,0,0,0,0,0,0,0,0,0,0,0,0,"Pomatoschistus minutus","Pomatoschistus","Gobiiformes","Actinopterygii",0.99,"species","threecon",178,"gcggttatacgagaggcccaagttgatggatgccggcgtaaaatgtggttaatttacagtattacactaaagcaaaacaccttctaagctgttatatgctctcgaagacaggaggcccttttacgaaagtagctttaaatggtatgaccccacgaaagctaggaaa"
"22",25,"dmt2_000000254",2,2693,377,915,403,0,136,133,11,0,5342,0,0,0,0,0,0,0,0,0,0,0,0,0,0,0,0,"Atherina boyeri","Atherina","Atheriniformes","Actinopterygii",1,"species","threecon",10012,"gcggttatacgagaggcccaagttgatacccgccggcgtaaagagtggttaaggagacccacaactaaagccgaacactctcagagctgttatatgcacccgagagcaagaagcccactcacgaaagtagctttaatcttcctgaccccacgtaagctgagaaa"
"23",26,"dmt2_000000271",0,0,0,0,0,0,0,0,0,0,0,529,0,34,0,0,0,6466,0,0,0,521,0,0,3,0,0,"Ammodytes marinus","Ammodytes","Perciformes","Actinopterygii",0.98,"species","twocon",7553,"gcggttatacgagaggcccaagctgatagaccccggcgtaaagagtggttaagatagacttaaaactaaagccgaacaccctcacagctgttatacgcacccgagagtaagaagcccaactacgaaagtggctttacaacccctgaacccacgaaagctatgaca"
"24",27,"dmt2_000000287",0,0,0,0,0,0,0,0,0,0,0,0,0,0,0,0,0,0,4729,0,0,0,0,0,0,0,0,"Alca torda","Alca","Charadriiformes","Aves",0.994318181818182,"species","ecotag",4729,"gcggtcacacaagagacccaaattaaccgtatgtcggcgtaaagagtggtactacgatatcatgataactaggattgaaatgcggctaggctgtcataagctcaagacgcacttaaagccatctttaagatgatcctagcatctttgatcaatttaattccacgaaagctagggca"
"26",29,"dmt2_000000408",0,0,0,172,257,0,0,0,0,0,0,0,0,0,0,0,0,0,0,0,0,0,0,0,0,0,0,"Rattus norvegicus","Rattus","Rodentia","Mammalia",1,"species","ecotag",429,"gcggtcatacgattaacccaaactaattattttcggcgtaaaacgtgccaactataaatctcataatagaattaaaatccaacttatatgtgaaaattcattgttaggacctaagcccaataacgaaagtaattctagtcatttatataatgcacgatagctaagacc"
"30",33,"dmt2_000000511",0,0,0,0,0,0,0,0,0,0,0,0,0,33,0,0,0,0,0,0,0,779,0,0,0,0,0,"Cyclopterus lumpus","Cyclopterus","Scorpaeniformes","Actinopterygii",1,"species","threecon",812,"gcggttatacgagaggcccaagttgacagacaccggcgtaaagagtggttaagctaaaacttaaactaaagccaaacatcttcaagactgttatacgtacccgaagacaggaaactcaaccacgaaagtagctttatttaatctgaccccacgaaagctacggca"
"32",36,"dmt2_000000681",0,0,0,0,0,0,0,0,0,0,0,0,0,19,0,0,0,0,0,0,0,44,0,0,0,0,0,"Uria aalge","Uria","Charadriiformes","Aves",1,"species","ecotag",63,"gcggtcacacaagagacccaaattaacagtatgtcggcgtaaagagtggtactatgatatcattgcaactaggattgaaatgcagctaagctgtcataagcccaagacgcacttaaagtcaccttcaagatgatcctagcgcctctgattaatttaaccccacgaaagctagggca"
"33",37,"dmt2_000000698",0,0,0,0,0,0,0,0,0,0,0,50,0,0,0,0,0,94,0,0,0,1111,0,0,0,0,0,"Pholis gunnellus","Pholis","Perciformes","Actinopterygii",1,"species","twocon",1255,"gcggttatacgagaggcccaagttgacagacatcggcgtaaagagtggttaagttaaaattgtactaaagccgaacatcctccaggctgttatacgcatccgaagataagaagttcaaccacgaaggtagctttatttaatctgaacccacgaaagctacggca"
"34",38,"dmt2_000000719",0,0,0,0,0,0,0,0,0,0,0,0,0,0,0,0,0,0,0,981,0,0,0,0,0,0,0,"Limanda","Limanda","Pleuronectiformes","Actinopterygii",1,"genus","twocon",981,"gcggttatacgagaggcccaagttgacaaacaacggcgtaaagggtggttaggggatttactaaactagagccgaacgctttcaaagctgttatacgcacccgaaagtatgaaacccaattacgaaagtagctctacttatcctgaacccacgaaagctaagaaa"
"37",41,"dmt2_000001174",0,9,17,0,0,10,20,0,21,0,0,0,0,0,0,0,0,0,0,0,0,0,0,0,0,0,0,"Gasterosteus aculeatus","Gasterosteus","Gasterosteiformes","Actinopterygii",1,"species","threecon",77,"ggttatacgagaggcccaagttgatgaattacggcgtaaagagtggttaagctaaaattaaaactaaagccgaacacccccaaagctgttatacgcatccggaggtgagaagttcaaccacgaaggtggctttatctaacctgaacccacgaaagctacggca"
"38",42,"dmt2_000001211",0,182,89,555,263,0,0,0,0,0,0,0,0,0,0,0,0,79,0,16,0,0,0,0,0,0,0,"Bovinae","None","Artiodactyla","Mammalia",1,"subfamily","ecotag",1184,"gcggtcatacgattaacccaagctaacaggagtacggcgtaaaacgtgttaaagcaccataccaaatagggttaaattctaactaagctgtaaaaagccatgattaaaataaaaataaatgacgaaagtgaccctacaatagccgacgcactatagctaagacc"
"40",45,"dmt2_000001383",0,0,15,0,0,0,0,0,0,0,0,0,0,0,0,0,0,0,0,0,0,0,0,0,0,0,0,"Equus asinus","Equus","Perissodactyla","Actinopterygii",1,"species","ecotag",15,"gcggtcatacgattaacccaaattaataaaccctccggcgtaaagcgtgtcaaagacccatactaaaataaagttaaaacccagttaagctgtaaaaagctacaactaaagtaaaataaactacgaaagtgactttaatacctctgaccacacgatagctaaggcc"
"43",48,"dmt2_000001634",0,83,437,0,0,0,0,0,33,0,0,0,0,0,0,1428,0,0,0,0,0,0,0,0,0,0,0,"Platichthys stellatus","Platichthys","Pleuronectiformes","Actinopterygii",1,"species","ecotag",1981,"gcggttatacgagaggcccaagttgacaaacaacggcgtaaagagtggttaggggatttactaaactagagccgaacgctttcaaagctgttatacgcacccgaaagtatgaaacccaattacgaaagtagctctacctatcctgaacccacgaaagctaaggaa"
"44",49,"dmt2_000001650",0,0,0,0,0,0,0,0,53,0,0,0,0,0,0,0,0,0,0,0,0,0,0,0,0,0,0,"Pangasianodon hypophthalmus","Pangasianodon","Siluriformes","Actinopterygii",0.982248520710059,"species","ecotag",53,"gcggttatacgaaagaccccagttgataactacggcgtaaagggtggttaaggggtataaaaataaagctaaagactctctaagccgtcatacgcactccgagagcacgaaaccctgacacgaaagtagctttaagcaaacttcacctgaccccacgaaagctgagaaa"
"45",50,"dmt2_000001654",0,0,0,0,0,0,0,0,1463,0,0,0,0,0,0,0,0,0,0,0,0,0,0,0,0,0,0,"Gobius niger","Gobius","Perciformes","Actinopterygii",1,"species","threecon",1463,"gcggttatacgagggacccaagttgacagaaaccggcgtaaagagtggttaatataatatagactaaagcaatacaccctcaaagctgttataagctcccgagggcaggagtagctttcacgaaagtggctttaatcaatatgaatccacgagaactagggaa"
"47",52,"dmt2_000001855",0,0,0,12,0,0,0,0,0,0,0,0,0,0,0,0,0,0,0,0,0,0,0,0,0,0,0,"Phasianus colchicus","Phasianus","Galliformes","Aves",1,"species","ecotag",12,"gcggtcatacaagaaacccgaatcaatagccaaccggcgtaaagagtggtcatatgttatcctcatcacctaagatcgaagtacaactaagctgtcataagcccaagatcttcctaagctccccaaaacatcttagctccacgactaattttaccccacgaaagccaggaca"
"48",53,"dmt2_000001881",0,0,0,0,0,153,0,0,0,0,35,0,0,0,0,0,0,13,0,0,0,58,0,0,0,0,0,"Pan troglodytes","Pan","Primates","Mammalia",0.98159509202454,"species","ecotag",259,"acagccatacaattaacctgagctaatagaactcagcataaagagtgttttaggtctatccttaataaagctaagcttcatctcagttgtataaaaccctagctgaaataaaataaactatgaaggaggctttaatacttctgaagacacaatagctaagacc"
"49",54,"dmt2_000001917",0,0,0,0,0,0,57,212,115,0,717,0,0,0,0,0,0,0,0,0,0,0,0,0,0,0,0,"Mus musculus","Mus","Rodentia","Mammalia",1,"species","ecotag",1101,"gcggtcatacgattaacccaaactaattatcttcggcgtaaaacgtgtcaactataaataaataaatagaattaaaatccaacttatatgtgaaaattcattgttaggacctaaactcaataacgaaagtaattctagtcatttataatacacgacagctaagacc"
"50",55,"dmt2_000002093",0,118,0,156,302,0,341,1172,0,0,0,0,0,0,0,0,0,34,0,390,0,117,0,0,1,0,0,"Canis","Canis","Carnivora","Mammalia",1,"genus","ecotag",2631,"gcggtcatacgattaacccaaactaataggcctacggcgtaaagcgtgttcaagatacttttacactaaagttaaaacttaactaagccgtaaaaagctacagttatcataaaataaaccacgaaagtgactttataataatctgactacacgatagctaagacc"
"51",56,"dmt2_000002196",0,307,416,114,100,0,0,0,0,0,0,0,0,0,0,0,0,0,0,0,0,0,0,0,0,0,0,"Pomatoschistus microps","Pomatoschistus","Gobiiformes","Actinopterygii",1,"species","threecon",937,"gcggttatacgagaggcccaagttgatggatgccggcgtaaaatgtggttaatttacagtattacactaaagcgaaacaccttctaagctgttatatgctttcgaaggcaggagcccctcttacgaaagtagctttaaacgatatgaccccacgaaagctagggaa"
"53",58,"dmt2_000002880",0,0,0,0,0,0,0,0,0,0,0,0,0,0,135,0,0,0,0,0,0,0,0,0,0,0,0,"Pangasianodon hypophthalmus","Pangasianodon","Siluriformes","Actinopterygii",0.982248520710059,"species","ecotag",135,"gcggttatacgaaagaccccagttgataactacggcgtaaagggtggttaagggatataaaaatagagctaaaggctctctaagccgtcatacgcactccgagagcacgaaaccctgacacgaaagtagctttaaacaaacttcacttgaccccacgaaagctaagaaa"
"54",59,"dmt2_000003244",0,515,101,56,0,0,0,0,0,0,0,0,0,0,0,0,0,0,0,0,0,0,0,0,0,0,0,"Columba palumbus","Columba","Columbiformes","Actinopterygii",1,"species","ecotag",672,"gcggtcacacaagagacccaaactaatcgttcacggcgtaaagagtggactcatgcttatcgcattaattaaggtcaaaacgcagctgagctgtcataagcttaaggtgcacttaaaaccgccctaaatacgaccctaaactcatacgactcaatgaactccacgaaagccagggta"
"55",60,"dmt2_000003307",0,0,0,13,10,119,12,0,0,0,0,0,0,0,0,0,0,0,0,0,0,0,0,0,0,0,0,"Ovis","Ovis","Artiodactyla","Mammalia",1,"genus","ecotag",154,"gcggtcatacgattgacccaagctaacaggagtacggcgtaaagcgtgttaaagcatcatactaaatagagttaaattttaattaaactgtaaaaagccataattataacaaaaataaatgacgaaagtaaccctacaatagctgatacaccatagctaagacc"
"57",62,"dmt2_000003416",0,0,0,0,0,0,35,0,0,0,0,0,0,0,0,56,0,0,0,0,0,0,0,0,0,0,0,"Felidae","None","Carnivora","Mammalia",1,"family","ecotag",91,"gcggccatacgattaacccaaactaatagacccacggcgtaaagcgtgttacagagaaaaaaatatactaaagttaaattttaactaggccgtagaaagctacagttaacataaaaatacagcacgaaagtaactttaacacctccgactacacgacagctaagacc"
"58",63,"dmt2_000003643",0,0,0,131,428,0,0,0,0,0,0,0,0,0,0,0,0,0,0,0,0,25,0,0,0,0,0,"Canis lupus familiaris","Canis","Carnivora","Mammalia",1,"subspecies","ecotag",584,"gcggtcatacgattaacccaaactaataggcctacggcgtaaagcgtgttcaagatactttaacactaaagttaaaacttaactaagccgtaaaaagctacagttatcataaaataaaccacgaaggtgactttataataatctgactacacgatagctaagacc"
"59",64,"dmt2_000003847",0,0,0,0,0,0,0,0,0,0,0,0,0,0,0,0,0,59,0,0,0,142,0,0,0,0,0,"Clupeinae","None","Clupeiformes","Actinopterygii",0.994047619047619,"subfamily","ecotag",201,"gcggttatacgagagaccctagttgatatactcggcgtaaagagtggttatggaaaacaagcactaaagccaaagagccctcaggccgttatacgcacccggggcctcgagccactatcacgaaagtagctttaccctcgcccaccagaacccacgagagctgggaca"
"60",65,"dmt2_000004005",0,0,0,0,0,0,0,0,0,0,0,0,0,0,0,378,0,0,0,0,0,0,0,0,0,0,0,"Gadus morhua","Gadus","Gadiformes","Actinopterygii",1,"species","twocon",378,"gcggttatacgagaggcccaaattgatgaaaaacggcgtaaagcgtggttaagaaaaaagagaaaatatggccgaacagcttcaaagcagttatacgcatccgaagtcacgaagaacaatcacgaaagttgccctaaaacctccgattccacgaaagccataaaa"
"61",66,"dmt2_000004194",0,0,0,0,0,0,0,0,0,0,0,0,0,0,0,0,0,0,0,0,0,0,0,0,3,0,0,"Pangasianodon hypophthalmus","Pangasianodon","Siluriformes","Actinopterygii",0.988165680473373,"species","ecotag",3,"gcggttatacgaaagaccccagttgataactacggcgtaaagggtggttaagggatataaaaataaagctaaagactctctaagccgtcatacgcactccgagagcacgaaaccctgacacgaaagtagctttaaacaaacttcacctgaccccacgaaagctaagacc"
"63",68,"dmt2_000005223",0,0,0,0,0,0,0,0,11,0,0,0,0,0,0,0,0,0,0,0,0,0,0,0,0,0,0,"Pangasianodon hypophthalmus","Pangasianodon","Siluriformes","Actinopterygii",0.982248520710059,"species","ecotag",11,"gcggttatacgaaagaccccagttgataactacggcgtaaagggtggttaagggatataaaaataaagctaaagactctctaagccgtcatacgcactccgagagcacgaaaccctgacacgaaagtagctttaaacaaacttcacctgaccccacgaaagctacggca"
"65",70,"dmt2_000006385",0,0,0,0,0,0,0,0,0,0,0,0,0,0,0,0,0,64,0,0,0,0,0,0,0,0,0,"Gadiculus argenteus","Gadiculus","Gadiformes","Actinopterygii",1,"species","twocon",64,"gcggttatacgagaggcccaaattgataaaaaacggcgtaaagcgtggttaagaagataaaaacatacggtcaaacagcctcaaagcagttatacgcactcgaggccacgaggaacaattacgaaagtatccctaaaacctctgactccacgaaaaccacaaaa"
"66",71,"dmt2_000006841",0,24,0,0,0,0,0,0,0,0,0,0,0,0,0,0,0,0,0,0,0,0,0,0,0,0,0,"Pomatoschistus minutus","Pomatoschistus","Gobiiformes","Actinopterygii",1,"species","threecon",24,"gcggttatacgagaggcccaagttgatggatgccggcgtaaaatatggttaatttacagtattacactaaagcaaaacaccttctaagctgttatatgctctcgaagacaggaggcccttttacgaaagtagctttaaatggtatggccccacgaaagctaggaaa"
"67",72,"dmt2_000007167",0,0,0,81,17,0,0,0,0,0,0,0,0,0,0,0,0,0,0,0,0,0,0,0,0,0,0,"Equus","Equus","Perissodactyla","Actinopterygii",1,"genus","ecotag",98,"gcggtcatacgattaacccaaattaataaaccctccggcgtaaagcgtgtcaaagactaataccaaaataaagttaaaacccagttaagccgtaaaaagctacaaccaaagtaaaatagactacgaaagtgactttaatacctctgactacacgatagctaagacc"
"68",73,"dmt2_000007281",0,0,0,0,0,0,0,0,0,196,0,0,0,0,0,0,0,0,0,281,0,0,0,0,0,0,0,"Felis catus","Felis","Carnivora","Mammalia",1,"species","ecotag",477,"gcggtcatacgattagcccaaactaatagacccacggcgtaaagcgtgttacagagaaaaaaatatactaaagttaaattttaactaggccgtagaaagctagagttaacataaaaatacagcacgaaagtaactttaacacctccgactacacgacagctaagacc"
"70",75,"dmt2_000008115",0,0,0,0,0,0,0,0,0,0,0,70,0,9,0,0,0,74,0,0,0,0,0,0,0,0,0,"Taurulus bubalis","Taurulus","Scorpaeniformes","Actinopterygii",1,"species","threecon",153,"gcggttatacgagaggcccaagttgacaaacaccggcgtaaagcgtggttagggaaaactcacactaaagccaaacatcttccaggctgttatacgcaactgaagataggaagttcaaccacgaaagtggctttaccagacctgaatccacgaaagctaaggaa"
"71",76,"dmt2_000008729",0,0,0,9,10,0,0,0,0,0,0,0,0,0,0,0,0,0,0,0,0,0,0,0,0,0,0,"Phasianus colchicus","Phasianus","Galliformes","Aves",1,"species","ecotag",19,"gcggtcatacaagaaacccgaatcaatagccaaccggcgtaaagagtggtcatatgttatcctcaccacctaagatcgaagtacaactaagctgtcataagcccaagatctacctaagctccccaaaacatcttagctccacgactaattttaccccacgaaagccaggaca"
"72",77,"dmt2_000009019",0,0,0,49,29,0,0,0,0,0,0,0,0,0,0,0,0,0,0,0,0,0,0,0,0,0,0,"Larus","Larus","Charadriiformes","Aves",0.988571428571429,"genus","ecotag",78,"gcggtcacacaagagacccaaattaaccgtatacggcgtaaagagtggcactatgatatcacagtgactaggattaagatgcaactaagctgtcataagcccaaggtgtacttaagatcacctttaagatgatcctagtacttctgattgatttaaccccacgaaagctaggacc"
"73",78,"dmt2_000009295",0,0,0,0,23,0,0,0,0,0,0,0,0,0,0,0,0,0,0,0,0,0,0,0,0,0,0,"Canis lupus familiaris","Canis","Carnivora","Mammalia",1,"subspecies","ecotag",23,"gcggtcatacgattaacccaaactaataggccctcggcgtaaagcgtggttaagataataccgtactaaagttaaaacttaactaagccgtaaaaagctacagttaccgtaaaatatactacgaaagtgactttaaaacttctgactacacgatagctaagatc"
"75",80,"dmt2_000009512",0,0,0,0,0,0,0,0,0,0,0,0,0,0,0,0,0,0,0,0,0,86,0,0,0,0,0,"Trachurus trachurus","Trachurus","Perciformes","Actinopterygii",1,"species","twocon",86,"gcggttatacgagaggctcaagttgacagacaacggcgtaaagagtggttaaggaaaacattcaactaaagcggaaccccctcattgctgttatacgcttccgagggaatgaaccccaactacgaaggtggctttatattaacctgaacccacgaaagctaagaaa"
"76",81,"dmt2_000010200",0,0,0,224,39,0,0,0,0,0,0,0,0,0,0,0,0,0,0,0,0,0,0,0,0,0,0,"Sciurus carolinensis","Sciurus","Rodentia","Mammalia",1,"species","ecotag",263,"gcggtcatacgattaaccctaattaataaagcacggcgtaaagcgtgattaaggtctgacctgagataagattaagctctaactaaactgtaaaaagccttagttaaaataaaaatacaaaacgaaagtaatcttataacccctgaattcacgacagctaaggcc"
"77",82,"dmt2_000010372",0,0,0,17,0,0,0,0,0,0,0,0,0,0,0,0,0,0,0,0,0,0,0,0,0,0,0,"Gasterosteus aculeatus","Gasterosteus","Gasterosteiformes","Actinopterygii",1,"species","threecon",17,"gcggttatacgagaggcccaagttgatgaattacggcgtaaagagtggttaagctaaaattaaaactaaagccgaacacccccaaagctgttatacgcatccggaggtgagaagttcaaccacgaaggtggctttatctaacctgaacccacgaaagctaagacc"
"78",83,"dmt2_000010458",0,0,0,0,0,0,0,0,62,0,0,0,0,0,0,0,0,0,0,0,0,0,0,0,0,0,0,"Pangasianodon hypophthalmus","Pangasianodon","Siluriformes","Actinopterygii",0.982248520710059,"species","ecotag",62,"gcggttatacgaaagaccccagctgataactacggcgtaaagggtggttgagggatataaaaataaagctaaagactctctgagccgtcatacgcactccgagagcacgaaaccctgacacgaaagtagctttaaacaaacttcacctgaccccacgaaagctaagaaa"
"80",85,"dmt2_000011420",0,0,0,0,0,0,0,0,0,0,0,0,0,0,0,0,0,21,0,0,0,9,0,0,0,0,0,"Ammodytes marinus","Ammodytes","Perciformes","Actinopterygii",0.99,"species","twocon",30,"gcggttatacgagaggcccaagctgatagaccccggcgtaaagagtggttaagatagacttaaaactaaagccgaacaccctcacagctgttatacgcacccgagagtaagaagcccaactacgaaagtggctttacaacccctgaacccacgaaagctaagacc"
"83",88,"dmt2_000014685",0,0,54,0,0,0,0,0,0,0,0,0,0,0,0,0,0,0,0,0,0,0,0,0,0,0,0,"Corvus","Corvus","Passeriformes","Actinopterygii",1,"genus","ecotag",54,"gcggtcatacaggagactcaaattaacagtataacggcgtaaagggtggtaacatgctatctaagtaactaagattaaaaagcaactgagctgtaataagcccaagatgctcataaggccaactaccaaagaagatcttaggctgacgattaattgaaatccacgaaagccagggcc"
"84",89,"dmt2_000014903",0,0,0,0,0,0,0,0,0,0,0,0,0,15,0,0,0,0,0,0,0,0,0,0,0,0,0,"Micrenophrys lilljeborgii","Micrenophrys","Scorpaeniformes","Actinopterygii",1,"species","twocon",15,"gcggttatacgagaggcccaagttgacaaacaccggcgtaaagcgtggttaagaaaaaactcatactaaagccaaacatcttccaggctgttatacgcaactgaaggttggaagttcaaccacgaaagtggctttacctcatctgagcccacgaaagctaaggaa"
"85",90,"dmt2_000014923",0,0,0,133,16,0,0,0,0,0,0,0,0,0,0,0,0,0,0,0,0,0,0,0,0,0,0,"Cygnus olor","Cygnus","Anseriformes","Aves",1,"species","ecotag",149,"gcggtcatacaagaaacccaaatcaaccgtcccataaacccggcgtaaagagtggtaaaatgcctatcctagctaactaagaccaaaatgcaactaagctgtcataagcccaagatgcacctaaacacaccattaagatgatcttaggaactaacgatcgatttaaccccacgaaagccagggcc"
"88",93,"dmt2_000016892",0,0,0,22,0,0,0,0,0,0,0,0,0,0,0,0,0,0,0,0,0,0,0,0,0,0,0,"Anserinae","None","Anseriformes","Aves",0.994594594594595,"subfamily","ecotag",22,"gcggtcatacaagaaacccaaatcaaccgtcctgttaacacggcgtaaagagtggtaaaatgcctatcctagctaactaagatcaaaatgcaactaagctgtcataagcccaagatgcacctaaacacaccattaagatgatcttaggaactaacgactgatttaaacccacgaaagccagggcc"
"94",99,"dmt2_000021549",0,0,0,0,0,100,0,0,0,0,0,0,0,0,0,0,0,0,0,0,0,0,0,0,0,0,0,"Homo sapiens","Homo","Primates","Mammalia",0.98204,"species","human_assign",100,"gcggtcacacgattaacccaagtcaatagaaaccggcgtaaagagtgttttagatcacccgctccccaataaagctaaaactcacctgagttgtaaaaaactccagttgagacaaaatagactacgaaagtggctttaacatatctgaacacacaatagctaagacc"
"95",100,"dmt2_000023263",0,0,0,0,0,0,0,0,0,0,0,0,0,0,0,0,0,0,0,0,0,11,0,0,0,0,0,"Chlorophthalmus agassizi","Chlorophthalmus","Aulopiformes","Actinopterygii",0.988165680473373,"species","ecotag",11,"gcggttatacgggcaggcccaagttgacagaattcggcgtaaagagtggttacggatacaatttactaaagttaaacacccacccttgctgtaatacgcggccgggggtaggagaccccgctacgaaagttgctttaatacccctcccgaccccaccacagccaggaaa"
"99",105,"dmt2_000027540",0,0,0,0,0,0,0,0,0,0,0,0,0,14,0,0,0,0,0,0,0,0,0,0,0,0,0,"Lipophrys pholis","Lipophrys","Perciformes","Actinopterygii",1,"species","twocon",14,"gcggttatacgggtggcccaagctgacagcccttcggcgtaaagcgtggttaatagctctattatactaaagccgaatgccccctaagctgtaatacgctcttgggtgctagaagccctattacgaaagtagctttatagtattgaacccacgaaagctaggata"
"101",107,"dmt2_000027873",0,0,0,37,18,0,0,0,0,0,0,0,0,0,0,0,0,0,0,0,0,0,0,0,0,0,0,"Sciurus carolinensis","Sciurus","Rodentia","Mammalia",0.981818181818182,"species","ecotag",55,"gcggtcatacgattaaccctaattaataaagcacggcgtaaagcgtgattaaggtttgacctgagataagattaagctctaactaaactgtaaaaagccttagttgaaataaaaatacaaaacgaaagtaatcttataacccctgaattcacgacagctaagacc"
"104",110,"dmt2_000031560",0,0,0,0,0,0,0,0,0,0,0,0,0,0,0,0,0,0,0,0,0,19,0,0,0,0,0,"Merluccius merluccius","Merluccius","Gadiformes","Actinopterygii",1,"species","threecon",19,"gcggttatacgagaggcccaaattgataaaaaacggcgtaaagcgtggttaaaaaatgttaaaactagagccgaataacctcaaagcagttatacgtattcgagaccacgaagcacaattacgaaagcagctctacccgtctttgactccacgaaaaccacaaaa"
"106",112,"dmt2_000031965",0,0,0,16,0,0,0,0,0,0,0,0,0,0,0,0,0,0,0,0,0,0,0,0,0,0,0,"Apodemus","Apodemus","Rodentia","Mammalia",0.988023952095808,"genus","ecotag",16,"gcggtcatacgattaacccaaactaattacttctcggcgtaaaacgtgctaactagaaacaacaaatagaactaaaatccaactaatatgtgaaaattcattgttaggacctaaactcaataacgaaagtagttctaataattctaccctgcacgatagctaagatc"
"108",114,"dmt2_000033564",0,0,21,0,0,0,0,0,0,0,0,0,0,0,0,0,0,0,0,0,0,0,0,0,0,0,0,"Pleuronectidae","None","Pleuronectiformes","Actinopterygii",0.987878787878788,"family","ecotag",21,"gcggttatacgagaggcccaagttgacaaacaacggcgtaaagagtggttaggggatttactaaactagagccgaacgctttcaaagctgttatacgcacccgaaagtatgaaacccaattacgaaagtagctctacctatcctgaacccacgaaagctacggca"
"110",116,"dmt2_000034972",0,0,0,0,0,0,0,0,0,0,0,0,0,0,0,0,0,0,0,9,0,0,0,0,0,0,0,"Limanda","Limanda","Pleuronectiformes","Actinopterygii",1,"genus","twocon",9,"gcggttatacgagaggcccaagttgacaaacaacggcgtaaagggtggttaggggatttactaaactagagccgaacgctttcaaagctgttatacgcacccgaaagtatgaaacccaattacgaaagtagctctacttatcctgaacccacgaaagctaagacc"
"114",120,"dmt2_000035690",0,0,0,14,0,0,0,0,0,0,0,0,0,0,0,0,0,0,0,0,0,0,0,0,0,0,0,"Anser","Anser","Anseriformes","Aves",0.989189189189189,"genus","ecotag",14,"gcggtcatacaagaaacccaaatcaaccgtcctgttaacacggcgtaaagagtggtaaaatgcctatcctagctaactaagatcaaaatgcaactaagctgtcataagcccaagatgcacctaaacacaccattaagatgatcttaggaactaacgatcgatttaaccccacgaaagccagggcc"
"118",124,"dmt2_000039304",0,0,0,0,10,0,0,0,0,0,0,0,0,0,0,0,0,0,0,0,0,0,0,0,0,0,0,"Anatidae","None","Anseriformes","Aves",1,"family","ecotag",10,"gcggtcatacaagagacccaaatcaactgtcctacaagcggcgtaaagagtggtaagatgcctatcctacctaactaagatcaaaatgcaactaagctgtcgcaagcacaagatgcacctaaacacaccatcaagatgatcttagaaactagcgattaatttgaacccacgaaagccagggcc"
"119",125,"dmt2_000040009",0,0,0,11,0,0,0,0,0,0,0,0,0,0,0,0,0,0,0,0,0,0,0,0,0,0,0,"Chroicocephalus ridibundus","Chroicocephalus","Charadriiformes","Aves",1,"species","ecotag",11,"gcggtcacacaagagacccaaattaaccgtatacggcgtaaagagtggcactatgatatcacaatgactaggattaagatgcaactaagctgtcataagcccaaggtgcacttaagatcacccttaagatgatcctagtacctctgattgatttaatcccacgaaagctagggca"
"121",127,"dmt2_000040764",0,0,0,0,0,0,0,0,0,0,0,0,0,0,0,0,0,0,0,0,0,54,0,0,0,0,0,"Chlorophthalmus agassizi","Chlorophthalmus","Aulopiformes","Actinopterygii",0.994047619047619,"species","ecotag",54,"gcggttatacgggcaggcccaagttgacagaattcggcgtaaagagtggttacggatacaatttactaaagttaaacaccccccttgctgtaatacgcggccgggggtaggagaccccgctacgaaagttgccttaataaccctcccgaccccaccacagccaggaaa"
"123",129,"dmt2_000042258",0,0,0,0,0,0,0,0,22,0,0,0,0,0,0,0,0,0,0,0,0,0,0,0,0,0,0,"Pangasianodon hypophthalmus","Pangasianodon","Siluriformes","Actinopterygii",0.982248520710059,"species","ecotag",22,"gcggttatacgaaagaccccagttgataactacggcgtagagggtgattaaggggtataaaaataaagctaaagactctctaagccgtcatacgcactccgagagcacgaaaccctgacacgaaagtagctttaaacaaacttcacctgaccccacgaaagctaagaaa"
"124",130,"dmt2_000043966",0,0,0,0,0,0,0,0,0,0,0,0,0,17,0,0,0,0,0,0,0,0,0,0,0,0,0,"Taurulus bubalis","Taurulus","Scorpaeniformes","Actinopterygii",1,"species","threecon",17,"gcggttatacgagaggcccaagttgacaaacaccggcgtaaagcgtggttaaggggaaactcacactaaagccaaacatcttccaggctgttatacgcaactgaagataggaagttcaaccacgaaagtggctttaccagacctgaatccacgaaagctaaggaa"
"126",132,"dmt2_000046206",0,0,0,0,0,0,0,0,0,0,0,0,0,9,0,0,0,0,0,0,0,0,0,0,0,0,0,"Ciliata septentrionalis","Ciliata","Gadiformes","Actinopterygii",1,"species","twocon",9,"gcggttatacgagaggcccaagttgatgaaacgcggcgtaaagagtggttaagaaaactaaaaaataaggccgaacaacctcagagcagttatacgcatccgaggccacgaagtacaattacgaaagtagccctaataaaaatctgactccacgaaaaccataaaa"
"127",133,"dmt2_000046597",0,0,0,0,0,0,0,0,0,0,0,0,0,13,0,0,0,0,0,0,0,0,0,0,0,0,0,"Ctenolabrus rupestris","Ctenolabrus","Perciformes","Actinopterygii",1,"species","threecon",13,"gcggttatacgagaggcccaagttgataaccaccggcgtaaagagtggttagggcagactattaaactaaagccgaacatcttcaaagctgttatacgcatacgaagaacagaaacacaaccacgaaagtggctttacctcacctgaccccacgagagctatgaca"
"128",134,"dmt2_000046971",0,0,0,0,0,0,0,0,0,0,0,0,0,12,0,0,0,0,0,0,0,0,0,0,0,0,0,"Salmo trutta","Salmo","Salmoniformes","Actinopterygii",1,"species","threecon",12,"gcggttatacgagagaccctagttgataactaccggcgtaaagagtggttacggaaaaatattcaataaagccgaacaccccctcagccgtcatacgcacctgggggcacgaagatctactgcgaaagcagctttaattatgcctgaacccacgacagctacgaca"
"140",146,"dmt2_000065739",0,0,10,0,0,0,0,0,0,0,0,0,0,0,0,0,0,0,0,0,0,0,0,0,0,0,0,"Ciliata mustela","Ciliata","Gadiformes","Actinopterygii",1,"species","twocon",10,"gcggttatacgagaggcccaagttgatgaaatgcggcgtaaagagtggttaagaaaattaaagaataaggccgaacaacctcaaagcagttatacgcatccgaggccacgaagtacaattacgaaagtagccctaatgaaaatctgactccacgaaagccataaaa"
"148",154,"dmt2_000083551",0,0,0,0,0,0,0,0,0,0,0,0,0,0,0,0,0,0,9,0,0,0,0,0,0,0,0,"Carcharias taurus","Carcharias","Lamniformes","Elasmobranchii",1,"species","ecotag",9,"gcggttatacgagtaacttatattaatacttcccggcgtaaagagtgatttaagaaacatctacaataactaaagttgagaccttaccaagctgttacacgcacccataaatggaaacatcaacaacgaaagtgactttaccctactagaaatcttgatgtcacgacagttagaccc"
"155",161,"dmt2_000092061",0,0,0,0,0,0,0,0,0,0,0,0,0,0,0,0,0,11,0,0,0,0,0,0,0,0,0,"Ammodytes marinus","Ammodytes","Perciformes","Actinopterygii",1,"species","twocon",11,"gcggttatactagaggccctagctgataaaccccggcgtaaagagtggttaagatagacttaaaactaaagccgaacaccctcacagctgttatacgcacccgagagtaagaagcccaactacgaaagtggctttacaacccctgaacccacgaaagctatgaca"
"161",167,"dmt2_000107463",0,0,0,0,0,0,0,0,0,0,0,0,0,0,0,0,0,13,0,0,0,0,0,0,0,0,0,"Gymnammodytes semisquamatus","Gymnammodytes","Perciformes","Actinopterygii",1,"species","twocon",13,"gcggttatacgagaggcccaagctgatagaccccggcgtaaagagtggttaaggtgaatataaaactaaggccgaactctctcacggctgttatacgcactcgagagtaagaagatcaactacgaaagtggctttacaacccctgaacccacgaaagctaaggaa"
"170",176,"dmt2_000120729",0,0,0,0,0,0,0,0,0,0,0,0,0,0,0,0,0,0,0,0,0,9,0,0,0,0,0,"Merluccius merluccius","Merluccius","Gadiformes","Actinopterygii",0.99,"species","threecon",9,"gcggttatacgagaggctcaaattgatgaaaaacggcgtaaagcgtggttaaaaaatgttaaaactagagccgaataacctcaaagcagttatacgcattcgagaccacgaagcacaattacgaaagtagctctacccgtctttgactccacgaaaaccacaaaa"
