"","X","id","final_name","final_genus","final_order","final_class","pid","final_rank","method_assign","total_reads","sequence","sample.5Et10BLUE_MPEtA_","sample.5Ft10BLUE_MPEtB_","sample.5Gt30BLUE_MPEtA_","sample.5Ht30BLUE_MPEtB_","sample.6At60BLUE_MPEtA_","sample.6Bt60BLUE_MPEtB_","sample.6Ct120BLUE_MPEtA","sample.6Dt120BLUE_MPEtB","sample.6Et240BLUE_MPEtA","sample.6Ft240BLUE_MPEtB","sample.6GtBLUE_FBEtblank","sample.8Dt_EBMay_13extblank","sample.8Et_EBJun_12extblank","sample.8Ft_EBJun_13extblank"
"1",1,"dmt2_000000009","Homo sapiens","Homo","Primates","Mammalia",1,"species","human_assign",145994,"gcggtcacacgattaacccaagtcaatagaagccggcgtaaagagtgttttagatcaccccctccccaataaagctaaaactcacctgagttgtaaaaaactccagttgacacaaaatagactacgaaagtggctttaacatatctgaacacacaatagctaagacc",15320,23475,15737,470,362,622,1789,49,200,149,50521,0,22670,14630
"2",2,"dmt2_000000013","Gymnothorax kidako","Gymnothorax","Anguilliformes","Actinopterygii",1,"species","twocon",149139,"gcggttatacgagaggcccaaattgacgcaccacggcgtaaagtgtgattagagatcaacccagactaaagccgaacaccccttatgctgtcatacgccatgggggtcacgaagctcaacagcgaaagtggctttatgaatcttgaactcacgacagctaggaca",14353,6171,47,26523,37038,16247,11486,1798,11853,23617,4,0,0,2
"3",3,"dmt2_000000015","Platax","Platax","Acanthuriformes","Actinopterygii",1,"genus","twocon",19540,"gcggttatacgagagacccaagttgataaacaccggcgtaaagagtggttatgactaacaattaaactaaagccgaacgctctcagagctgttatacgcatccgaaagtaagaagcccaaccacgaaagtagctttacacccctgaacccacgaaagctaagata",0,221,0,33,9828,920,2974,79,1281,4204,0,0,0,0
"4",4,"dmt2_000000019","Pollachius virens","Pollachius","Gadiformes","Actinopterygii",1,"species","ecotag",11,"gcggttatacgagaggctcaaattgatgaaaaacggcgtaaagcgtggttaagaaaataagaggaaatacggccgaacaacttcaaagcagttatacgcatccgaagtcacgaagaacaatcacgaaagttgccctaaaatctccgattccacgaaagccataaaa",0,0,0,0,0,0,5,0,0,0,1,0,1,4
"5",5,"dmt2_000000024","Pangasianodon hypophthalmus","Pangasianodon","Siluriformes","Actinopterygii",0.988165680473373,"species","ecotag",7897,"gcggttatacgaaagaccccagttgataactacggcgtaaagggtggttaagggatataaaaataaagctaaagacactctaagccgtcatacgcactccgagagcacgaaacccagacacgaaagtagctttaaacaaacttcacctgaccccacgaaagctaagaaa",0,0,0,0,0,0,0,0,0,0,1,0,1,7895
"6",6,"dmt2_000000031","Gasterosteus aculeatus","Gasterosteus","Gasterosteiformes","Actinopterygii",1,"species","threecon",30,"gcggttatacgagaggcccaagttgatgaattacggcgtaaagagtggttaagctaaaattaaaactaaagccgaacacccccaaagctgttatacgcatccggaggtgagaagttcaaccacgaaggtggctttatctaacctgaacccacgaaagctacggca",0,0,0,0,8,7,0,0,8,5,0,0,0,2
"7",7,"dmt2_000000035","Pangasianodon hypophthalmus","Pangasianodon","Siluriformes","Actinopterygii",1,"species","ecotag",39650,"gcggttatacgaaagaccccagttgataactacggcgtaaagggtggttaagggatataaaaataaagctaaagactctctaagccgtcatacgcactccgagagcacgaaaccctgacacgaaagtagctttaaacaaacttcacctgaccccacgaaagctaagaaa",13957,56,78,14,37,11098,0,20,9,123,10365,0,3776,117
"8",8,"dmt2_000000037","Myripristis","Myripristis","Holocentriformes","Actinopterygii",1,"genus","twocon",4668,"gcggttatacgagaggtccaagttgatagaaaccggcgtaaagagtggttaggggaatcttacttaactaaagccaaacaccttcagaactgttatacgtacccgaaggcatgaagaaccactacgaaagtggctttactaaccctgaacccacgaaagctatgcca",0,0,0,0,314,0,1925,0,2171,258,0,0,0,0
"9",9,"dmt2_000000039","Diagramma","Diagramma","Eupercaria/misc","Actinopterygii",1,"genus","twocon",7894,"gcggttatacgagaggcccaagttgataagcatcggcgtaaggagtggttaagacaaatcaaatactaaagccgaataccttcacagctgtcatacgcaacacgaaggctagaagttcaactacgaaagtggctttataatatctgaacccacgaaagctatggta",0,0,0,46,1671,1894,1987,368,571,1357,0,0,0,0
"11",11,"dmt2_000000058","Larus","Larus","Charadriiformes","Aves",1,"genus","ecotag",1,"gcggtcacacaagagacccaaattaaccgtatacggcgtaaagagtggcactatgatatcacagtgactaggattaagatgcaactaagctgtcataagcccaaggtgtacttaagatcacctttaagatgatcctagtacttctgattgatttaaccccacgaaagctagggca",0,0,0,0,0,0,0,0,0,0,0,0,0,1
"12",13,"dmt2_000000088","Chrysiptera cyanea","Chrysiptera","Ovalentaria/misc","Actinopterygii",1,"species","threecon",2551,"gcggttatacgagaggcccaagttaacagacaacggcgtaaagcgtggttagggaaatctttaaactaaagccgaacgccctcagagctgtcaaacgcttacgagctaagaagccccattacgaaagtagctttattttacctgaccccacgaaagctgaggaa",0,0,0,130,1192,290,343,35,386,174,0,0,1,0
"13",14,"dmt2_000000100","Gymnomuraena zebra","Gymnomuraena","Anguilliformes","Actinopterygii",1,"species","threecon",1255,"gcggttatacgaggggcccaaactgataaatcacggcgtaaagtgtgattaaagacatacgatatactaaagctaaatagcccctatgctgtcatacgccatggggcccacgaagtccaacaacgaaagtggctttataaaccttgaactcacgacagtcagggca",1221,0,0,0,0,0,0,0,0,34,0,0,0,0
"18",19,"dmt2_000000161","Siganus","Siganus","Acanthuriformes","Actinopterygii",1,"genus","twocon",2901,"gcggttatacgagagacccaagttgatagacagcggcgtaaagagtggttaagaacaaaccccaaactaaagccgaacgctctcaaagctgtcatacgcactcgagagtatgaagttcaattacgaaagtggctttactttttctgaacccacgaaagctagggca",151,0,0,107,1238,448,424,78,71,384,0,0,0,0
"20",21,"dmt2_000000198","Sus scrofa","Sus","Artiodactyla","Mammalia",1,"species","ecotag",39,"gcggtcatacgattaacccaaattaatagatccacggcgtaaagagtgtttaagaaaaaaaaaccacaatagagttaaattataactaagctgtaaaaagccctagttaaaataaaataacccacgaaagtgactctaataatcctgacacacgatagctaggacc",0,14,0,0,0,0,0,0,0,24,0,0,0,1
"21",22,"dmt2_000000200","Chaetodon","Chaetodon","Acanthuriformes","Actinopterygii",1,"genus","threecon",14378,"gcggttatacgagagactcaagttgacagtcatcggcgtaaagagtggttaagatgtataaaaactagagctaaataccctcaaagctgttatacgctctcgaaggtaagaagcccaactacgaaagtggctctattatatctgattccacgaaagctagggca",0,165,0,5679,1592,2477,2183,152,1050,1080,0,0,0,0
"22",23,"dmt2_000000217","Homo sapiens","Homo","Primates","Mammalia",1,"species","human_assign",157,"ggtcacacgattaacccaagtcaatagaagccggcgtaaagagtgttttagatcaccccctccccaataaagctaaaactcacctgagttgtaaaaaactccagttgacacaaaatagactacgaaagtggctttaacatatctgaacacacaatagctaagacc",17,23,26,0,0,0,0,0,0,0,38,0,30,23
"23",24,"dmt2_000000218","Clupea harengus","Clupea","Clupeiformes","Actinopterygii",1,"species","threecon",262,"gcggttatacgagagaccctagttgatatattcggcgtaaagagtggttatggaaaacaagcactaaagccaaagagccctcaggccgttatacgcacccggggcctcgaaccactatcacgaaagtagctttaccctcgcccaccagaacccacgagagctgggaca",0,0,0,0,0,0,108,22,8,124,0,0,0,0
"24",25,"dmt2_000000224","Chaetodon auriga","Chaetodon","Acanthuriformes","Actinopterygii",1,"species","threecon",2857,"gcggttatacgagagactcaagttgacagtcatcggcgtaaagagtggttaagatgtataaaaactagagccaaataccctcaaagctgttatacgctctcgaaggtaagaagcccaactacgaaagtggctctatcatatctgattccacgaaagctagggca",0,0,0,14,830,1345,379,20,158,111,0,0,0,0
"25",26,"dmt2_000000229","Pomatoschistus minutus","Pomatoschistus","Gobiiformes","Actinopterygii",0.99,"species","threecon",1823,"gcggttatacgagaggcccaagttgatggatgccggcgtaaaatgtggttaatttacagtattacactaaagcaaaacaccttctaagctgttatatgctctcgaagacaggaggcccttttacgaaagtagctttaaatggtatgaccccacgaaagctaggaaa",0,0,0,0,0,0,318,15,1064,426,0,0,0,0
"26",27,"dmt2_000000245","Myripristis","Myripristis","Holocentriformes","Actinopterygii",1,"genus","twocon",106,"gcggttatacgagaggtccaagttgatagaaaccggcgtaaagagtggttaggggaatcttacttaactaaagccaaacaccttcagaactgttatacgtacccgaaggcatgaagaaccactacgaaagtggctttactaaccctgaacccacgaaagctatggta",0,0,0,0,5,0,37,0,56,8,0,0,0,0
"29",32,"dmt2_000000302","Holacanthus ciliaris","Holacanthus","Acanthuriformes","Actinopterygii",0.98,"species","twocon",549,"gcggttatacgagaggcccaagttgttagacatcggcgtaaagcgtggttaagataactcaaatactaaagctaaacaccacccccactgttatacgttcacggaggtaggaagcccaatcacgaaagtagctttataatatctgagcccacgaaagctagggca",0,0,0,0,0,77,337,9,57,69,0,0,0,0
"31",34,"dmt2_000000424","Abudefduf","Abudefduf","Ovalentaria/misc","Actinopterygii",1,"genus","threecon",31587,"gcggttatacgagaggctcaagttgacagacaacggcgtaaagagtggttaaggaacttattaaactaaagccgaacgccctcagaactgttatacgtttccgaaggtaagaagccccaccacgaaagtgactttattttccccgactccacgaaagctgcgtaa",142,878,0,9487,3264,5456,3058,273,3494,5535,0,0,0,0
"32",35,"dmt2_000000468","Chrysiptera cyanea","Chrysiptera","Ovalentaria/misc","Actinopterygii",1,"species","threecon",2327,"gcggttatacgagaggctcaagttaacagacaacggcgtaaagcgtggttagggaaatctttaaactaaagccgaacaccctcagagctgttaaacgcttacgagctaagaagccccattacgaaagtagctttattttacctgaccccacgaaagctgaggaa",0,0,0,138,1140,293,485,18,151,102,0,0,0,0
"35",38,"dmt2_000000537","Acanthurus","Acanthurus","Acanthuriformes","Actinopterygii",0.981927710843373,"genus","threecon",83,"gcggttatacgagagacccaagttgacagacaatcggcgtaaagagtggttaagtaatatatttcactaaagccaaacaccttcaaagctgttatacgcacccgaagatcagaagcccaatcacgaaagtggctttaaactaactgaacccacgaaagctaggaca",0,0,0,0,0,41,0,0,30,12,0,0,0,0
"36",39,"dmt2_000000611","Thalassoma","Thalassoma","Eupercaria/misc","Actinopterygii",1,"genus","twocon",1265,"gcggttagacgagagacccaagtggatggccctcggcgtaaagagtggttaagataattttaaactaaggccaaacgactttttagctgttatacgcgcgagaagacatgaagcccaactacgaaagtggccttaagcccctgaccccacgaaagctaggaca",6,125,0,0,623,155,191,29,25,111,0,0,0,0
"37",40,"dmt2_000000624","Acanthurus olivaceus","Acanthurus","Acanthuriformes","Actinopterygii",0.99,"species","twocon",1482,"gcggttatacgagagacccaagttgacagacaatcggcgtaaagagtggttaagtactatacttaactaaagccaaacaccttcaaagctgttatacgcacccgaaggtcagaagcccaatcacgaaagtagctttaaactaactgaacccacgaaagctagggca",0,0,0,0,1204,167,45,0,27,39,0,0,0,0
"38",41,"dmt2_000000679","Gadidae","None","Gadiformes","Actinopterygii",1,"family","ecotag",1549,"gcggttatacgagaggcccaaattgatgaaaaacggcgtaaagcgtggttaagaaaataagagaaaatatggccgaacaacttcaaagcagttatacgcatccgaagtcacgaagaacaatcacgaaagttgccctaaagcctccgattccacgaaagccataaaa",0,0,0,0,0,0,812,5,471,260,0,0,1,0
"41",44,"dmt2_000000719","Limanda","Limanda","Pleuronectiformes","Actinopterygii",1,"genus","twocon",146,"gcggttatacgagaggcccaagttgacaaacaacggcgtaaagggtggttaggggatttactaaactagagccgaacgctttcaaagctgttatacgcacccgaaagtatgaaacccaattacgaaagtagctctacttatcctgaacccacgaaagctaagaaa",0,0,0,0,0,0,24,0,17,105,0,0,0,0
"42",45,"dmt2_000000981","Melichthys","Melichthys","Tetraodontiformes","Actinopterygii",1,"genus","threecon",1340,"gcggttatacgagaggcccaagctgacagacgccggcgtaaagagtggttaggaaaacataacaaattaaggccgaacgccctcaaggctgttatacgcacccgagagtaagaagtacaacaacgaaagtagccctataaattctgaacccacgaaagctaaggca",0,0,0,0,709,111,312,16,28,164,0,0,0,0
"43",46,"dmt2_000001133","Pomacanthus","Pomacanthus","Acanthuriformes","Actinopterygii",1,"genus","twocon",1618,"gcggttatacgagggagcccaagttgttaaacatcggcgtaaagcgtggttaagatgattaaaacactaaagccgaacgccttctacactgttatacgtcttccgaaggtaataagcccaatcacgaaagtagctttaactatgtccgaacccacgaaagctagggca",0,0,0,10,668,82,117,62,201,478,0,0,0,0
"46",49,"dmt2_000001233","Liparis montagui","Liparis","Scorpaeniformes","Actinopterygii",1,"species","twocon",1,"gcggttatacgagaggcccaagttgaaagacaccggcgtaaagcgtggttaaactaaaatttaaattaaagttaaacatcttcaagactgttatacgtacccgaaggcaggaaccccaattacgaaagtaactttatataagctgaacccacgaaagctatagca",0,0,0,0,0,0,0,0,0,0,0,0,1,0
"47",50,"dmt2_000001272","Cephalopholis sexmaculata","Cephalopholis","Perciformes/Serranoidei","Actinopterygii",1,"species","threecon",454,"gcggttatacgagaggcccaagttgataagcatcggcgtaaagagtggttaaggttaagtaaatactaaagctgaacacttacaaggctgttatacgcacccgaaagtaagaagtacaaccacgaaagtggctttattacacctgaacccacgaaagccaaggca",0,0,0,0,263,0,45,5,69,72,0,0,0,0
"48",51,"dmt2_000001282","Odonus niger","Odonus","Tetraodontiformes","Actinopterygii",1,"species","threecon",1271,"gcggttatacgagaggcccaagctgacagacaccggcgtaaagagtggttaggaaaacacgataaattagagccgaacgctcccaaagctgtcatacgcacccgagagtaagaagtacaacaacgaaagtagctctatcaattctgaacccacgaaagctaaggca",0,0,0,0,469,319,232,31,57,163,0,0,0,0
"49",52,"dmt2_000001322","Chromileptes altivelis","Chromileptes","Perciformes/Serranoidei","Actinopterygii",1,"species","twocon",417,"gcggttatacgagagacccaagttgacaagctccggcgtaaagcgtggttaaggagtaacaaacactaaagccaaatacttgccaagctgttatacgttcccgaaagtaagaagcacattcacgaaagtagctttatcttgcctgaacccacgaaagccaaggca",0,0,0,0,89,49,161,0,103,15,0,0,0,0
"50",53,"dmt2_000001342","Arothron","Arothron","Tetraodontiformes","Actinopterygii",1,"genus","twocon",277,"gcggttatacgagagacccaagttgttagctcccggcgtaaagagtggttaaaaacacaacattaaactgaggccgaacatcctcaaggcagttatacgctcccgaggacatgaagaacaattacgaaagtagcctcaccccatttgaacccacgaaagctagggca",0,0,0,0,0,98,101,0,14,64,0,0,0,0
"51",54,"dmt2_000001345","Arothron","Arothron","Tetraodontiformes","Actinopterygii",1,"genus","twocon",4575,"gcggttatacgagagacccaagttgttagctcccggcgtaaagagtggttaaaaacacaacattaaactgaggccgaacatcctcaaggcagttatacgctcccgaggacatgaagaacaattacgaaagtagccccaccccatttgaacccacgaaagctaggaca",0,0,0,0,0,2300,1275,66,190,744,0,0,0,0
"53",56,"dmt2_000001388","Siganus","Siganus","Acanthuriformes","Actinopterygii",1,"genus","threecon",695,"gcggttatacgagagacccaagttgatagacagcggcgtaaagcgtggttaagaacaaaacctaaactaaagccgaacactctcaaagctgttatacgcactcgagagtatgaagtccaatcacgaaagtggctttacttattctgaacccacgaaagctagggca",0,0,0,0,48,246,264,0,108,29,0,0,0,0
"54",57,"dmt2_000001420","Paracanthurus hepatus","Paracanthurus","Acanthuriformes","Actinopterygii",1,"species","threecon",2101,"gcggttatacgagagacccaagttgttagacatcggcgtaaagagtggttaagtactattacttactaaagccgaacaccttcgaagctgtcatacgcacctgaagacaggaagttcaatcacgaaagtggctttataccaactgaatccacgaaagctagggca",0,64,0,0,473,721,324,103,280,136,0,0,0,0
"55",58,"dmt2_000001546","Gymnothorax kidako","Gymnothorax","Anguilliformes","Actinopterygii",1,"species","twocon",247,"gcggttatacgagaggcccaaattgacgcaccacggcgtaaagtgtgattagagatcaacccagactaaagccgaacaccccttatgctgtcatacgccatgggggtcacgaagctcaacagcgaaagtggctttatgaatcttgaactcacgacagctagga",23,11,0,49,59,18,20,0,14,53,0,0,0,0
"59",62,"dmt2_000001770","Zebrasoma velifer","Zebrasoma","Acanthuriformes","Actinopterygii",1,"species","twocon",745,"gcggttatacgagagacccaagttgttagacaccggcgtaaagagtggttaagtacccttacttactaaagccgaacaccttcaaagctgttatacgcacctgaagacaggaagttcaatcacgaaagtggctttataccaactgaacccacgaaagctagggta",0,0,0,0,375,208,87,0,20,55,0,0,0,0
"60",63,"dmt2_000001829","Pseudanthias squamipinnis","Pseudanthias","Perciformes","Actinopterygii",1,"species","ecotag",877,"gcggttatacgaggagcccaagttgatagcctccggcgtaaagcgtggttaagataaaattaaagtaaagcagaacgcaaaccaagctgttatacgcatttgaaagtagaagcccaattacgaaagtagctttatacaactgaccccacgaaagccagggca",0,0,0,0,818,0,12,0,5,42,0,0,0,0
"62",65,"dmt2_000001868","Chaetodon","Chaetodon","Acanthuriformes","Actinopterygii",1,"genus","twocon",527,"gcggttatacgagagactcaagttgacagtcatcggcgtaaagagtggttaagatgtatagaaactaaagctaaatgccttcaaagctgttatacgctctcgaaggtaagaaacccaactacgaaagtggctttattaaatctgactccacgaaagctggggca",0,0,0,26,0,0,190,24,65,222,0,0,0,0
"65",68,"dmt2_000001945","Pomacanthus","Pomacanthus","Acanthuriformes","Actinopterygii",1,"genus","twocon",13,"gcggttatacgagggagcccaagttgttaaacatcggcgtaaagcgtggttaagatgattaaaacactaaagccgaacgccttctacactgttatacgtcttccgaaggtaataagcccaatcacgaaagtagctttaactatgtccgaacccacgaaagctaagata",0,0,0,0,8,0,0,0,0,5,0,0,0,0
"66",69,"dmt2_000002055","Balistoides conspicillum","Balistoides","Tetraodontiformes","Actinopterygii",1,"species","threecon",776,"gcggttatacgagaggcccaagctgacagacatcggcgtaaagagtggttaggaaaatacaacaaattagagccgaacgccctcaaggctgttatacgctcccgagagtaagaagtacaacaacgaaagtagccctataatttctgaacccacgaaagctaaggca",0,0,0,13,579,138,16,23,7,0,0,0,0,0
"67",70,"dmt2_000002063","Diodon","Diodon","Tetraodontiformes","Actinopterygii",1,"genus","twocon",302,"gcggttatacgagaggcccaagttgttaggcatcggcgtaaagggtggttaaggcaaatctccaaactaaagccgaacatcttccaagccgtcatacgcacacgaagacaagaagcccgataacgaaagtggctctaacctgcctgaacccacgaaagctatgaca",0,0,0,0,0,0,24,0,36,242,0,0,0,0
"68",71,"dmt2_000002093","Canis","Canis","Carnivora","Mammalia",1,"genus","ecotag",671,"gcggtcatacgattaacccaaactaataggcctacggcgtaaagcgtgttcaagatacttttacactaaagttaaaacttaactaagccgtaaaaagctacagttatcataaaataaaccacgaaagtgactttataataatctgactacacgatagctaagacc",586,0,0,0,84,0,0,0,0,0,0,0,1,0
"70",73,"dmt2_000002255","Paracanthurus hepatus","Paracanthurus","Acanthuriformes","Actinopterygii",0.99,"species","threecon",33,"gcggttatacgagagacccaagttgttagacatcggcgtaaagagtggttaagtactattacttactaaagccgaacaccttcgaagctgtcatacgcacctgaagacaggaagttcaatcacgaaagtggctttataccaactgaacccacgaaagctagggta",0,0,0,0,0,24,9,0,0,0,0,0,0,0
"71",74,"dmt2_000002318","Pangasianodon hypophthalmus","Pangasianodon","Siluriformes","Actinopterygii",0.982248520710059,"species","ecotag",16,"gcggttatacgaaagacccagttgataactacggcgtaaagggtggttaagggatataaaaataaagctaaagactctctaagccgtcatacgcactccgagagcacgaaaccctgacacgaaagtagctttaaacaaacttcacctgacccggcgaaagctaagaaa",16,0,0,0,0,0,0,0,0,0,0,0,0,0
"72",75,"dmt2_000002426","Siganus","Siganus","Acanthuriformes","Actinopterygii",0.981927710843373,"genus","threecon",11,"gcggttatacgagagacccaagttgatagacagcggcgtaaagcgtggttaagaacaaaacctaaactaaagccgaacactctcaaagctgttatacgcactcgagagtatgaagtccaatcacgaaagtggctttacttattctgaacccgcgaaagctatggta",0,0,0,0,0,0,5,0,6,0,0,0,0,0
"73",76,"dmt2_000002430","Pangasianodon hypophthalmus","Pangasianodon","Siluriformes","Actinopterygii",0.988165680473373,"species","ecotag",169,"gcggtaatacgaaagaccccagttgataactacggcgtaaagggtggttaagggatataaaaataaagctaaagactctctaagccgtcatacgcactccgagagcacgaaaccctgacacgaaagtagctttaaacaaacttcacctgaccccacgaaagctaaaaaa",169,0,0,0,0,0,0,0,0,0,0,0,0,0
"74",77,"dmt2_000002483","Gymnothorax flavimarginatus","Gymnothorax","Anguilliformes","Actinopterygii",1,"species","threecon",97,"gcggttatacgagaggcccaaattgacgcatcacggcgtaaagtgtgattagagacaaacccaaaatagaactaaacaccccctatgctgtcatacgccatgggagttacgaagaccaacaacgaaagtggttctataaaccttgaactcacgacagctaagata",0,0,0,14,0,0,12,0,71,0,0,0,0,0
"77",80,"dmt2_000003262","Balistapus undulatus","Balistapus","Tetraodontiformes","Actinopterygii",1,"species","ecotag",77,"gcggttatacgagaggcccaagctgacagacgccggcgtaaagagtggttaggaaaagtacaacaaattagagccgaacgccctcaaggctgttatacgcacccgagagtaagaagcacaacaacgaaagtggctctattatttctgaacccacgaaagctaaggca",0,0,0,0,0,0,0,7,70,0,0,0,0,0
"78",81,"dmt2_000003271","Thalassoma","Thalassoma","Eupercaria/misc","Actinopterygii",1,"genus","twocon",10,"gcggttagacgagagacccaagtggatggccctcggcgtaaagagtggttaagataattttaaactaaggccaaacgactttttagctgttatacgcgcgagaagacatgaagcccaactacgaaagtggccttaagcccctgaccccacgaaagctatggta",0,0,0,0,5,0,0,5,0,0,0,0,0,0
"81",84,"dmt2_000003416","Felidae","None","Carnivora","Mammalia",1,"family","ecotag",104,"gcggccatacgattaacccaaactaatagacccacggcgtaaagcgtgttacagagaaaaaaatatactaaagttaaattttaactaggccgtagaaagctacagttaacataaaaatacagcacgaaagtaactttaacacctccgactacacgacagctaagacc",0,0,0,0,0,0,0,0,104,0,0,0,0,0
"82",85,"dmt2_000003464","Gymnothorax kidako","Gymnothorax","Anguilliformes","Actinopterygii",1,"species","twocon",24,"gcggttatacgagaggcccaaattgacgcaccacggcgtaaagtgtgattagagatcaacccagactaaagccgaacaccccttatgctgtcatacgccatgggggtcacgaagctcaacagcgaaagtggctttatgaatcttgaactcacgacagtcagggca",24,0,0,0,0,0,0,0,0,0,0,0,0,0
"83",86,"dmt2_000003629","Pomacanthus","Pomacanthus","Acanthuriformes","Actinopterygii",1,"genus","twocon",47,"gcggttatacgagaggcccaagttgttaaacatcggcgtaaagcgtggttaagatgattaaaacactaaagccgaacgccttctacactgttatacgtcttccgaaggtaataagcccaatcacgaaagtagctttaactatgtccgaacccacgaaagctagggca",0,0,0,0,11,0,5,5,14,12,0,0,0,0
"85",88,"dmt2_000003691","Siganus","Siganus","Acanthuriformes","Actinopterygii",1,"genus","twocon",553,"gcggttatacgagagacccaagttgatagacagcggcgtaaagcgtggttaagaacaaaacctaaactaaagccgaacactctcaaagctgttatacgcactcgagagtatgaagttcaattacgaaagtggctttacttattctgaacccacgaaagctagggca",0,0,0,0,0,87,99,23,10,334,0,0,0,0
"88",92,"dmt2_000004635","Dicentrarchus labrax","Dicentrarchus","Eupercaria/misc","Actinopterygii",1,"species","threecon",208,"gcggttaaacgggaggctcaagttgatagacaccggcgtaaagcgtggttaagggcccaacttttacactaaagccgaacgctatcagagcagtgatacgcaccgaaagtaagaagatcaattacgaaagtagctttatttaaacctgaccccacgaaagctaaggca",0,0,0,0,0,0,120,14,31,43,0,0,0,0
"89",93,"dmt2_000004892","Salmo salar","Salmo","Salmoniformes","Actinopterygii",1,"species","threecon",97,"gcggttatacgagaggccctagttgataactaccggcgtaaagagtggttacggaaaaatatttaataaagccgaacaccccctcagccgtcatacgcacctgggggcacgaagatctactacgaaagcagctttaattatacctgaacccacgacagctacgaca",0,0,0,0,97,0,0,0,0,0,0,0,0,0
"90",94,"dmt2_000005158","Labroides dimidiatus","Labroides","Eupercaria/misc","Actinopterygii",1,"species","twocon",242,"gcggttatacgagagacccaagttgatagccttcggcgtaaagagtggttaagagagacctaacactaaagccaaatgacttcaaagctgttatacgcacatgaaagtacgaagcccaattacgaaagtggctttaaatcttctgactccacgaaagctatgata",0,0,0,0,0,0,31,0,0,211,0,0,0,0
"92",96,"dmt2_000005257","Micromesistius poutassou","Micromesistius","Gadiformes","Actinopterygii",1,"species","threecon",25,"gcggttatacgagaggctcaaattgatgaaaaacggcgtaaagcgtggttaagaaaacaagagatatatggccgaacagcttcaaagcagttatacgcattcgaaaccacgaagaacacccacgaaagttgccctaaaaaactctgattccacgaaaaccatagaa",0,0,0,0,0,9,0,0,0,16,0,0,0,0
"94",98,"dmt2_000005904","Platax","Platax","Acanthuriformes","Actinopterygii",0.993939393939394,"genus","threecon",275,"gcggttatacgagagacccaagttgataaacaccggcgtaaagagtggttatgactaacaattaaactaaagccgaacgctctcagagctgttatacgcatccgaaagtaagaagcccaaccacgaaagtagctttacacccctgaacccacgaaagctatggta",0,0,0,0,141,9,52,7,20,46,0,0,0,0
"97",101,"dmt2_000006505","Plectorhinchus vittatus","Plectorhinchus","Lutjaniformes","Actinopterygii",0.987951807228916,"species","ecotag",268,"gcggttatacgagaggcccaagttgataagcatcggcgtaaggagtggttaagacaaatcaagtactaaagccgaataccctcacagctgtcatacgcaacacgaaggttagaagctcaactacgaaagtggctttacaatatctgaacccacgaaagctaagata",15,0,0,0,98,20,54,5,26,50,0,0,0,0
"99",103,"dmt2_000007052","Diagramma","Diagramma","Eupercaria/misc","Actinopterygii",1,"genus","twocon",23,"gcggttatacgagaggcccaagttgataagcatcggcgtaaggagtggttaagacaaatcaaatactaaagccgaataccttcacagctgtcatacgcaacacgaaggctagaagttcaactacgaaagtggctttataatatctgaacccacgaaagctagggca",0,0,0,0,6,0,11,0,0,6,0,0,0,0
"102",106,"dmt2_000007308","Siganus","Siganus","Acanthuriformes","Actinopterygii",0.981927710843373,"genus","threecon",12,"gcggttatacgagagacccaagttgatagacagcggcgtaaagagtggttaagaacaaaccccaaactaaagccgaacgctctcaaagctgtcatacgcactcgagagtatgaagtccaatcacgaaagtggctttacttattctgaacccacgaaagctagggca",0,0,0,0,0,7,5,0,0,0,0,0,0,0
"103",107,"dmt2_000007589","Pangasianodon hypophthalmus","Pangasianodon","Siluriformes","Actinopterygii",0.982248520710059,"species","ecotag",37,"gcggttatacgaaagaccccagttgataactacggcgtaaagggtggttaagggatataaaaataaagctaaagactctctaagccgtcatacgcactccgagagcacgaaaccctgacacgaaagtagctttaaacaaacttcacctgaccccacgaaagctatggta",5,0,0,0,0,32,0,0,0,0,0,0,0,0
"105",109,"dmt2_000007990","Dicentrarchus labrax","Dicentrarchus","Eupercaria/misc","Actinopterygii",1,"species","threecon",8,"gcggttaaacgggaggctcaagttgatagacaccggcgtaaagcgtggttaaggacccaacttttacactaaagccgaacgctaccagagcagtgatacgcaccgagagtaagaagatcaattacgaaagtagctttatttaaacctgaccccacgaaagctaaggca",0,0,0,0,0,0,0,0,0,8,0,0,0,0
"106",110,"dmt2_000008105","Platax","Platax","Acanthuriformes","Actinopterygii",0.987878787878788,"genus","threecon",122,"gcggttatacgagagacccaagttgataaacaccggcgtaaagagtggttatgactaacaattaaactaaagccgaacgctctcagagctgttatacgcatccgaaagtaagaagcccaaccacgaaagtagctttacacccctgaacccacgaaagctagggca",0,0,0,0,52,5,23,0,5,37,0,0,0,0
"108",112,"dmt2_000008127","Chaetodon","Chaetodon","Acanthuriformes","Actinopterygii",0.98780487804878,"genus","threecon",80,"gcggttatacgagagactcaagttgacagtcatcggcgtaaagagtggttaagatgtataaaaactagagctaaataccctcaaagctgttatacgctctcgaaggtaagaagcccaactacgaaagtggctctattatatctgattccacgaaagctatggta",0,0,0,9,12,16,20,6,8,9,0,0,0,0
"109",113,"dmt2_000008586","Abudefduf","Abudefduf","None","Actinopterygii",0.981818181818182,"genus","ecotag",10,"gcggttatacgagaggctcaagttgacagacaacggcgtaaagagtggttaaggaacttattaaactaaagccgaacgccctcagaactgttatacgtttccgaaggtaagaagccctaccacgaaagtgactttattttccccgactccacgaaagctaagaaa",0,0,0,0,0,10,0,0,0,0,0,0,0,0
"115",120,"dmt2_000009556","Chrysiptera cyanea","Chrysiptera","Ovalentaria/misc","Actinopterygii",1,"species","threecon",7,"gcggttatacgagaggctcaagttaacagacaacggcgtaaagcgtggttagggaaatctttaaactaaagccgaacaccctcagagctgttaaacgcttacgagctaagaagccccattacgaaagtagctttattttacctgaccccacgaaagctgcgtaa",0,0,0,7,0,0,0,0,0,0,0,0,0,0
"116",121,"dmt2_000009798","Paracanthurus hepatus","Paracanthurus","Acanthuriformes","Actinopterygii",1,"species","threecon",21,"gcggttatacgagagacccaagttgttagacatcggcgtaaagagtggttaagtactattacttactaaagccgaacaccttcgaagctgtcatacgcacctgaagacaggaagttcaatcacgaaagtggctttataccaactgaatccacgaaagctatggta",0,0,0,0,6,10,0,5,0,0,0,0,0,0
"117",122,"dmt2_000009834","Siganus","Siganus","Acanthuriformes","Actinopterygii",0.987951807228916,"genus","threecon",52,"gcggttatacgagagacccaagttgatagacagcggcgtaaagagtggttaagaacaaaccccaaactaaagccgaacgctctcaaagctgtcatacgcactcgagagtatgaagttcaattacgaaagtggctttactttttctgaacccacgaaagctatggta",0,0,0,0,21,12,5,6,0,8,0,0,0,0
"119",124,"dmt2_000010008","Gymnothorax kidako","Gymnothorax","Anguilliformes","Actinopterygii",1,"species","twocon",62,"gcggttatacgagaggcccaaattgacgcaccacggcgtaaagtgtgattagagatcaacccagactaaagccgaacaccccttatgctgtcatacgccatgggggtcacgaagctcaacagcgaaagtggctttatgaatcttgaacccacgaaagctatggta",0,0,0,0,14,10,7,0,18,13,0,0,0,0
"120",125,"dmt2_000010193","Arothron hispidus","Arothron","Tetraodontiformes","Actinopterygii",0.982035928143713,"species","ecotag",82,"gcggttatacgagagacccaagttgttagcccccggcgtaaagagtggttaaaaacacaacattaaactgaggccgaacaccctcaaggcagttatacgctcccgagggcatgaagaacaattacgaaagtagcctcaccccatttgaacccacgaaagctaagata",0,0,0,0,24,7,15,0,0,36,0,0,0,0
"127",132,"dmt2_000011628","Myripristis","Myripristis","Holocentriformes","Actinopterygii",1,"genus","twocon",19,"gcggttatacgagaggtccaagttgatagaaaccggcgtaaagagtggttaggggaatcttacttaactaaagccaaacaccttcagaactgttatacgtacccgaaggcatgaagaaccactacgaaagtggctttactaaccctgaacccacgaaagctagggca",0,0,0,0,5,0,14,0,0,0,0,0,0,0
"128",133,"dmt2_000011853","Chaetodon auriga","Chaetodon","Acanthuriformes","Actinopterygii",1,"species","twocon",16,"gcggttatacgagagactcaagttgacagtcatcggcgtaaagagtggttaagatgtataaaaactagagccaaataccctcaaagctgttatacgctctcgaaggtaagaagcccaactacgaaagtggctctatcatatctgattccacgaaagctatggta",0,0,0,0,5,11,0,0,0,0,0,0,0,0
"129",134,"dmt2_000011864","Odonus niger","Odonus","Tetraodontiformes","Actinopterygii",1,"species","threecon",10,"gcggttatacgagaggcccaagctgacagacaccggcgtaaagagtggttaggaaaacacgataaattagagccgaacgctcccaaagctgtcatacgcacccgagagtaagaagtacaacaacgaaagtagctctatcaattctgaacccacgaaagctaagata",0,0,0,0,10,0,0,0,0,0,0,0,0,0
"130",135,"dmt2_000013160","Pangasianodon hypophthalmus","Pangasianodon","Siluriformes","Actinopterygii",0.982248520710059,"species","ecotag",33,"gcggttatacgaaagaccccagttgataactacggcgtaaagggtggttaagggatataagaataaagctaaagactctctaagccgtcatacgcactccgagggcacgaaaccctgacacgaaagtagctttaaacaaacttcacctggccccacgaaagctaagaaa",0,0,0,0,0,33,0,0,0,0,0,0,0,0
"131",136,"dmt2_000013537","Clupea harengus","Clupea","Clupeiformes","Actinopterygii",1,"species","threecon",47,"gcggttatacgagagaccctagttgatatattcggcgtaaagagtggttatggagaacaagcactaaagccaaagagccctcaggccgttatacgcacccggggcctcgaaccactatcacgaaagtagctttaccctagcccaccagaacccacgagagctgggaca",0,0,0,0,0,0,42,0,0,5,0,0,0,0
"135",140,"dmt2_000014397","Odonus niger","Odonus","Tetraodontiformes","Actinopterygii",1,"species","threecon",19,"gcggttatacgagaggcccaagctgacagacaccggcgtaaagagtggttaggaaaacacgataaattagagccgaacgctcccaaagctgtcatacgcacccgagagtaagaagtacaacaacgaaagtagctctatcaattctgaacccacgaaagctatggta",0,0,0,0,9,5,0,0,0,5,0,0,0,0
"137",142,"dmt2_000014610","Chrysiptera","Chrysiptera","Ovalentaria/misc","Actinopterygii",1,"genus","twocon",35,"gcggttatacgagaggctcaagttgacagacaacggcgtaaagagtggttagggaaattttaaactagagccaaacgtcctcaaagctgtttaacgctcccgagttaagaagatccattacgaaagtagctttacccatcctgaccccacgaaagctgtgaca",0,0,0,0,0,35,0,0,0,0,0,0,0,0
"144",149,"dmt2_000016082","Scomberesox saurus","Scomberesox","Beloniformes","Actinopterygii",1,"species","twocon",47,"gcggttagacgagaggcctaagttgatagccaccggcgtaaagagtggttagggacaaaacaaaaactaaagccgaatatcctcacagctgttatacgcacccgaagatgagaagcccctacgaaagtagctttaatctacccgactccacgaaagctgtgaaa",0,0,0,0,0,47,0,0,0,0,0,0,0,0
"146",151,"dmt2_000016679","Pangasianodon hypophthalmus","Pangasianodon","Siluriformes","Actinopterygii",0.982248520710059,"species","ecotag",40,"gcggttatacgaaagaccccagttgataactacggcgtaaagggtggttaagggatataaaaataaagctaaagactctttaagccgtcttacgcactccgagagcacgaaaccctgacacgaaagtagctttaaacaaacttcacctgaccccacgaaagctaataaa",40,0,0,0,0,0,0,0,0,0,0,0,0,0
"148",153,"dmt2_000017818","Arothron","Arothron","Tetraodontiformes","Actinopterygii",1,"genus","twocon",10,"gcggttatacgagagacccaagttgttagctcccggcgtaaagagtggttaaaaacacaacattaaactgaggccgaacatcctcaaggcagttatacgctcccgaggacatgaagaacaattacgaaagtagccccaccccatttgaacccacgaaagctaagata",0,0,0,0,0,5,5,0,0,0,0,0,0,0
"150",155,"dmt2_000018866","Hemitaurichthys","Hemitaurichthys","Chaetodontiformes","Actinopterygii",0.981818181818182,"genus","ecotag",23,"gcggttaaacgagggacccaagtcgttagtcatcggcgtaaagagtggttaagataagacaaaactaaagccgaatgctctccagactgtcatacgcccccgaggagtaagaagctcaactacgaaagtggctttacccattctgaacccacgaaagctaaggca",0,0,0,0,0,23,0,0,0,0,0,0,0,0
"152",157,"dmt2_000019245","Felidae","None","Carnivora","Mammalia",0.988023952095808,"family","ecotag",9,"gcggccatacgattaacccaaactaatagacccacggcgtaaagcgtgttacagagaaaaaaatatactaaagttaaattttaactaggccgtagaaagctacagttaacataaaaatacagcacgaaagtaacataaacacctccgactacacgacagctaagacc",0,0,0,0,0,0,0,0,9,0,0,0,0,0
"153",158,"dmt2_000019399","Zebrasoma desjardinii","Zebrasoma","Acanthuriformes","Actinopterygii",0.987878787878788,"species","ecotag",30,"gcggttatacgagagacccaagttgttagacaccggcgtaaagagtggttaagtacccttacttactaaagccgaacaccttcaaagctgttatacgcacctgaagacaggaagttcaatcacgaaagtggctttataccaactgaatccacgaaagctagggca",0,0,0,0,5,15,10,0,0,0,0,0,0,0
"157",162,"dmt2_000020074","Arothron","Arothron","Tetraodontiformes","Actinopterygii",1,"genus","twocon",6,"gcggttatacgagagacccaagttgttagctcccggcgtaaagagtggttaaaaacacaacattaaactgaggccgaacatcctcaaggcagttatacgctcccgaggacatgaagaacaattacgaaagtagccccaccccatttgaacccacgaaagctagga",0,0,0,0,0,6,0,0,0,0,0,0,0,0
"158",163,"dmt2_000020628","Melichthys","Melichthys","Tetraodontiformes","Actinopterygii",0.987951807228916,"genus","threecon",15,"gcggttatacgagaggcccaagctgacagacgccggcgtaaagagtggttaggaaaacataacaaattaaggccgaacgccctcaaggctgttatacgcacccgagagtaagaagtacaacaacgaaagtagctctatcaattctgaacccacgaaagctaaggca",0,0,0,0,9,0,0,0,0,6,0,0,0,0
"162",167,"dmt2_000021637","Platax","Platax","Acanthuriformes","Actinopterygii",0.987878787878788,"genus","threecon",19,"ggttatacgagagacccaagttgataaacaccggcgtaaagagtggttatgactaacaattaaactaaagccgaacgctctcagagctgttatacgcatccgaaagtaagaagcccaaccacgaaagtagctttacacccctgaacccacgaaagctaagata",0,0,0,0,12,0,0,0,0,7,0,0,0,0
"165",170,"dmt2_000023164","Myripristis","Myripristis","Holocentriformes","Actinopterygii",1,"genus","twocon",6,"gcggttatacgagaggtccaagttgatagaaaccggcgtaaagagtggttaggggaatcttacttaactaaagccaaacaccttcagaactgttatacgtacccgaaggcatgaagaaccactacgaaagtggctttactaaccctgaacccacgaaagctaagata",0,0,0,0,0,0,6,0,0,0,0,0,0,0
"168",173,"dmt2_000023740","Chrysiptera cyanea","Chrysiptera","Ovalentaria/misc","Actinopterygii",1,"species","threecon",13,"gcggttatacgagaggcccaagttaacagacaacggcgtaaagcgtggttagggaaatctttaaactaaagccgaacgccctcagagctgtcaaacgcttacgagctaagaagccccattacgaaagtagctttattttacctgaccccacgaaagctatggta",0,0,0,0,8,0,5,0,0,0,0,0,0,0
"170",175,"dmt2_000024960","Pomacanthus","Pomacanthus","Acanthuriformes","Actinopterygii",1,"genus","twocon",28,"gcggttatacgagggagcccaagttgttaaacatcggcgtaaagcgtggttaagatgattaaaacactaaagccgaacgccttctacactgttatacgtcttccgaaggtaataagcccaatcacgaaagtagctttaactatgtccgaacccacgaaagctatggta",0,0,0,0,19,0,0,0,0,9,0,0,0,0
"171",176,"dmt2_000025112","Solea solea","Solea","Pleuronectiformes","Actinopterygii",1,"species","threecon",61,"gcggtgagacgagaggctcaagttgacaaacacggcacaaagcgtggttaaggaattttacagactaaagttaaacgcttccaaagctgttatacgcactcgaaagtatgaaattcaaccacgaaagtaactttaacacccctgaacccacgaaagctaaggaa",0,0,0,0,0,0,20,11,15,15,0,0,0,0
"172",177,"dmt2_000026095","Siganus","Siganus","Acanthuriformes","Actinopterygii",0.981927710843373,"genus","threecon",6,"gcggttatacgagagacccaagttgatagacagcggcgtaaagcgtggttaagaacaaaacctaaactaaagccgaacactctcaaagctgttatacgcactcgagagtatgaagttcaattacgaaagtagctttacttattctgaacccacgaaagctatggta",0,0,0,0,0,0,0,0,0,6,0,0,0,0
"175",180,"dmt2_000026239","Odonus niger","Odonus","Tetraodontiformes","Actinopterygii",1,"species","threecon",7,"gcggttatacgagaggcccaagctgacagacaccggcgtaaggagtggttaggaaaacacgataaattagagccgaacgctcccaaagctgtcatacgcacccgagagtaagaaggacaacaacgaaagtagctctatcaattctgaacccacgaaagctaaggca",0,0,0,0,7,0,0,0,0,0,0,0,0,0
"176",181,"dmt2_000026388","Pangasianodon hypophthalmus","Pangasianodon","Siluriformes","Actinopterygii",0.982248520710059,"species","ecotag",1,"gcggttatacgaaagaccccagttgataactacggcgtaaagggtggttaagggatataaaaataaagctaaagactctctaagccgtcatacgcactccgagagcacgaaaccctgacacgaaagtagctttaaacaaaattcaccagaccccacgaaggctaagaaa",0,0,0,0,0,0,0,0,0,0,0,0,1,0
"177",182,"dmt2_000026934","Chaetodon","Chaetodon","Acanthuriformes","Actinopterygii",0.981707317073171,"genus","threecon",6,"gcggttatacgagagactcaagttgacagtcatcggcgtaaagagtggttaagatgtataaaaactagagctaaataccctcaaagctgttatacgctctcgaaggtaagaagcccaactacgaaagtggctctattatatctgattccacgaaagctaggg",0,0,0,6,0,0,0,0,0,0,0,0,0,0
"178",183,"dmt2_000027200","Siganus","Siganus","Acanthuriformes","Actinopterygii",0.981927710843373,"genus","threecon",5,"gcggttatacgagagacccaagttgatagacagcggcgtaaagagtggttaagaacaaaccccaaactaaagccgaacgctctcaaagctgtcatacgcactcgagagtatgaagttcaattacgaaagtggctttactttttctgaacccacgaaagctaagata",0,0,0,0,5,0,0,0,0,0,0,0,0,0
"182",187,"dmt2_000028675","Chrysiptera cyanea","Chrysiptera","Ovalentaria/misc","Actinopterygii",1,"species","threecon",16,"gcggttatacgagaggctcaagttaacagacaacggcgtaaagcgtggttagggaaatctttaaactaaagccgaacaccctcagagctgttaaacgcttacgagctaagaagccccattacgaaagtagctttattttacctgaccccacgaaagctatggta",0,0,0,0,16,0,0,0,0,0,0,0,0,0
"186",191,"dmt2_000029880","Naso elegans","Naso","Acanthuriformes","Actinopterygii",1,"species","ecotag",11,"gcggttatacgagagacccaagttgttagacaccggcgtaaagagtggttaggaaaactcattcaactagagccgaacaccttcaaagctgttatacgcacccgaaggtaagaagcccaactacgaaagtggctttatgttaactgaacccacgaaagctaggata",0,0,0,0,0,0,0,0,0,11,0,0,0,0
"199",204,"dmt2_000034961","Melichthys","Melichthys","Tetraodontiformes","Actinopterygii",0.987951807228916,"genus","threecon",7,"gcggttatacgagaggcccaagctgacagacgccggcgtaaagagtggttaggaaaacataacaaattaaggccgaacgccctcaaggctgttatacgcacccgagagtaagaagtacaacaacgaaagtagccctataaattctgaacccacgaaagctaagata",0,0,0,0,7,0,0,0,0,0,0,0,0,0
"204",209,"dmt2_000035249","Balistoides conspicillum","Balistoides","Tetraodontiformes","Actinopterygii",0.99,"species","threecon",7,"gcggttatacgagaggcccaagctgacagacatcggcgtaaagagtggttaggaaaatacaacaaattagagccgaacgccctcaaggctgttatacgctcccgagagtaagaagtacaacaacgaaagtagctctatcaattctgaacccacgaaagctaaggca",0,0,0,0,7,0,0,0,0,0,0,0,0,0
"212",217,"dmt2_000038994","Chrysiptera cyanea","Chrysiptera","Ovalentaria/misc","Actinopterygii",1,"species","threecon",7,"gcggttatacgagaggcccaagttaacagacaacggcgtaaagcgtggttagggaaatctttaaactaaagccgaacgccctcagagctgtcaaacgcttacgagctaagaagccccattacgaaagtagctttattttacctgaccccacgaaagctagggca",0,0,0,0,7,0,0,0,0,0,0,0,0,0
"215",220,"dmt2_000040544","Leporidae","None","Lagomorpha","Actinopterygii",0.994011976047904,"family","ecotag",12,"gcggtcatacgattaacccaaattaataaatatccggcgtaaagcgtgattagaataaacaacaaaataaaatcaaataacaactaagccgtagaaagtaatagttgcaaacaaaaataaacaacgaaagtgattttatactcttcgaactcacgatagctaaggcc",0,0,0,0,0,12,0,0,0,0,0,0,0,0
"217",222,"dmt2_000041008","Zebrasoma desjardinii","Zebrasoma","Acanthuriformes","Actinopterygii",0.981818181818182,"species","ecotag",12,"gcggttatacgagagacccaagttgttagacatcggcgtaaagagtggttaagtactattacttactaaagccgaacaccttcaaagctgttatacgcacctgaagacaggaagttcaatcacgaaagtggctttataccaactgaacccacgaaagctagggta",0,0,0,0,12,0,0,0,0,0,0,0,0,0
"219",224,"dmt2_000042180","Parupeneus cyclostomus","Parupeneus","Mulliformes","Actinopterygii",1,"species","twocon",11,"gcggttacacgagaggcccaagttgatagaaattcggcgtaaagggtggttaggggatattacaaaataaagccgaacgttcatcagtgctgtttaacgcccccgagaactcgaagcccccccacgaaagtggctttaccccgcccgaacccacgagagtcagggta",0,0,0,0,6,0,0,0,5,0,0,0,0,0
"221",226,"dmt2_000043019","Platax","Platax","Acanthuriformes","Actinopterygii",0.981818181818182,"genus","threecon",9,"gcggttatacgagagacccaagttgataaacaccggcgtaaagagtggttatgactaacaattaaactaaagccgaacgctctcagagctgttatacgcatccgaaagtaagaagcccaaccacgaaagtagctttacacccctgaacccacgaaagctatgcca",0,0,0,0,0,0,0,0,9,0,0,0,0,0
"228",233,"dmt2_000046703","Hippocampus kuda","Hippocampus","Syngnathiformes","Actinopterygii",0.993827160493827,"species","ecotag",7,"gcggttatacgagaggctcaagataatagaagtcggcgtaaagagtggttaagtataaaataactaaagttaaacatcttccaagctgttatacgcacccgaaggtatgagattcatttacgaaagtgactttacaaaactgaacccacgaaagctatgaaa",0,0,0,0,0,7,0,0,0,0,0,0,0,0
"245",250,"dmt2_000056899","Pangasianodon hypophthalmus","Pangasianodon","Siluriformes","Actinopterygii",0.982248520710059,"species","ecotag",5,"gcggttatacgaaagaccccagttgataactacggcgtaaagggtggttaagggatataaaaataaagctaaagactctctaagccgtcatacgtactccgagagcacgaaaccctgacacgaaagtagctttaaacgaacctcacctgaccccacgaaagctaagaaa",5,0,0,0,0,0,0,0,0,0,0,0,0,0
"247",252,"dmt2_000057536","Pangasianodon hypophthalmus","Pangasianodon","Siluriformes","Actinopterygii",0.982248520710059,"species","ecotag",8,"gcggttatacgaaagactccagttgataactacggcgcaaagggtggttaagggatataaaaataaagctaaagactctctaagccgtcatacgcactccgagagcacgaaaccctgacacgaaagtagctttaaacaaacttcacctgatcccacgaaagctaagaaa",0,0,0,0,0,8,0,0,0,0,0,0,0,0
"257",262,"dmt2_000063407","Platax","Platax","Acanthuriformes","Actinopterygii",0.987878787878788,"genus","threecon",6,"gcggttatacgagagacccaagttgataaacaccggcgtaaagagtggttatgactaacaattaaactaaagccgaacgctctcagagctgttatacgcatccgaaagtaagaagcccaaccacgaaagtagctttacacccctgaacccacgaaagctgaggaa",0,0,0,0,6,0,0,0,0,0,0,0,0,0
"259",264,"dmt2_000063886","Chrysiptera","Chrysiptera","Ovalentaria/misc","Actinopterygii",1,"genus","twocon",14,"gcggttatacgagaggctcaagttgacagacaacggcgtaaagagtggttagggaaattttaaactaaagccaaacgtcctcagagctgtttaacgctcccgagttaagaagatccattacgaaagtagctttacccatcctgaccccgcgaaagctgtgaca",0,0,0,0,0,14,0,0,0,0,0,0,0,0
"261",266,"dmt2_000064400","Paracanthurus hepatus","Paracanthurus","Acanthuriformes","Actinopterygii",1,"species","threecon",6,"gcggttatacgagagacccaagttgacagacaatcggcgtaaagagtggttaagtactattacttactaaagccgaacaccttcgaagctgtcatacgcacctgaagacaggaagttcaatcacgaaagtggctttataccaactgaatccacgaaagctagggca",0,0,0,0,6,0,0,0,0,0,0,0,0,0
"276",281,"dmt2_000071291","Arothron","Arothron","Tetraodontiformes","Actinopterygii",1,"genus","twocon",8,"gcggttatacgagagacccaagttgttagctcccggcgtaaagagtggttaaaaacacaacattaaactgaggccgaacatcctcaaggcagttatacgctcccgaggacatgaagaacaattacgaaagtagccccaccccatttgaacccacgaaagctatggta",0,0,0,0,0,8,0,0,0,0,0,0,0,0
"277",282,"dmt2_000072519","Gymnothorax kidako","Gymnothorax","Anguilliformes","Actinopterygii",1,"species","twocon",6,"gcggttatacgagaggcccaaattgacgcaccacggcgtaaagtgtgattagagatcaacccagactaaagccgaacaccccttatgctgtcatacgccatgggggtcacgaagctcaacagcgaaagtggctttatgaatcttgaacacacaatagctaagacc",6,0,0,0,0,0,0,0,0,0,0,0,0,0
"283",288,"dmt2_000078678","Zebrasoma","Zebrasoma","Acanthuriformes","Actinopterygii",1,"genus","twocon",6,"gcggttatacgagagacccaagttgttagacaccggcgtaaagagtggttaagtactattacttactaaagccgaacaccttcaaagctgttatacgcacctgaagataggaagttcaaccacgaaagtggctttatacttactgaacccacgaaagctatggta",0,0,0,0,0,0,6,0,0,0,0,0,0,0
"298",303,"dmt2_000087538","Pangasianodon hypophthalmus","Pangasianodon","Siluriformes","Actinopterygii",0.982248520710059,"species","ecotag",10,"gcggttatacgaaagactccagttgataactacggcgtaaagggtggttaagggatataaaaataaggctaaagactctctaagccgtcatacgcactccgagagcacgaaaccctgacacgaaagtagctttaaacaaacttcacctgaccccacgaaagctaaggaa",0,0,0,0,0,10,0,0,0,0,0,0,0,0
"302",307,"dmt2_000091835","Chaetodon","Chaetodon","Acanthuriformes","Actinopterygii",0.98780487804878,"genus","threecon",7,"ggttatacgagagactcaagttgacagtcatcggcgtaaagagtggttaagatgtataaaaactagagctaaataccctcaaagctgttatacgctctcgaaggtaagaagcccaactacgaaagtggctctattatatctgattccacgaaagctagggca",0,0,0,7,0,0,0,0,0,0,0,0,0,0
"305",310,"dmt2_000094026","Diodon","Diodon","Tetraodontiformes","Actinopterygii",1,"genus","twocon",12,"gcggttatacgagaggcccaagttgttaggcatcggcgtaaagggtggttaaggcaaatctccaaactaaagccgaacatcttccaagccgtcatacgcacacgaagacaagaagcccgataacgaaagtggctctaacctgcctgaacccacgaaagctatggta",0,0,0,0,0,0,0,0,0,12,0,0,0,0
"308",313,"dmt2_000097664","Pomatoschistus minutus","Pomatoschistus","Gobiiformes","Actinopterygii",0.99,"species","threecon",7,"gcggttatacgagaggcccaagttgatggatgccggcgtaaaatgtggttaatttacagtattacactaaagcaaaacaccttctaagctgttatatgctctcgaagacaggaggcccttttacgaaagtagctttaaatggtatgaccccacgaaagctatggta",0,0,0,0,0,0,0,0,7,0,0,0,0,0
"320",325,"dmt2_000108335","Scomber","Scomber","Scombriformes","Actinopterygii",1,"genus","threecon",18,"gcggttatacgataggcccaagttgacagaccccggcgtaaagcgtggttagggaaaactcaaaactaaagccgaatatcttcagggcagttatacgcttccgaagacacgaagcccttccacgaaagtgactttattacccccgaccccacgaaagctaggaca",0,0,0,0,0,0,0,0,6,12,0,0,0,0
"329",334,"dmt2_000113985","Gymnothorax kidako","Gymnothorax","Anguilliformes","Actinopterygii",1,"species","twocon",5,"gcggttatacgagaggcccaaattgacgcaccacggcgtaaagcgtgattggagatcaacccagactaaggccgaacaccccttatgctgtcatacgccatgggggtcacgaagctcaacagcgaaagtggctttatgaatcttgaactcacgacagctaggaca",0,0,0,0,5,0,0,0,0,0,0,0,0,0
"342",347,"dmt2_000129263","Odonus niger","Odonus","Tetraodontiformes","Actinopterygii",1,"species","threecon",6,"gcggttatacgagaggcccaagctgacagacaccggcgtaaagagtggttaggaaaccacgataaattagagccgaacgctcccaaagctgtcatacgcacccgagagtaagaaggacaacaacgaaagtagctctatcaattctgaacccacgaaagctaaggca",0,0,0,0,6,0,0,0,0,0,0,0,0,0
"372",377,"dmt2_000191603","Pseudanthias squamipinnis","Pseudanthias","Perciformes","Actinopterygii",0.981481481481482,"species","ecotag",7,"gcggttatacgaggagcccaagttgatagcctccggcgtaaagcgtggttaagataaaattaaagtaaagcagaacgcaaaccaagctgttatacgcatttgaaagtagaagcccaattacgaaagtagctttatacaactgaccccacgaaagctatggta",0,0,0,0,7,0,0,0,0,0,0,0,0,0
"379",384,"dmt2_000208380","Pangasianodon hypophthalmus","Pangasianodon","Siluriformes","Actinopterygii",0.982248520710059,"species","ecotag",3,"gcggttatacgaaagaccccagttgataactacggcgtaaagggtggttaagggatataaaaataaagctgaagactctctaagccgtcatacgcactccgagagcacgaaaccctgacacgaaagtagctttaaacgaacttcacccgaccccacgaaagctaagaaa",0,0,0,0,0,0,0,0,0,0,3,0,0,0
