"","X","id","final_name","final_genus","final_order","final_class","pid","final_rank","method_assign","total_reads","sequence","sample.1A_B_CLASNOR_Jul22","sample.1B_B_CLASNOR_Jul22","sample.1C_E_CLASNOR_Jul22","sample.2A_B_CLASNOR_Jul22","sample.2A_PLYM_Fi_Jul22","sample.2B_B_CLASNOR_Jul22","sample.2C_E_CLASNOR_Jul22","sample.2C_PLYM_Fi_Jul22","sample.3A_PLYM_Fi_Jul22","sample.3B_B_CLASNOR_Jul22","sample.3B_PLYM_Fi_Jul22","sample.3C_E_CLASNOR_Jul22","sample.3C_PLYM_Fi_Jul22","sample.4A_PLYM_Fi_Jul22","sample.4B_B_CLAS_NOR_Jul22","sample.4B_PLYM_Fi_Jul22","sample.4C_E_CLAS_NOR_Jul22","sample.4C_PLYM_Fi_Jul22","sample.5A_PLYM_Fi_Jul22","sample.5B_B_CLAS_NOR_Jul22","sample.5B_PLYM_Fi_Jul22","sample.5C_E_CLAS_NOR_Jul22","sample.5C_PLYM_Fi_Jul22","sample.6A_PLYM_Fi_Jul22","sample.6B_B_CLAS_NOR_Jul22","sample.6B_PLYM_Fi_Jul22","sample.6C_PLYM_Fi_Jul22","sample.7A_PLYM_Fi_Jul22","sample.7B_PLYM_Fi_Jul22","sample.8B_PLYM_Fi_Jul22","sample.8C_PLYM_Fi_Jul22","sample.pcr_negative_2_Jul22","sample.pcr_positive_1_Jul22","sample.pcr_positive_2_Jul22","sample.2B_PLYM_Fi_Jul22","sample.3A_B_CLASNOR_Jul22","sample.4A_B_CLASNOR_Jul22","sample.5A_B_CLAS_NOR_Jul22","sample.6A_B_CLAS_NOR_Jul22","sample.7C_PLYM_Fi_Jul22","sample.8A_PLYM_Fi_Jul22"
"1",1,"div1_000000001","Homo sapiens","Homo","Primates","Mammalia",1,"species","human_assign",679367,"gcggtcacacgattaacccaagtcaatagaagccggcgtaaagagtgttttagatcaccccctccccaataaagctaaaactcacctgagttgtaaaaaactccagttgacacaaaatagactacgaaagtggctttaacatatctgaacacacaatagctaagacc",1186,13,41582,0,6215,0,9365,74463,4,0,66,4759,46225,39584,3731,11643,1091,77767,21964,0,8569,24937,82370,70419,0,0,79574,3586,0,122,17,70110,4,1,0,0,0,0,0,0,0
"2",2,"div1_000000002","Atherina boyeri","Atherina","Atheriniformes","Actinopterygii",1,"species","twocon",59477,"gcggttatacgagaggcccaagttgatatccgccggcgtaaagagtggttaagagaacccaatactaaagccgaacactctcaaagctgttatatgcacccgagagcaagaagccctctcacgaaagtagctttaacttttctgactccacgtaagctgaggga",0,0,0,0,13,0,0,0,0,0,0,0,1236,55818,0,19,0,2379,0,0,0,0,4,3,0,0,3,0,0,0,0,2,0,0,0,0,0,0,0,0,0
"3",3,"div1_000000010","Dicentrarchus labrax","Dicentrarchus","Perciformes","Actinopterygii",1,"species","threecon",73643,"gcggttaaacgggaggctcaagttgatagacaccggcgtaaagcgtggttaagggcccaacttttacactaaagccgaacgctatcagagcagtgatacgcaccgaaagtaagaagatcaattacgaaagtagctttatttaaacctgaccccacgaaagctaaggca",0,0,0,0,31,0,0,0,0,0,0,0,0,6,0,0,0,1137,1464,0,92,0,4664,0,0,0,4223,0,0,62020,0,6,0,0,0,0,0,0,0,0,0
"4",4,"div1_000000030","Pomatoschistus minutus","Pomatoschistus","Perciformes","Actinopterygii",0.99,"species","threecon",8947,"gcggttatacgagaggcccaagttgatggatgccggcgtaaaatgtggttaatttacagtattacactaaagcaaaacaccttctaagctgttatatgctctcgaagacaggaggcccttttacgaaagtagctttaaatggtatgaccccacgaaagctaggaaa",0,0,0,0,0,0,0,0,0,0,0,0,0,0,0,0,0,0,172,0,0,0,914,0,0,0,7861,0,0,0,0,0,0,0,0,0,0,0,0,0,0
"5",5,"div1_000000031","Symphodus melops","Symphodus","Perciformes","Actinopterygii",1,"species","twocon",16900,"gcggttatacgagaggcccaagttgataaataccggcgtaaagagtggttagagaagaaactaaactaaagccaaacgccttcagagctgttatacgcttacgaagagcagagacacaaccacgaaagtggctttacttaacctgaccccacgaaagctagggca",0,0,0,0,34,0,0,0,0,0,0,0,2771,458,0,0,0,557,3145,0,290,50,4478,0,0,0,1099,3976,0,42,0,0,0,0,0,0,0,0,0,0,0
"6",6,"div1_000000038","Chelon auratus","Chelon","Mugiliformes","Actinopterygii",1,"species","threecon",2509,"gcggttatacgagaggcccaagctgacagcccccggcgtaaagagtggttaagttaaccccaatatgactaaagtcgaacgcccccaagaccgttatacgtgctcggaggtatgaagcccaactacgaaagtggctttaaaatgcctgaccccacgaaagctgtgaaa",0,0,0,0,0,0,0,0,0,0,0,0,0,0,0,0,0,0,0,0,0,0,0,0,0,0,0,0,2509,0,0,0,0,0,0,0,0,0,0,0,0
"7",7,"div1_000000041","Symphodus bailloni","Symphodus","Perciformes","Actinopterygii",1,"species","twocon",12299,"gcggttatacgtgaggcccaagttgataaacatcggcgtaaagggtggttaggagaaaaaacgaaactaaagccaaacgccttcagagctgttatacgcccacgaagagcagagacacaaccacgaaagtggctttatttgatctgaccccacgaaagctagggca",0,0,0,0,0,0,0,0,0,0,0,0,0,0,0,0,0,4,346,0,11042,0,558,0,0,0,347,0,0,0,0,2,0,0,0,0,0,0,0,0,0
"8",8,"div1_000000043","Salmo salar","Salmo","Salmoniformes","Actinopterygii",1,"species","threecon",16510,"gcggttatacgagaggccctagttgataactaccggcgtaaagagtggttacggaaaaatatttaataaagccgaacaccccctcagccgtcatacgcacctgggggcacgaagatctactacgaaagcagctttaattatacctgaacccacgacagctacgaca",0,0,0,0,8,0,1313,0,0,0,0,0,12116,44,0,0,0,0,541,0,1420,0,1068,0,0,0,0,0,0,0,0,0,0,0,0,0,0,0,0,0,0
"9",9,"div1_000000064","Chelon","Chelon","Mugiliformes","Actinopterygii",1,"genus","threecon",3074,"gcggttatacgagaggcccaagctgacagcccccggcgtaaagagtggttaagttaaccctaatgtgactaaagtcgaacgcccccaagaccgttatacgtgctcggaggtatgaagcccaactacgaaagtggctttaaaatacctgaccccacgaaagctgtgaaa",0,0,0,0,9,0,0,0,0,0,0,0,7,1086,0,50,0,1919,3,0,0,0,0,0,0,0,0,0,0,0,0,0,0,0,0,0,0,0,0,0,0
"10",10,"div1_000000087","Pollachius pollachius","Pollachius","Gadiformes","Actinopterygii",1,"species","threecon",1631,"gcggttatacgagaggctcaaattgatgaaaaacggcgtaaagcgtggttaagaaaataagagaaaatacggccgaacaacttcaaagcagttatacgcatccgaagtcacgaagaacaatcacgaaagttgccctaaaatctccgattccacgaaagccataaaa",0,0,0,0,0,0,0,0,0,0,0,0,0,0,0,0,0,816,3,0,0,682,0,0,0,0,130,0,0,0,0,0,0,0,0,0,0,0,0,0,0
"11",11,"div1_000000097","Taurulus bubalis","Taurulus","Scorpaeniformes","Actinopterygii",1,"species","threecon",7021,"gcggttatacgagaggcccaagttgacaaacaccggcgtaaagcgtggttagggaaaactcacactaaagccaaacatcttccaggctgttatacgcaactgaagataggaagttcaaccacgaaagtggctttaccagacctgaatccacgaaagctaaggaa",0,0,0,0,0,0,0,0,0,0,0,0,0,0,0,0,0,0,0,0,0,0,6505,0,0,328,188,0,0,0,0,0,0,0,0,0,0,0,0,0,0
"12",12,"div1_000000128","Ammodytes","Ammodytes","Perciformes","Actinopterygii",0.993939393939394,"genus","threecon",12655,"gcggttatacgagaggcccaagctgatagaccccggcgtaaagagtggttagggtaaacttaaaactaaagccgaacaccctcacagctgttatacgcacccgagagtaagaagcccaactacgaaagtggctttacaacccctgaacccacgaaagctatgaca",0,0,0,0,42,0,0,0,0,0,0,0,0,134,0,512,0,1122,3024,0,681,0,5072,0,0,0,2048,0,0,20,0,0,0,0,0,0,0,0,0,0,0
"13",13,"div1_000000240","Sprattus sprattus","Sprattus","Clupeiformes","Actinopterygii",0.99,"species","twocon",12044,"gcggttatacgagagaccctagttgatatactcggcgtaaagagtggttatggaaaacaagcactaaagccaaagagccctcaggccgttatacgcacccggggcctcgagccactatcacgaaagtagctttaccctcgcccaccagaacccacgagagctgggaca",0,0,10915,0,0,0,0,0,0,0,0,0,0,0,0,0,0,0,0,0,0,0,27,0,0,0,1102,0,0,0,0,0,0,0,0,0,0,0,0,0,0
"14",14,"div1_000000267","Labrus bergylta","Labrus","Perciformes","Actinopterygii",1,"species","twocon",5485,"gcggttatacgaaagacccaagttgataatcaccggcgtaaagagtggttaagataaacccccaaactaaagccgaacatcttcaaagctgttatacgcacacgaagaaaagaaacccaaccacgaaagtggctttataatatctgaccccacgaaagctatgtca",0,0,0,0,24,0,2619,0,0,0,0,0,0,1217,0,0,0,937,0,0,0,57,0,0,0,0,631,0,0,0,0,0,0,0,0,0,0,0,0,0,0
"15",15,"div1_000000306","Dicentrarchus labrax","Dicentrarchus","Perciformes","Actinopterygii",1,"species","threecon",452,"ggttaaacgggaggctcaagttgatagacaccggcgtaaagcgtggttaagggcccaacttttacactaaagccgaacgctatcagagcagtgatacgcaccgaaagtaagaagatcaattacgaaagtagctttatttaaacctgaccccacgaaagctaaggca",0,0,0,0,0,0,0,0,0,0,0,0,0,0,0,0,0,3,7,0,0,0,23,0,0,0,23,0,0,396,0,0,0,0,0,0,0,0,0,0,0
"16",16,"div1_000000343","Symphodus bailloni","Symphodus","Perciformes","Actinopterygii",0.98,"species","twocon",323,"gcggttatacgtgaggcccaagttgataaacatcggcgtaaagggtggttaggagaaaaaacgaaactaaagccaaacgccttcagagctgttatacgcccacgaagagcagagacacaaccacgaaagtggctttacttaacctgaccccacgaaagctagggca",0,0,0,0,0,0,0,0,0,0,0,0,0,0,0,0,0,0,53,0,109,0,105,0,0,0,56,0,0,0,0,0,0,0,0,0,0,0,0,0,0
"17",17,"div1_000000375","Ciliata mustela","Ciliata","Gadiformes","Actinopterygii",1,"species","twocon",415,"gcggttatacgagaggcccaagttgatgaaatgcggcgtaaagagtggttaagaaaattaaagaataaggccgaacaacctcaaagcagttatacgcatccgaggccacgaagtacaattacgaaagtagccctaatgaaaatctgactccacgaaagccataaaa",0,0,0,0,0,0,0,0,0,0,0,0,364,51,0,0,0,0,0,0,0,0,0,0,0,0,0,0,0,0,0,0,0,0,0,0,0,0,0,0,0
"18",18,"div1_000000405","Ctenolabrus rupestris","Ctenolabrus","Perciformes","Actinopterygii",1,"species","threecon",3685,"gcggttatacgagaggcccaagttgataaccaccggcgtaaagagtggttagggcagactattaaactaaagccgaacatcttcaaagctgttatacgcatacgaagaacagaaacacaaccacgaaagtggctttacctcacctgaccccacgagagctatgaca",0,0,0,0,0,0,0,0,0,0,0,53,0,0,0,90,21,1543,4,0,0,1974,0,0,0,0,0,0,0,0,0,0,0,0,0,0,0,0,0,0,0
"19",19,"div1_000000419","Echiichthys vipera","Echiichthys","Perciformes","Actinopterygii",1,"species","twocon",58,"gcggttatacgagaggcccaagttgataaacatcagcgtaaagcgtggttaagaagaaatcaaaattaaagccgaacactctcagttaactgttatacgatacaccgagagttagaagcacacccacgaaagtgactttaatataaactgaacccacgaaagctaagata",0,0,0,0,0,0,0,0,0,0,0,0,0,58,0,0,0,0,0,0,0,0,0,0,0,0,0,0,0,0,0,0,0,0,0,0,0,0,0,0,0
"20",20,"div1_000000514","Pomatoschistus pictus","Pomatoschistus","Perciformes","Actinopterygii",1,"species","twocon",365,"gcggttatacgagaggcccaagttgatggatgccggcgtaaaatgtggttaatttacattgttgcactaaagcaaaacaccttctaagctgttatatgctctcgaagacaggaagcccttttacgaaagtagctttaaatagtatgacccacgaaagctagggaa",0,0,0,0,0,0,0,0,0,0,0,0,0,0,0,0,0,0,0,0,0,0,365,0,0,0,0,0,0,0,0,0,0,0,0,0,0,0,0,0,0
"21",21,"div1_000000529","Pomatoschistus microps","Pomatoschistus","Perciformes","Actinopterygii",1,"species","threecon",313,"gcggttatacgagaggcccaagttgatggatgccggcgtaaaatgtggttaatttacagtattacactaaagcgaaacaccttctaagctgttatatgctttcgaaggcaggagcccctcttacgaaagtagctttaaacgatatgaccccacgaaagctagggaa",0,0,0,0,0,0,0,0,0,0,0,0,0,0,0,0,0,0,0,0,0,0,4,0,0,0,309,0,0,0,0,0,0,0,0,0,0,0,0,0,0
"22",22,"div1_000000533","Homo sapiens","Homo","Primates","Mammalia",1,"species","human_assign",3625,"ggtcacacgattaacccaagtcaatagaagccggcgtaaagagtgttttagatcaccccctccccaataaagctaaaactcacctgagttgtaaaaaactccagttgacacaaaatagactacgaaagtggctttaacatatctgaacacacaatagctaagacc",3,0,243,0,40,0,58,376,0,0,0,24,220,218,17,65,9,447,119,0,76,157,405,320,0,0,408,11,0,0,0,409,0,0,0,0,0,0,0,0,0
"23",23,"div1_000000668","Parablennius gattorugine","Parablennius","Perciformes","Actinopterygii",1,"species","twocon",457,"gcggttatacgagcagcccgagctgacagcacctcggcgtaaagcgtggttataattaaagtaaattaaagccgaatgttccctagactgttatacgcgttcgagagctagaagcccccctacgaaagtagctttatactattgaatccacgaaagctaagaca",0,0,0,0,0,0,0,0,0,0,0,0,457,0,0,0,0,0,0,0,0,0,0,0,0,0,0,0,0,0,0,0,0,0,0,0,0,0,0,0,0
"24",24,"div1_000000763","Lipophrys pholis","Lipophrys","Perciformes","Actinopterygii",1,"species","twocon",244,"gcggttatacgggtggcccaagctgacagcccttcggcgtaaagcgtggttaatagctctattatactaaagccgaatgccccctaagctgtaatacgctcttgggtgctagaagccctattacgaaagtagctttatagtattgaacccacgaaagctaggata",0,0,0,0,0,0,0,0,0,0,0,0,0,244,0,0,0,0,0,0,0,0,0,0,0,0,0,0,0,0,0,0,0,0,0,0,0,0,0,0,0
"25",25,"div1_000000786","Pangasianodon hypophthalmus","Pangasianodon","Siluriformes","Actinopterygii",1,"species","ecotag",2197,"gcggttatacgaaagaccccagttgataactacggcgtaaagggtggttaagggatataaaaataaagctaaagactctctaagccgtcatacgcactccgagagcacgaaaccctgacacgaaagtagctttaaacaaacttcacctgaccccacgaaagctaagaaa",0,0,0,0,0,0,0,0,0,0,0,0,0,0,0,0,0,0,0,0,0,0,0,0,0,0,0,0,0,0,0,0,1184,1013,0,0,0,0,0,0,0
"26",26,"div1_000000811","Solea solea","Solea","Pleuronectiformes","Actinopterygii",1,"species","threecon",278,"gcggtgagacgagaggctcaagttgacaaacacggcacaaagcgtggttaaggaattttacagactaaagttaaacgcttccaaagctgttatacgcactcgaaagtatgaaattcaaccacgaaagtaactttaacacccctgaacccacgaaagctaaggaa",0,0,0,0,0,0,4,0,0,0,0,0,0,274,0,0,0,0,0,0,0,0,0,0,0,0,0,0,0,0,0,0,0,0,0,0,0,0,0,0,0
"27",27,"div1_000000822","Pan troglodytes","Pan","Primates","Mammalia",0.98159509202454,"species","ecotag",486,"acagccatacaattaacctgagctaatagaactcagcataaagagtgttttaggtctatccttaataaagctaagcttcatctcagttgtataaaaccctagctgaaataaaataaactatgaaggaggctttaatacttctgaagacacaatagctaagacc",0,0,0,0,0,0,0,0,0,0,0,0,0,0,0,30,0,0,207,0,0,0,56,0,0,0,193,0,0,0,0,0,0,0,0,0,0,0,0,0,0
"28",28,"div1_000000951","Gobiusculus flavescens","Gobiusculus","Perciformes","Actinopterygii",1,"species","twocon",860,"gcggttatacgagaggcccaagttgacggatgccggcgtaaaatgtggttaatttacagtattacactaaagcaaaacaccttctaagctgttatatgctctcgaagacaggaggcccctttacgaaagtagctttaagcaatatgaccccacgaaagctagggaa",0,0,0,0,0,0,0,0,0,0,0,0,0,0,0,19,0,838,0,0,0,0,0,0,0,0,3,0,0,0,0,0,0,0,0,0,0,0,0,0,0
"29",29,"div1_000001124","Ammodytes","Ammodytes","Perciformes","Actinopterygii",0.981818181818182,"genus","threecon",4,"gcggttatacgagaggcccaagctgatagaccccggcgtaaagagtggttaagataaacttaaaactaatgccgaacaccctcacagctgttatacgcacccgagagtaagaagcccaactacgaaagtggctttacaacccctgaacccacgaaagctacggca",0,0,0,0,0,0,0,0,0,0,0,0,0,0,0,0,0,0,4,0,0,0,0,0,0,0,0,0,0,0,0,0,0,0,0,0,0,0,0,0,0
"30",30,"div1_000002105","Syngnathus acus","Syngnathus","Syngnathiformes","Actinopterygii",1,"species","threecon",169,"gcggttatacgagaggcccaagctgacagaaaccggcgtaaagagtggttagggattccttaaactaaagccaaacattttccaagctgttatacgcatccgaaagtatgaaaaccttctacgaaagtggctctaatactctgactccacgaaagttatggaa",0,0,0,0,0,0,0,0,0,0,0,0,0,0,0,0,0,0,0,0,0,0,0,0,0,0,169,0,0,0,0,0,0,0,0,0,0,0,0,0,0
"31",31,"div1_000002137","Bovinae","None","Artiodactyla","Mammalia",1,"subfamily","ecotag",100,"gcggtcatacgattaacccaagctaacaggagtacggcgtaaaacgtgttaaagcaccataccaaatagggttaaattctaactaagctgtaaaaagccatgattaaaataaaaataaatgacgaaagtgaccctacaatagccgacgcactatagctaagacc",0,0,0,0,0,0,0,0,0,0,0,0,0,0,0,0,0,0,0,0,100,0,0,0,0,0,0,0,0,0,0,0,0,0,0,0,0,0,0,0,0
"32",32,"div1_000002155","Nerophis ophidion","Nerophis","Syngnathiformes","Actinopterygii",1,"species","threecon",326,"gcggttatacgtgtaacccaagatgacagaaaccggcgtaaagagtggttagggaatacaagaactaaagctgaacacctttttgaccgtataacgtattcaaaattagaaaatccatcacgaaagtagctttaacccccccctgattccacgaaagctattaaa",0,0,0,0,0,0,0,0,0,0,0,0,0,0,0,0,0,0,0,0,0,0,0,0,0,0,326,0,0,0,0,0,0,0,0,0,0,0,0,0,0
"33",33,"div1_000002216","Symphodus bailloni","Symphodus","Perciformes","Actinopterygii",1,"species","twocon",65,"ggttatacgtgaggcccaagttgataaacatcggcgtaaagggtggttaggagaaaaaacgaaactaaagccaaacgccttcagagctgttatacgcccacgaagagcagagacacaaccacgaaagtggctttatttgatctgaccccacgaaagctagggca",0,0,0,0,0,0,0,0,0,0,0,0,0,0,0,0,0,0,0,0,65,0,0,0,0,0,0,0,0,0,0,0,0,0,0,0,0,0,0,0,0
"34",34,"div1_000002709","Limanda","Limanda","Pleuronectiformes","Actinopterygii",1,"genus","ecotag",30,"gcggttatacgagaggcccaagttgacaaacaacggcgtaaagagtggttaggggatttactaaactagagccgaacgctttcaaagctgttatacgcacccgaaagtatgaaacccaattacgaaagtagctctacttatcctgaacccacgaaagctaagaaa",0,0,0,0,0,0,0,0,0,0,0,0,0,30,0,0,0,0,0,0,0,0,0,0,0,0,0,0,0,0,0,0,0,0,0,0,0,0,0,0,0
"35",35,"div1_000003219","Coryphoblennius galerita","Coryphoblennius","Perciformes","Actinopterygii",1,"species","twocon",29,"gcggttagacgtgtagcccaagctgacagcccttcggcgtgaggcgtggttaataactctattacactaaagccgaatgctccccaaactgtaatacgcttccgggagctagaagccctattacgaaagtagctttatagtattgaacccacgaaagccagggta",0,0,0,0,0,0,0,0,0,0,0,0,0,5,0,0,0,24,0,0,0,0,0,0,0,0,0,0,0,0,0,0,0,0,0,0,0,0,0,0,0
"36",36,"div1_000003950","Pangasianodon hypophthalmus","Pangasianodon","Siluriformes","Actinopterygii",0.988165680473373,"species","ecotag",18,"ggttatacgaaagaccccagttgataactacggcgtaaagggtggttaagggatataaaaataaagctaaagactctctaagccgtcatacgcactccgagagcacgaaaccctgacacgaaagtagctttaaacaaacttcacctgaccccacgaaagctaagaaa",0,0,0,0,0,0,0,0,0,0,0,0,0,0,0,0,0,0,0,0,0,0,0,0,0,0,0,0,0,0,0,0,8,10,0,0,0,0,0,0,0
"37",37,"div1_000004074","Belone belone","Belone","Beloniformes","Actinopterygii",1,"species","twocon",42,"gcggttagacgagaggcctaagttgacaaccatcggcgtaaagagtggttaaggaaaactaaaactaaagccgaatgttttcatggctgttatacgcatccgaaaataagaagctcccctacgaaagtggctttaacccacctgaccccacgaaagctgtgaaa",0,0,0,0,0,0,0,0,0,0,0,0,0,0,0,0,0,0,0,0,0,0,0,0,0,0,42,0,0,0,0,0,0,0,0,0,0,0,0,0,0
"38",38,"div1_000004101","Dicentrarchus labrax","Dicentrarchus","Perciformes","Actinopterygii",1,"species","threecon",9,"gcggttaaacgggaggctcaagttgatagacaccggcgtaaagcgtggttaagggcccaacttttacactaaagccgaacgctatcagagcagtgatacgcaccgaaagtaagaagatcaattacgaaagtagctttatttaaacctgaccccacgaaagctaggaaa",0,0,0,0,0,0,0,0,0,0,0,0,0,0,0,0,0,0,0,0,0,0,0,0,0,0,9,0,0,0,0,0,0,0,0,0,0,0,0,0,0
"39",39,"div1_000004360","Mola mola","Mola","Tetraodontiformes","Actinopterygii",1,"species","threecon",123,"gcggttatacgagaggcccaagttgttagtcctcggcgtaaagagtggttaggaacagcccaaatactaaagccaaacaccttcaaagctgttatacgctctcgaagacaagaagttcaacaacgaaagtggctttaaattttccgaacccacgaaagctatggta",0,0,0,0,0,0,0,0,0,0,0,0,0,123,0,0,0,0,0,0,0,0,0,0,0,0,0,0,0,0,0,0,0,0,0,0,0,0,0,0,0
"40",40,"div1_000004612","Dicentrarchus labrax","Dicentrarchus","Perciformes","Actinopterygii",1,"species","threecon",136,"gcggttaaacgggaggctcaagttgatagacaccggcgtaaagcgtggttaagggcccaacttttacactaaagccgaacgctatcagagcagtgatacgcaccgaaagtaagaagatcaattacgaaagtagctttatttaaacctgaccccacgaaagctaagacc",0,0,0,0,0,0,0,0,0,0,0,0,0,0,0,0,0,20,12,0,0,0,36,0,0,0,68,0,0,0,0,0,0,0,0,0,0,0,0,0,0
"41",41,"div1_000004626","Symphodus melops","Symphodus","Perciformes","Actinopterygii",1,"species","twocon",3,"gcggttatacgagaagcccaagttgacaaacaccggcgtaaagagtggttagagaagagactaaactaaagccaaacgccttcagagctgttatacgcttacgaagagcagagacacaaccacggaagtggctttacttaacctgaccccacgaaagctagggca",0,0,0,0,0,0,0,0,0,0,0,0,0,0,0,0,0,0,0,0,0,0,3,0,0,0,0,0,0,0,0,0,0,0,0,0,0,0,0,0,0
"42",42,"div1_000004762","Labrus bergylta","Labrus","Perciformes","Actinopterygii",1,"species","twocon",18,"gcggttatacgaaagacccaagttgataatcaccggcgtaaagagtggttaagataaacccccaaactaaagccgaacatcttcaaagctgttatacgcacacgaagaaaagaaacccaaccacgaaagtggctttataatatctgaccccacgaaagctaaggca",0,0,0,0,0,0,0,0,0,0,0,0,0,0,0,0,0,3,0,0,0,0,0,0,0,0,15,0,0,0,0,0,0,0,0,0,0,0,0,0,0
"43",43,"div1_000004796","Canis lupus familiaris","Canis","Carnivora","Mammalia",1,"subspecies","ecotag",81,"gcggtcatacgattaacccaaactaataggcctacggcgtaaagcgtgttcaagatactttaacactaaagttaaaacttaactaagccgtaaaaagctacagttatcataaaataaaccacgaaggtgactttataataatctgactacacgatagctaagacc",0,0,0,0,0,0,0,0,0,0,0,0,0,0,0,0,0,0,0,0,0,0,81,0,0,0,0,0,0,0,0,0,0,0,0,0,0,0,0,0,0
"44",44,"div1_000005097","Atherina boyeri","Atherina","Atheriniformes","Actinopterygii",1,"species","twocon",60,"gcggttatacgagaggcccaagttgatatccgccggcgtaaagagtggttaagagaacccaatactaaagccgaacactctcaaagctgttatatgcacccgagagcaagaagccctctcacgaaagtagctttaacttttctgactccacgtaagctaagacc",0,0,0,0,0,0,0,0,0,0,0,0,0,54,0,0,0,6,0,0,0,0,0,0,0,0,0,0,0,0,0,0,0,0,0,0,0,0,0,0,0
"45",45,"div1_000005174","Taurulus bubalis","Taurulus","Scorpaeniformes","Actinopterygii",1,"species","threecon",33,"gcggttatacgagaggcccaagttgacaaacaccggcgtaaagcgtggttagggaaaactcacactaaagccaaacatcttccaggctgttatacgcaactgaagataggaagttcaaccacgaaagtggctttaccagacctgaatccacgaaagctatgaca",0,0,0,0,0,0,0,0,0,0,0,0,0,0,0,0,0,0,0,0,0,0,33,0,0,0,0,0,0,0,0,0,0,0,0,0,0,0,0,0,0
"46",46,"div1_000005567","Labrus bergylta","Labrus","Perciformes","Actinopterygii",1,"species","twocon",3,"gcggttatacgaaagacccaggttgataatcacaggcgtaaagagtggttaagataaacccccaaactaaagccgaacatcttcaaagctgttatacgcacacgaagaaaagaaacccaaccacgaaagtggctttataatatatgaccccacgaaagctatgtca",0,0,0,0,0,0,0,0,0,0,0,0,0,0,0,0,0,0,0,0,0,0,0,0,0,0,3,0,0,0,0,0,0,0,0,0,0,0,0,0,0
"47",47,"div1_000005711","Sardina pilchardus","Sardina","Clupeiformes","Actinopterygii",1,"species","threecon",125,"gcggttatacgagaggccctagttgatttaatcggcgtaaagagtggttatggagagttaaaaaatagagctgaagacctctcgggccgtaatacgcatccagaagttcgaatcacaaacacgaaagtagctttaccttcttccaccagaatccacgacagctgggaca",0,0,0,0,0,0,0,0,0,0,0,0,0,0,0,0,0,0,0,0,0,0,0,0,0,0,125,0,0,0,0,0,0,0,0,0,0,0,0,0,0
"48",48,"div1_000006030","Oncorhynchus mykiss","Oncorhynchus","Salmoniformes","Actinopterygii",1,"species","threecon",28,"gcggttatacgagaggccctagttgataactaccggcgtaaagagtggttatggaaaaaatatttaataaagccgaacaccccctcagccgtcatacgcacctgggagcacgaagacctactgcgaaagcagctttaactatgcctgaccccacgacagctaagaaa",0,0,0,0,0,0,0,0,0,0,0,0,0,0,0,0,0,0,0,0,0,28,0,0,0,0,0,0,0,0,0,0,0,0,0,0,0,0,0,0,0
"49",49,"div1_000006137","Pomatoschistus minutus","Pomatoschistus","Perciformes","Actinopterygii",1,"species","threecon",22,"gcggttatacgagaggcccaagttgatggatgccggcgtaaaatgtggttaatttacagtattacactaaagcaaaacaccttctaagctgttatatgctctcgaagacaggaggcccttttacgaaagtagctttaaatggtatgaccccacgaaagctaagacc",0,0,0,0,0,0,0,0,0,0,0,0,0,0,0,0,0,0,0,0,0,0,0,0,0,0,22,0,0,0,0,0,0,0,0,0,0,0,0,0,0
"50",50,"div1_000006323","Symphodus melops","Symphodus","Perciformes","Actinopterygii",0.99,"species","twocon",209,"gcggttatacgagaggcccaagttgataaataccggcgtaaagagtggttagagaagaaactaaactaaagccaaacgccttcagagctgttatacgcttacgaagagcagagacacaaccacgaaagtggctttatttgatctgaccccacgaaagctagggca",0,0,0,0,0,0,0,0,0,0,0,0,0,0,0,0,0,0,46,0,56,0,89,0,0,0,18,0,0,0,0,0,0,0,0,0,0,0,0,0,0
"51",51,"div1_000006373","Pangasianodon hypophthalmus","Pangasianodon","Siluriformes","Actinopterygii",0.982248520710059,"species","ecotag",4,"gcggttatacgaaagaccccagttgataactacggcgtaaagggtggttaagggatgtaaaaataaagctaaagactctctaagccgtcatacgcactccgagagcacgaaaccctgacacgaaggtagctttaaacaaacttcacctgaccccacgagagctaagaaa",0,0,0,0,0,0,0,0,0,0,0,0,0,0,0,0,0,0,0,0,0,0,0,0,0,0,0,0,0,0,0,0,4,0,0,0,0,0,0,0,0
"52",52,"div1_000007099","Labrus bergylta","Labrus","Perciformes","Actinopterygii",1,"species","twocon",31,"ggttatacgaaagacccaagttgataatcaccggcgtaaagagtggttaagataaacccccaaactaaagccgaacatcttcaaagctgttatacgcacacgaagaaaagaaacccaaccacgaaagtggctttataatatctgaccccacgaaagctatgtca",0,0,0,0,0,0,16,0,0,0,0,0,0,6,0,0,0,5,0,0,0,0,0,0,0,0,4,0,0,0,0,0,0,0,0,0,0,0,0,0,0
"54",54,"div1_000007844","Symphodus bailloni","Symphodus","Perciformes","Actinopterygii",1,"species","twocon",5,"gcggttatacgtgaggcccaagttgataaacatcggcgtaaagggtggttaggagaaaaaacgaaactaaagccaaacgccttcagagctgttatacgcccacgaagagcagagacacaaccacgaaagtggctttatttgatctgaccccacgaaagctaagacc",0,0,0,0,0,0,0,0,0,0,0,0,0,0,0,0,0,0,0,0,5,0,0,0,0,0,0,0,0,0,0,0,0,0,0,0,0,0,0,0,0
"55",55,"div1_000008074","Conger conger","Conger","Anguilliformes","Actinopterygii",1,"species","twocon",54,"gcggttatacgtatgactcaaattgatatctctcggcgtaaagcgtgattagagaaaaaagaaaactaaagaagaacagcttccatgccgtataaagcttacaaaaacctgaaaaacaataacgaaagtaactttaaacattacttgaattcacgaccgtaaagaaa",0,0,0,0,0,0,0,0,0,0,0,0,0,0,0,0,0,54,0,0,0,0,0,0,0,0,0,0,0,0,0,0,0,0,0,0,0,0,0,0,0
"57",57,"div1_000008721","Taurulus bubalis","Taurulus","Scorpaeniformes","Actinopterygii",1,"species","threecon",33,"gcggttatacgagaggcccaagttgacaaacaccggcgtaaagcgtggttagggaaaactcacactaaagccaaacatcttccaggctgttatacgcaactgaagataggaagttcaaccacgaaagtggctttaccagacctgaatccacgaaagctagggca",0,0,0,0,0,0,0,0,0,0,0,0,0,0,0,0,0,0,0,0,0,0,33,0,0,0,0,0,0,0,0,0,0,0,0,0,0,0,0,0,0
"58",58,"div1_000009730","Atherina boyeri","Atherina","Atheriniformes","Actinopterygii",1,"species","twocon",334,"ggttatacgagaggcccaagttgatatccgccggcgtaaagagtggttaagagaacccaatactaaagccgaacactctcaaagctgttatatgcacccgagagcaagaagccctctcacgaaagtagctttaacttttctgactccacgtaagctgaggga",0,0,0,0,0,0,0,0,0,0,0,0,9,309,0,0,0,16,0,0,0,0,0,0,0,0,0,0,0,0,0,0,0,0,0,0,0,0,0,0,0
"59",59,"div1_000009992","Homo sapiens","Homo","Primates","Mammalia",1,"species","human_assign",30,"acacgattaacccaagtcaatagaagccggcgtaaagagtgttttagatcaccccctccccaataaagctaaaactcacctgagttgtaaaaaactccagttgacacaaaatagactacgaaagtggctttaacatatctgaacacacaatagctaagacc",0,0,0,0,0,0,0,0,0,0,0,0,15,4,0,0,0,7,0,0,0,0,0,0,0,0,4,0,0,0,0,0,0,0,0,0,0,0,0,0,0
"60",60,"div1_000010731","Symphodus melops","Symphodus","Perciformes","Actinopterygii",1,"species","twocon",82,"ggttatacgagaggcccaagttgataaataccggcgtaaagagtggttagagaagaaactaaactaaagccaaacgccttcagagctgttatacgcttacgaagagcagagacacaaccacgaaagtggctttacttaacctgaccccacgaaagctagggca",0,0,0,0,0,0,0,0,0,0,0,0,10,3,0,0,0,4,11,0,0,0,29,0,0,0,5,20,0,0,0,0,0,0,0,0,0,0,0,0,0
"61",61,"div1_000011189","Solea solea","Solea","Pleuronectiformes","Actinopterygii",1,"species","threecon",3,"gcggttatacgagaggctcaagttgacaaacacggcacacagcgtggttaaggaattttacagactaaagttaaacgcttccaaagctgttatacgcactcgaaagtatgaaattcaaccacgaaagtaactttaacacccctgaacccacgaaagctaaggaa",0,0,0,0,0,0,0,0,0,0,0,0,0,3,0,0,0,0,0,0,0,0,0,0,0,0,0,0,0,0,0,0,0,0,0,0,0,0,0,0,0
"62",62,"div1_000011340","Gadus morhua","Gadus","Gadiformes","Actinopterygii",1,"species","twocon",60,"gcggttatacgagaggcccaaattgatgaaaaacggcgtaaagcgtggttaagaaaaaagagaaaatatggccgaacagcttcaaagcagttatacgcatccgaagtcacgaagaacaatcacgaaagttgccctaaaacctccgattccacgaaagccataaaa",0,0,0,0,0,0,0,0,0,0,0,60,0,0,0,0,0,0,0,0,0,0,0,0,0,0,0,0,0,0,0,0,0,0,0,0,0,0,0,0,0
"64",64,"div1_000012237","Homo sapiens","Homo","Primates","Mammalia",0.98204,"species","human_assign",4,"gcggtcacacgattaacccaagtcaatagaagccgtcgtaaagagtgttttagatcaccccctcccctataaagctaaaactcacctgagttgtaaaaaactccagttgacacaaaatatactacgaaagtggctttaacatatctgaacacacaatagctaagacc",0,0,4,0,0,0,0,0,0,0,0,0,0,0,0,0,0,0,0,0,0,0,0,0,0,0,0,0,0,0,0,0,0,0,0,0,0,0,0,0,0
"65",65,"div1_000012285","Gadidae","None","Gadiformes","Actinopterygii",1,"family","ecotag",51,"gcggttatacgagaggcccaaattgatgaaaaacggcgtaaagcgtggttaagaaaataagagaaaatatggccgaacaacttcaaagcagttatacgcatccgaagtcacgaagaacaatcacgaaagttgccctaaagcctccgattccacgaaagccataaaa",0,0,0,0,0,0,0,0,0,0,0,0,0,0,0,0,0,0,0,0,0,0,0,0,0,0,51,0,0,0,0,0,0,0,0,0,0,0,0,0,0
"66",66,"div1_000013094","Ctenolabrus rupestris","Ctenolabrus","Perciformes","Actinopterygii",1,"species","threecon",24,"ggttatacgagaggcccaagttgataaccaccggcgtaaagagtggttagggcagactattaaactaaagccgaacatcttcaaagctgttatacgcatacgaagaacagaaacacaaccacgaaagtggctttacctcacctgaccccacgagagctatgaca",0,0,0,0,0,0,0,0,0,0,0,0,0,0,0,0,0,10,0,0,0,14,0,0,0,0,0,0,0,0,0,0,0,0,0,0,0,0,0,0,0
"67",67,"div1_000013132","Liparis montagui","Liparis","Scorpaeniformes","Actinopterygii",1,"species","twocon",46,"gcggttatacgagaggcccaagttgaaagacaccggcgtaaagcgtggttaaactaaaatttaaattaaagttaaacatcttcaagactgttatacgtacccgaaggcaggaaccccaattacgaaagtaactttatataagctgaacccacgaaagctatagca",0,0,0,0,0,0,46,0,0,0,0,0,0,0,0,0,0,0,0,0,0,0,0,0,0,0,0,0,0,0,0,0,0,0,0,0,0,0,0,0,0
"69",69,"div1_000013600","Symphodus melops","Symphodus","Perciformes","Actinopterygii",1,"species","twocon",10,"gcggttatacgagaggcccaagttgataaataccggcgtaaagagtggttagagaagaaactaaactaaagccaaacgccttcagagctgttatacgcttacggagagcagagacacaaccacgaaagtggctttacttaacctgaccccacgaaagctatgtca",0,0,0,0,0,0,0,0,0,0,0,0,0,10,0,0,0,0,0,0,0,0,0,0,0,0,0,0,0,0,0,0,0,0,0,0,0,0,0,0,0
"70",70,"div1_000014069","Trisopterus minutus","Trisopterus","Gadiformes","Actinopterygii",1,"species","twocon",15,"gcggttatacgagagacccaaattgataaaaacggcgtaaagcgtggttaagaaaacaaaaagatacggccgaacagattcaaagcagttatacgcattcgaaacaacgaagatcaaacacgaaggttgccctaaaaaactctgattccacgaaagccataaaa",0,0,0,0,0,0,0,0,0,0,0,0,0,0,0,0,15,0,0,0,0,0,0,0,0,0,0,0,0,0,0,0,0,0,0,0,0,0,0,0,0
"72",72,"div1_000014928","Merluccius merluccius","Merluccius","Gadiformes","Actinopterygii",1,"species","threecon",73,"gcggttatacgagcggcccaagttgataaaaaacggcgtaaagcgtggttaaaaaatgttaaaactagagccgaataacctcaaagcagttatacacattcgagaccacgaagcacaattacgaaagtagctctacccgtctttgactccacgaaaaccataaaa",0,0,0,0,0,0,0,0,0,0,0,0,0,0,0,0,0,0,0,0,0,0,0,0,0,0,73,0,0,0,0,0,0,0,0,0,0,0,0,0,0
"73",73,"div1_000015042","Symphodus melops","Symphodus","Perciformes","Actinopterygii",1,"species","twocon",3,"gcggttatacgagaggccctagttggtaaataccggcgtaaagagtggttagagaagaaactaaactaaagccaaacgccttcagagctgttatacgcttacgaagagcagagacacaaccacgatagtggctttacttaacctgaccccacgaaagctagggca",0,0,0,0,0,0,0,0,0,0,0,0,0,0,0,0,0,0,0,0,0,0,0,0,0,0,0,3,0,0,0,0,0,0,0,0,0,0,0,0,0
"74",74,"div1_000015093","Ammodytes tobianus","Ammodytes","Perciformes","Actinopterygii",0.98,"species","twocon",33,"gcggttatacgagaggcccaagctgatagaccccggcgtaaagagtggttagggtaaacttaaaactaaagccgaacaccctcacagctgttatacgcacccgagagcaagaagcccaactacgaaagtggctttacaacccctgaacccacgaaagctaagacc",0,0,0,0,0,0,0,0,0,0,0,0,0,0,0,0,0,6,16,0,0,0,11,0,0,0,0,0,0,0,0,0,0,0,0,0,0,0,0,0,0
"75",75,"div1_000015327","Pomatoschistus microps","Pomatoschistus","Perciformes","Actinopterygii",0.99,"species","threecon",18,"gcggttatacgagaggcccaagttgatggatgccggcgtaaaatgtggttaatttacagtattacactaaagcgaaacaccttctaagctgttatatgctttcgaaggcaggagcccctcttacgaaagtagctttaaatggtatgaccccacgaaagctaggaaa",0,0,0,0,0,0,0,0,0,0,0,0,0,0,0,0,0,0,0,0,0,0,0,0,0,0,18,0,0,0,0,0,0,0,0,0,0,0,0,0,0
"76",76,"div1_000015667","Symphodus melops","Symphodus","Perciformes","Actinopterygii",1,"species","twocon",3,"gcggttatacgagaggcccaagttgatatccgccggcgtaaagagtggttagagaagaaactagactaaagccaaacgccttcagagctgttatacgcttacggagagcagagacacaaccacgaaagtggctttacttaacctgaccccacgaaagctaggata",0,0,0,0,0,0,0,0,0,0,0,0,0,3,0,0,0,0,0,0,0,0,0,0,0,0,0,0,0,0,0,0,0,0,0,0,0,0,0,0,0
"77",77,"div1_000016390","Ammodytes","Ammodytes","Perciformes","Actinopterygii",0.987878787878788,"genus","threecon",3,"gcggttatacgagaggcccaagctgatagaccccggcgtaaagagtggttaagataaacttaaaactaaagccgcacaccctcacagctgttatacgcacccgagagtaagaagcccaactacgaaagtggctttacaacccctgagcccacgaaagctatgaca",0,0,0,0,0,0,0,0,0,0,0,0,0,0,0,0,0,0,0,0,0,0,0,0,0,0,3,0,0,0,0,0,0,0,0,0,0,0,0,0,0
"78",78,"div1_000016435","Ammodytes","Ammodytes","Perciformes","Actinopterygii",0.987878787878788,"genus","threecon",4,"gcggttatacgagaggcccaagctgatagaccccggcgtaaagagtggttaagataaacttaaaactaaagccgaacaccctcacagctgttatacgcacccgagagtaagaagcccaactacgaaagtggctttacaacccctgaacccacgaaagctaggaaa",0,0,0,0,0,0,0,0,0,0,0,0,0,0,0,0,0,0,0,0,0,0,0,0,0,0,4,0,0,0,0,0,0,0,0,0,0,0,0,0,0
"79",79,"div1_000017202","Salmo salar","Salmo","Salmoniformes","Actinopterygii",1,"species","threecon",85,"gcggttatacgagaggccctagttgataactaccggcgtaaagagtggttacggaaaaatatttaataaagacgaacaccccctcagccgtcatacgcacctgggggcacgaagatctactacgaaagcagctttaattatacctgaaccgacgacagctacgaca",0,0,0,0,0,0,0,0,0,0,0,0,0,0,0,0,0,85,0,0,0,0,0,0,0,0,0,0,0,0,0,0,0,0,0,0,0,0,0,0,0
"80",80,"div1_000017296","Symphodus melops","Symphodus","Perciformes","Actinopterygii",1,"species","twocon",24,"gcggttatacgagaggcccaagttgataaataccggcgtaaagagtggttagagaagaaactaaactaaagccaaacgccttcagagctgttatacgcttacgaagagcagagacacaaccacgaaagtggctttacttaacctgaccccacgaaagctaagacc",0,0,0,0,0,0,0,0,0,0,0,0,4,0,0,0,0,3,6,0,0,0,8,0,0,0,3,0,0,0,0,0,0,0,0,0,0,0,0,0,0
"81",81,"div1_000017519","Salmo salar","Salmo","Salmoniformes","Actinopterygii",1,"species","threecon",73,"ggttatacgagaggccctagttgataactaccggcgtaaagagtggttacggaaaaatatttaataaagccgaacaccccctcagccgtcatacgcacctgggggcacgaagatctactacgaaagcagctttaattatacctgaacccacgacagctacgaca",0,0,0,0,0,0,0,0,0,0,0,0,59,0,0,0,0,0,0,0,11,0,3,0,0,0,0,0,0,0,0,0,0,0,0,0,0,0,0,0,0
"82",82,"div1_000017524","Atherina boyeri","Atherina","Atheriniformes","Actinopterygii",1,"species","twocon",3,"gcggttatacgagaggcccaagttgacatccgccggcgtaaagagtggttaagagaacccaatactaaagccgaacactctcaaagctgttatatgcacccgagagcaaggagccctctcacgaaagtagctttaacttttctgaccccacgtaagctgaggga",0,0,0,0,0,0,0,0,0,0,0,0,0,3,0,0,0,0,0,0,0,0,0,0,0,0,0,0,0,0,0,0,0,0,0,0,0,0,0,0,0
"83",83,"div1_000017646","Taurulus bubalis","Taurulus","Scorpaeniformes","Actinopterygii",1,"species","threecon",36,"ggttatacgagaggcccaagttgacaaacaccggcgtaaagcgtggttagggaaaactcacactaaagccaaacatcttccaggctgttatacgcaactgaagataggaagttcaaccacgaaagtggctttaccagacctgaatccacgaaagctaaggaa",0,0,0,0,0,0,0,0,0,0,0,0,0,0,0,0,0,0,0,0,0,0,32,0,0,4,0,0,0,0,0,0,0,0,0,0,0,0,0,0,0
"84",84,"div1_000017870","Chelon auratus","Chelon","Mugiliformes","Actinopterygii",1,"species","threecon",18,"ggttatacgagaggcccaagctgacagcccccggcgtaaagagtggttaagttaaccccaatatgactaaagtcgaacgcccccaagaccgttatacgtgctcggaggtatgaagcccaactacgaaagtggctttaaaatgcctgaccccacgaaagctgtgaaa",0,0,0,0,0,0,0,0,0,0,0,0,0,0,0,0,0,0,0,0,0,0,0,0,0,0,0,0,18,0,0,0,0,0,0,0,0,0,0,0,0
"85",85,"div1_000018263","Atherina boyeri","Atherina","Atheriniformes","Actinopterygii",1,"species","twocon",3,"gcggttatgcgagaggcccaggtcgatatccgccggcgtaaagagtggttaagagaacccaatactaaagccgaacactctcaaagctgttatatgcacccgagagcaagaagccctctcacgaaagtagctttaacttttctgactccacgtaagctgagtga",0,0,0,0,0,0,0,0,0,0,0,0,0,3,0,0,0,0,0,0,0,0,0,0,0,0,0,0,0,0,0,0,0,0,0,0,0,0,0,0,0
"87",87,"div1_000018982","Sprattus sprattus","Sprattus","Clupeiformes","Actinopterygii",0.98,"species","twocon",26,"gcggttatacgagagaccctagttgatatactcggcgtaaagagtggttatggaaaacaagcactaaagccaaagagccctcaggccgttatacgcacccggggcctcgagccactatcacgaaagtagctttaccctcgcccaccagaacccacgagagctggga",0,0,26,0,0,0,0,0,0,0,0,0,0,0,0,0,0,0,0,0,0,0,0,0,0,0,0,0,0,0,0,0,0,0,0,0,0,0,0,0,0
"88",88,"div1_000019036","Ctenolabrus rupestris","Ctenolabrus","Perciformes","Actinopterygii",1,"species","threecon",16,"gcggttatacgagaggcccaagttgataaccaccggcgtaaagagtggttagggcagactattaaactaaagccgaacatcttcaaagctgttatacgcatacgaagaacagaaacacaaccacgaaagtggctttacctcacctgaccccacgagagctaagacc",0,0,0,0,0,0,0,0,0,0,0,0,0,0,0,0,0,10,0,0,0,6,0,0,0,0,0,0,0,0,0,0,0,0,0,0,0,0,0,0,0
"89",89,"div1_000019039","Ctenolabrus rupestris","Ctenolabrus","Perciformes","Actinopterygii",1,"species","threecon",3,"gcggttatacgagaggcccaagttggtaaccaccggcgtaaagagtggttagggcagactattaaactaaagccgaacatcttcgaagctgttatacgcatacgaagaacagaaacacaacaacgaaagtggctttacttcacctgaccccacgagagctatgaca",0,0,0,0,0,0,0,0,0,0,0,0,0,0,0,0,0,0,0,0,0,3,0,0,0,0,0,0,0,0,0,0,0,0,0,0,0,0,0,0,0
"90",90,"div1_000019509","Sus scrofa","Sus","Artiodactyla","Mammalia",1,"species","ecotag",76,"gcggtcatacgattaacccaaattaatagatccacggcgtaaagagtgtttaagaaaaaaaatcacaatagagttaaattataactaagctgtaaaaagccctagttaaaataaaataacccacgaaagtgactctaataatcctgacacacgatagctaggacc",0,0,0,0,0,0,0,0,0,0,0,0,0,38,0,0,0,0,0,0,0,0,0,0,0,0,38,0,0,0,0,0,0,0,0,0,0,0,0,0,0
"91",91,"div1_000019577","Pomatoschistus minutus","Pomatoschistus","Perciformes","Actinopterygii",1,"species","threecon",4,"gcggttgtacgagaggcccaagttgatggatgccggcgtaaaatgtggttaatttacagtattacactaaagcaaaacaccttctaagctgttatatgccctcgaagacaggaggccctttcacgaaagtagctttaaatggtatgaccccacgaaagctaggaaa",0,0,0,0,0,0,0,0,0,0,0,0,0,0,0,0,0,0,0,0,0,0,0,0,0,0,4,0,0,0,0,0,0,0,0,0,0,0,0,0,0
"92",92,"div1_000020294","Ctenolabrus rupestris","Ctenolabrus","Perciformes","Actinopterygii",1,"species","threecon",14,"gcggttatacgagaggcccaagttgataaataccggcgtaaagagtggttagggcagactattaaactaaagccgaacatcttcaaagctgttatacgcatacgaagaacagaaacacaaccacgaaagtggctttacctcacctgaccccacgagagctatgaca",0,0,0,0,0,0,0,0,0,0,0,0,0,0,0,0,0,14,0,0,0,0,0,0,0,0,0,0,0,0,0,0,0,0,0,0,0,0,0,0,0
"93",93,"div1_000020351","Salmo salar","Salmo","Salmoniformes","Actinopterygii",1,"species","twocon",4,"gcggttatacgagaggccctagttgataactaccggcgtaaagagtggttacggaaaaatatttaataaagccgaacacaccatcagccgtcatacgcacctgggggcacgaagatccactacgaaagcagctttaattatacctgaacccacgacagctacgaca",0,0,0,0,0,0,0,0,0,0,0,0,4,0,0,0,0,0,0,0,0,0,0,0,0,0,0,0,0,0,0,0,0,0,0,0,0,0,0,0,0
"94",94,"div1_000020873","Ammodytes","Ammodytes","Perciformes","Actinopterygii",0.981818181818182,"genus","threecon",51,"ggttatacgagaggcccaagctgatagaccccggcgtaaagagtggttagggtaaacttaaaactaaagccgaacaccctcacagctgttatacgcacccgagagtaagaagcccaactacgaaagtggctttacaacccctgaacccacgaaagctatgaca",0,0,0,0,0,0,0,0,0,0,0,0,0,0,0,0,0,10,17,0,0,0,14,0,0,0,10,0,0,0,0,0,0,0,0,0,0,0,0,0,0
"95",95,"div1_000021749","Homo sapiens","Homo","Primates","Mammalia",0.98204,"species","human_assign",3,"gcggtcacacgattaacccaagacaatagaagccggcgtaaagagtgttttagatcaccccctccccaataaagctaaaactcccctgagttgtaaaaaactccagttgacacaaaataaactacgaaagtggctttaacatatctgaacacacaatagctaagacc",0,0,0,0,0,0,0,3,0,0,0,0,0,0,0,0,0,0,0,0,0,0,0,0,0,0,0,0,0,0,0,0,0,0,0,0,0,0,0,0,0
"96",96,"div1_000021903","Dicentrarchus labrax","Dicentrarchus","Perciformes","Actinopterygii",1,"species","threecon",3,"gcggttaaacgggaggctcaagttgatagacaccggcgtaaagcgtggttaggggcccaacttttacactaaagccgaacgctatcagagcagtgatacgcaccgaaagtaagaagatcaattacgaaagtagctttatttaaacctgaacccacgaaagctatgaca",0,0,0,0,0,0,0,0,0,0,0,0,0,0,0,0,0,0,0,0,0,0,3,0,0,0,0,0,0,0,0,0,0,0,0,0,0,0,0,0,0
"98",98,"div1_000022589","Pomatoschistus minutus","Pomatoschistus","Perciformes","Actinopterygii",0.98,"species","threecon",3,"gcggttatacgagaggcccaagttgatggatgccggcgtaaaacgtggttaatttacagtattacactaaagcaaaacaccttctaagctgttatatgctctcgaagataggaggcccttttacgaaagtagctttaaacggtatgaccccacgaaagctaggaaa",0,0,0,0,0,0,0,0,0,0,0,0,0,0,0,0,0,0,0,0,0,0,0,0,0,0,3,0,0,0,0,0,0,0,0,0,0,0,0,0,0
"99",99,"div1_000022604","Labrus bergylta","Labrus","Perciformes","Actinopterygii",1,"species","twocon",10,"gcggttatacgaaagacccaagttgataatcaccggcgtaaagagtggttaagataaacccccaaactaaagccgaacatcttcaaagctgttatacgcacacgaagaaaagaaacccaaccacgaaagtggctttataatatctgaccccacgaaagctgtgaaa",0,0,0,0,0,0,0,0,0,0,0,0,0,4,0,0,0,6,0,0,0,0,0,0,0,0,0,0,0,0,0,0,0,0,0,0,0,0,0,0,0
"100",100,"div1_000023879","Atherina boyeri","Atherina","Atheriniformes","Actinopterygii",1,"species","twocon",3,"gcggttatacgagaggcccaagttgatatccgccggtgtaaagagtggttaagagaacccaatactaaagccgaacactctcaaagccgttatatgcacacgagagcaagaagccctctcacgaaagtagctttagcttttctgactccacgtaagctgaggga",0,0,0,0,0,0,0,0,0,0,0,0,0,3,0,0,0,0,0,0,0,0,0,0,0,0,0,0,0,0,0,0,0,0,0,0,0,0,0,0,0
"101",101,"div1_000024175","Ammodytes","Ammodytes","Uranoscopiformes","Actinopterygii",0.987878787878788,"genus","ecotag",23,"gcggttatacgagaggcccaagctgatagaccccggcgtaaagagtggttaaggtaaacttaaaactaaagccgaacaccctcacagctgttatacgcacccgagagtaagaagcccaactacgaaagtggctttacaacccctgaacccacgaaagctagggca",0,0,0,0,0,0,0,0,0,0,0,0,0,0,0,0,0,0,0,0,0,0,20,0,0,0,3,0,0,0,0,0,0,0,0,0,0,0,0,0,0
"102",102,"div1_000024530","Atherina boyeri","Atherina","Atheriniformes","Actinopterygii",1,"species","twocon",3,"gcggttatacgagaggcccaagttgatatccgccggcgtaaagagtggttaagataaacccccaaactaaagccgaacatcttcaaagctgttatacgcacccgagagcaagaagccctctcacgaaagtagctttaacttttctgactccacgtaagctgaggga",0,0,0,0,0,0,0,0,0,0,0,0,0,3,0,0,0,0,0,0,0,0,0,0,0,0,0,0,0,0,0,0,0,0,0,0,0,0,0,0,0
"103",103,"div1_000025238","Dicentrarchus labrax","Dicentrarchus","Perciformes","Actinopterygii",1,"species","threecon",3,"gcggttaaacgggaggctcaagttgatagacaccggcgtaaagcgtggttaagggcccaacttttacactaaagccgaacgctatcagagcagtgatacgcaccgaaagtaagaagatcaattacgaaagtagctttatttaaacctgaccccacaatagctaagacc",0,0,0,0,0,0,0,0,0,0,0,0,0,0,0,0,0,0,0,0,0,0,0,0,0,0,3,0,0,0,0,0,0,0,0,0,0,0,0,0,0
"104",104,"div1_000025325","Symphodus bailloni","Symphodus","Perciformes","Actinopterygii",1,"species","twocon",49,"gcggttatacgtgaggcccaagttgataaacatcggcgtaaagggtggttaggagaaaaaacgaaactaaagccaaacgccttcagagctgttatacgcttacgaagagcagagacacaaccacgaaagtggctttatttgatctgaccccacgaaagctagggca",0,0,0,0,0,0,0,0,0,0,0,0,0,0,0,0,0,0,0,0,40,0,4,0,0,0,5,0,0,0,0,0,0,0,0,0,0,0,0,0,0
"106",106,"div1_000026161","Symphodus melops","Symphodus","Perciformes","Actinopterygii",1,"species","twocon",4,"gcggttatacgagaggcccaagttgataaataccagcgtaaagagtggttagagaagaaactaaactaaagccaaacgccttcagagctgttatacgcttacgaagagcagagacacgaccacgaaagtggctttgcttaacctgaccccacgaaagctagggca",0,0,0,0,0,0,0,0,0,0,0,0,4,0,0,0,0,0,0,0,0,0,0,0,0,0,0,0,0,0,0,0,0,0,0,0,0,0,0,0,0
"107",107,"div1_000026319","Ammodytes","Ammodytes","Uranoscopiformes","Actinopterygii",0.981927710843373,"genus","ecotag",8,"gcggttatacgagaggcccaagctgatagaccccggcgtaaagagtggttaaggtaaacttaaaactaaagccgaacaccctcacagctgttatacgcacccgagagtaagaagcccaactacgaaagtggctttacaacccctgaacccacgaaagctaaggaa",0,0,0,0,0,0,0,0,0,0,0,0,0,0,0,0,0,0,0,0,0,0,8,0,0,0,0,0,0,0,0,0,0,0,0,0,0,0,0,0,0
"108",108,"div1_000027123","Atherina boyeri","Atherina","Atheriniformes","Actinopterygii",1,"species","twocon",3,"gcggttatacgagaggcccaagttgatatccgccggcgtaaagaggggttaagagaacccaatactaaggccgaacactctcaaagctgttatatgcacccgagagcaagaagccctctcacgaaagtagctttaacttttctgaccacacgtaagctgaggga",0,0,0,0,0,0,0,0,0,0,0,0,0,3,0,0,0,0,0,0,0,0,0,0,0,0,0,0,0,0,0,0,0,0,0,0,0,0,0,0,0
"109",109,"div1_000027654","Atherina boyeri","Atherina","Atheriniformes","Actinopterygii",1,"species","twocon",3,"gcggttatacgagaggcccaagtcgatatccgccggcgtaaagagtggttaagagaacccaatactaaagccgaacactctcaaagctgttatatgcacccgagagcaagaagccctctcacgagagtagctttaacttttctgactccacgtaggctgaggga",0,0,0,0,0,0,0,0,0,0,0,0,0,3,0,0,0,0,0,0,0,0,0,0,0,0,0,0,0,0,0,0,0,0,0,0,0,0,0,0,0
"110",110,"div1_000028218","Lipophrys pholis","Lipophrys","Perciformes","Actinopterygii",1,"species","twocon",5,"gcggttatacgggtggcccaagctgacagcccttcggcgtaaagcgtggttaatagctctattatactaaagccgaatgccccctaagctgtaatacgctcttgggtgctagaagccctattacgaaagtagctttatagtattgaacccacgaaagctaagacc",0,0,0,0,0,0,0,0,0,0,0,0,0,5,0,0,0,0,0,0,0,0,0,0,0,0,0,0,0,0,0,0,0,0,0,0,0,0,0,0,0
"111",111,"div1_000028538","Atherina boyeri","Atherina","Atheriniformes","Actinopterygii",1,"species","twocon",3,"gcggttatacgagaggcccaagttgatatccgcccgcgtaagagtggttaagagaacccaatactaaagccgaacactctcaaagctgttatatgcacccgagagcaagaagccctctcacgaaagtagctttaacttttctgactccacgtaagctgatgga",0,0,0,0,0,0,0,0,0,0,0,0,0,3,0,0,0,0,0,0,0,0,0,0,0,0,0,0,0,0,0,0,0,0,0,0,0,0,0,0,0
"112",112,"div1_000028539","Atherina boyeri","Atherina","Atheriniformes","Actinopterygii",1,"species","twocon",3,"gcggttatacgagaggcccaagttgatatccgccggcgtaaagagtggttaagagaacccaatactagagccgaacactctcaaagctgttatatgcacccgagagcaataagccctctcactaaagtagctttaacttttcttactccacgtaagctgaggga",0,0,0,0,0,0,0,0,0,0,0,0,0,3,0,0,0,0,0,0,0,0,0,0,0,0,0,0,0,0,0,0,0,0,0,0,0,0,0,0,0
"113",113,"div1_000028643","Pomatoschistus minutus","Pomatoschistus","Perciformes","Actinopterygii",1,"species","threecon",3,"gcggttatacgagaggcccaagttgattgatgccggcgtaaaatgtggctaatttacagtattacactaaagcaaaacaccttctaagctgttatatgctctcgaatacaggaggcccttttacgaaagtagctttaaatggtatgaccccacgaaagctaggaaa",0,0,0,0,0,0,0,0,0,0,0,0,0,0,0,0,0,0,0,0,0,0,0,0,0,0,3,0,0,0,0,0,0,0,0,0,0,0,0,0,0
"114",114,"div1_000029426","Salmo salar","Salmo","Salmoniformes","Actinopterygii",1,"species","threecon",9,"gcggttatacgagaggccctagttgataactaccggcgtaaagagtggttacggaaaaatatttaataaagccgaacaccccctcagccgtcatacgcacctgggggcacgaagatctactacgaaagcagctttaattatacctgaacccacgacagctacga",0,0,0,0,0,0,0,0,0,0,0,0,9,0,0,0,0,0,0,0,0,0,0,0,0,0,0,0,0,0,0,0,0,0,0,0,0,0,0,0,0
"116",116,"div1_000029764","Taurulus bubalis","Taurulus","Scorpaeniformes","Actinopterygii",1,"species","threecon",17,"gcggttatacgagaggcccaagttgacaaacaccggcgtaaagcgtggttagggaaaactcacactaaagccaaacatcttccaggctgttatacgcaactgaagataggaagttcaaccacgaaagtggctttaccagacctgaatccacgaaagctaagacc",0,0,0,0,0,0,0,0,0,0,0,0,0,0,0,0,0,0,0,0,0,0,17,0,0,0,0,0,0,0,0,0,0,0,0,0,0,0,0,0,0
"117",117,"div1_000029866","Gobiusculus flavescens","Gobiusculus","Perciformes","Actinopterygii",1,"species","twocon",7,"gcggttatacgagaggcccaagttgacggatgccggcgtaaaatgtggttaatttacagtattacactaaagcaaaacaccttctaagctgttatatgctctcgaagacaggaggcccctttacgaaagtagctttaagcaatatgaccccacgaaagctatgtca",0,0,0,0,0,0,0,0,0,0,0,0,0,0,0,0,0,7,0,0,0,0,0,0,0,0,0,0,0,0,0,0,0,0,0,0,0,0,0,0,0
"118",118,"div1_000030360","Symphodus melops","Symphodus","Perciformes","Actinopterygii",1,"species","twocon",3,"gcggttatgcgagaggcccaagttgataaataccggcgtaaagagtggttagagaagagactaaactaaagccaaacgccttcagagccgttatacgcttacgaagagcagagacacaaccacgaaagtggctttacttaacctgaccccacgaaagctagggc",0,0,0,0,0,0,0,0,0,0,0,0,0,0,0,0,0,0,0,0,0,0,3,0,0,0,0,0,0,0,0,0,0,0,0,0,0,0,0,0,0
"119",119,"div1_000030844","Gobiusculus flavescens","Gobiusculus","Perciformes","Actinopterygii",1,"species","twocon",3,"gcggttatacgagaggcccaagttgacggacgccggcgtaaaatgtggttaatttacagtattacactaaagcaaaacaccttctaagctgttatatgctctcgaaggcaggaggcccctttacgaaagtagctttaagcaatatgaccccacgaaagctagggaa",0,0,0,0,0,0,0,0,0,0,0,0,0,0,0,0,0,3,0,0,0,0,0,0,0,0,0,0,0,0,0,0,0,0,0,0,0,0,0,0,0
"120",120,"div1_000030850","Salmo salar","Salmo","Salmoniformes","Actinopterygii",1,"species","twocon",3,"gcggttacacgagaggccctagttgataactacctgcgtaaagagtggttacggaaaaatacttaataaagccgaacaccccctcagccgtcatacgcacctgggggcacgaagatctactacgaaagcagctttaattatacctgaacccacgacagctacgaca",0,0,0,0,0,0,0,0,0,0,0,0,3,0,0,0,0,0,0,0,0,0,0,0,0,0,0,0,0,0,0,0,0,0,0,0,0,0,0,0,0
"121",121,"div1_000031145","Atherina boyeri","Atherina","Atheriniformes","Actinopterygii",1,"species","twocon",8,"gcggttatacgagaggcccaagttgatatccgccggcgtaaagagtggttaagagaacccaatactaaagccgaacactctcaaagctgttatatgcacccgagagcaagaagccctctcacgaaagtagctttaacttttctgactccacgtaagctatgaca",0,0,0,0,0,0,0,0,0,0,0,0,0,4,0,0,0,4,0,0,0,0,0,0,0,0,0,0,0,0,0,0,0,0,0,0,0,0,0,0,0
"123",123,"div1_000031999","Dicentrarchus labrax","Dicentrarchus","Perciformes","Actinopterygii",1,"species","threecon",3,"gcggttaaacgggaggctcaagttgatagacaccggcgtgaagcgtggttaagggcccaacttttacactaaagccgaacgctatcagagcagtgacacgcaccgaaagtaagaagatcaattacgaaagtagctttatttaaacctgaccctacgaaagctaaggca",0,0,0,0,0,0,0,0,0,0,0,0,0,0,0,0,0,0,0,0,0,0,0,0,0,0,0,0,0,3,0,0,0,0,0,0,0,0,0,0,0
"124",124,"div1_000032295","Lipophrys pholis","Lipophrys","Perciformes","Actinopterygii",1,"species","twocon",4,"ggttatacgggtggcccaagctgacagcccttcggcgtaaagcgtggttaatagctctattatactaaagccgaatgccccctaagctgtaatacgctcttgggtgctagaagccctattacgaaagtagctttatagtattgaacccacgaaagctaggata",0,0,0,0,0,0,0,0,0,0,0,0,0,4,0,0,0,0,0,0,0,0,0,0,0,0,0,0,0,0,0,0,0,0,0,0,0,0,0,0,0
"128",128,"div1_000033234","Pomatoschistus minutus","Pomatoschistus","Perciformes","Actinopterygii",1,"species","threecon",42,"ggttatacgagaggcccaagttgatggatgccggcgtaaaatgtggttaatttacagtattacactaaagcaaaacaccttctaagctgttatatgctctcgaagacaggaggcccttttacgaaagtagctttaaatggtatgaccccacgaaagctaggaaa",0,0,0,0,0,0,0,0,0,0,0,0,0,0,0,0,0,0,0,0,0,0,0,0,0,0,42,0,0,0,0,0,0,0,0,0,0,0,0,0,0
"130",130,"div1_000034114","Symphodus melops","Symphodus","Perciformes","Actinopterygii",1,"species","twocon",4,"gcggttatacgagaggcccaagttgataaataccggcgtaaagagtggttagagaagaaactaaactaaagccaaacgccttcagagctgttatacgcttacgaatagcagagacacaaccacggaagtggctttacttaacctgaccccacgaaggctagggca",0,0,0,0,0,0,0,0,0,0,0,0,0,0,0,0,0,4,0,0,0,0,0,0,0,0,0,0,0,0,0,0,0,0,0,0,0,0,0,0,0
"131",131,"div1_000034127","Atherina boyeri","Atherina","Atheriniformes","Actinopterygii",1,"species","twocon",3,"gcggttatacgagaggcccaagttgatatccgccggcgtaaagagtggttgagagaacccaatactaaagccgaacactctcaaagctgttatatgcaccagagagcaagaagccctcgcacgaaagtagctttaacttttctgactccacgtaagctgaggga",0,0,0,0,0,0,0,0,0,0,0,0,0,3,0,0,0,0,0,0,0,0,0,0,0,0,0,0,0,0,0,0,0,0,0,0,0,0,0,0,0
"132",132,"div1_000034176","Pomatoschistus minutus","Pomatoschistus","Perciformes","Actinopterygii",0.98,"species","threecon",3,"gcggttatacgagaggcccaagttgatggatgccggcgtaaaatgtgattaatttacagtattacactaaagcaaaacaccttctaagctgttatatgctctcgaagacaggaggcccttttacgaaagtagctttaagtggtatgaccccacgaaagctaaggca",0,0,0,0,0,0,0,0,0,0,0,0,0,0,0,0,0,0,0,0,0,0,0,0,0,0,3,0,0,0,0,0,0,0,0,0,0,0,0,0,0
"133",133,"div1_000034783","Dicentrarchus labrax","Dicentrarchus","Perciformes","Actinopterygii",1,"species","threecon",3,"gcggttaagcgggaggctcaagttgatagacaccggcgtaaagcgtggttgagggcccaacttttacactaaagccgaacgctatcagagcagtgatacgcaccgaaagtaagaagatcaattacgaaagtagctctatttaaacctgaccccacgaaagctaaggca",0,0,0,0,0,0,0,0,0,0,0,0,0,0,0,0,0,0,0,0,0,0,0,0,0,0,0,0,0,3,0,0,0,0,0,0,0,0,0,0,0
"136",136,"div1_000035154","Homo sapiens","Homo","Primates","Mammalia",0.98204,"species","human_assign",3,"gcggtcacacgattaacccaagtcaatagaagccggcgtaaagagtgttttagatctcccctccccaataaagctaaagctcacctgagttgtaaaaaactccagttgacacaaaatagactacgaaagtggctttaacatatctgaacacacaatagctaagacc",0,0,0,0,0,0,0,0,0,0,0,0,0,0,0,0,0,3,0,0,0,0,0,0,0,0,0,0,0,0,0,0,0,0,0,0,0,0,0,0,0
"137",137,"div1_000035241","Symphodus melops","Symphodus","Perciformes","Actinopterygii",1,"species","twocon",4,"gcggttatacgagaggcccaagttgataaataccggcgtaaagagtggttagagaagaaactaaactaaagccaaacgccttcagagctgttatacgcttacgaagagcagagacacaaccacgaaagtggctttacttaacctgaccccacgaaagctgtgaaa",0,0,0,0,0,0,0,0,0,0,0,0,0,0,0,0,0,4,0,0,0,0,0,0,0,0,0,0,0,0,0,0,0,0,0,0,0,0,0,0,0
"138",138,"div1_000035507","Atherina boyeri","Atherina","Atheriniformes","Actinopterygii",1,"species","twocon",4,"gcggttatacgagaggcccaagttgatatccgccggcgtagagagtggttaagaaaacccaatactaaagccgaacactctcaaagctgttatgtgcacacgagagcaagaagccctctcacgaaagtagctttaacttttctgactccacgtaagctgaggga",0,0,0,0,0,0,0,0,0,0,0,0,0,4,0,0,0,0,0,0,0,0,0,0,0,0,0,0,0,0,0,0,0,0,0,0,0,0,0,0,0
"139",139,"div1_000035631","Chelon","Chelon","Mugiliformes","Actinopterygii",0.988095238095238,"genus","threecon",14,"gcggttatacgagaggcccaagctgacagcccccggcgtaaagagtggttaagttaaccctaatgtgactaaagtcgaacgcccccaagaccgttatacgtgctcggaggtatgaagcccaactacgaaagtggctttaaaatacctgaccccacgaaagctatgaca",0,0,0,0,0,0,0,0,0,0,0,0,0,5,0,0,0,9,0,0,0,0,0,0,0,0,0,0,0,0,0,0,0,0,0,0,0,0,0,0,0
"140",140,"div1_000035794","Taurulus bubalis","Taurulus","Scorpaeniformes","Actinopterygii",1,"species","threecon",3,"gcggttatacgagaggcccaagttggcaaacaccggcgtaaagcgtggttagggaaaactcacactaaagccaaacatcttccaggctgttatacgcaactgaagataggaagttcaaccacgaaagtggcttcaccagacctgaatccacgaaagctgaggaa",0,0,0,0,0,0,0,0,0,0,0,0,0,0,0,0,0,0,0,0,0,0,3,0,0,0,0,0,0,0,0,0,0,0,0,0,0,0,0,0,0
"141",141,"div1_000036451","Dicentrarchus labrax","Dicentrarchus","Perciformes","Actinopterygii",1,"species","threecon",3,"gcggttaaacgggaggctcaagtttatagacaccggcgtaaagcgtggttaagggcccaacttttacactaaagccgaacgctatcagagcagtgatatgcaccgaaagtaagaagatcaattacgaaagtagctttatttaaacctgaccccactaaagctaaggca",0,0,0,0,0,0,0,0,0,0,0,0,0,0,0,0,0,0,0,0,0,0,0,0,0,0,0,0,0,3,0,0,0,0,0,0,0,0,0,0,0
"142",142,"div1_000036768","Salmo salar","Salmo","Salmoniformes","Actinopterygii",0.99,"species","twocon",3,"gcggttatacaagaggccctagttgataactaccggcgtaaagagtggttacgggaaaatatttaataaagccgaacaccacctcagccgtcatacgcacctgggggcacgaagatctactacgaaagcagctttaattatacctggacccacgacagctacgaca",0,0,0,0,0,0,0,0,0,0,0,0,3,0,0,0,0,0,0,0,0,0,0,0,0,0,0,0,0,0,0,0,0,0,0,0,0,0,0,0,0
"143",143,"div1_000037000","Atherina boyeri","Atherina","Atheriniformes","Actinopterygii",1,"species","twocon",3,"gcggtcacacgagaggcccaagttgatatccgccggcgtaaagagtggttaagagaacccaatactaaagccgaacactctcaaagctgttatatgcacccgagagcaagaagccctctcacgaaagtagctttaacttttatgactccacgtaagctgaggga",0,0,0,0,0,0,0,0,0,0,0,0,0,3,0,0,0,0,0,0,0,0,0,0,0,0,0,0,0,0,0,0,0,0,0,0,0,0,0,0,0
"145",145,"div1_000038192","Dicentrarchus labrax","Dicentrarchus","Perciformes","Actinopterygii",1,"species","threecon",3,"gcggttaaacgggaggctcaagttgatagacaccggcgtaaagcgtggttaagggcccaacttttacactaaagccgaacgctttcagagcagtgatacgcaccgaaagtaagaaaataaattacgaaagtagctttatttaaacctgaccccacgaaagctaaggca",0,0,0,0,0,0,0,0,0,0,0,0,0,0,0,0,0,0,0,0,0,0,0,0,0,0,0,0,0,3,0,0,0,0,0,0,0,0,0,0,0
"146",146,"div1_000040133","Atherina boyeri","Atherina","Atheriniformes","Actinopterygii",1,"species","twocon",9,"gcggttatacgagaggcccaagttgatatccgccggcgtaaagagtggttaagagaacccaatactaaagccgaacactctcaaagctgttatatgcacccgagagcaagaagccctctcacgaaagtagctttaacttttctgaccccacgaaagctgtgaaa",0,0,0,0,0,0,0,0,0,0,0,0,0,9,0,0,0,0,0,0,0,0,0,0,0,0,0,0,0,0,0,0,0,0,0,0,0,0,0,0,0
"147",147,"div1_000040670","Symphodus bailloni","Symphodus","Perciformes","Actinopterygii",1,"species","twocon",3,"gcggttatacgtgaggcccaagttgataaacatcggcgtaaagggtggttaggagaagaaactaaactaaagccaaacgccttcagagctgttatacgcccacgaagggcagagacacaaccacgaaagtggctttatttgatctgaccccacgaaagctagggca",0,0,0,0,0,0,0,0,0,0,0,0,0,0,0,0,0,0,0,0,3,0,0,0,0,0,0,0,0,0,0,0,0,0,0,0,0,0,0,0,0
"148",148,"div1_000040959","Atherina boyeri","Atherina","Atheriniformes","Actinopterygii",1,"species","twocon",3,"gcggttatacgagaggcccaagttgatatccgccggcataaagagtgattaagagaacccaatactaaagccgaacactctcaaagctgttatatgcacccgagagcaagaagccctctcacgaaagtagctttaacttttctgactccacgtaagctgaggaa",0,0,0,0,0,0,0,0,0,0,0,0,0,3,0,0,0,0,0,0,0,0,0,0,0,0,0,0,0,0,0,0,0,0,0,0,0,0,0,0,0
"149",149,"div1_000041022","Chelon","Chelon","Mugiliformes","Actinopterygii",0.988095238095238,"genus","threecon",20,"ggttatacgagaggcccaagctgacagcccccggcgtaaagagtggttaagttaaccctaatgtgactaaagtcgaacgcccccaagaccgttatacgtgctcggaggtatgaagcccaactacgaaagtggctttaaaatacctgaccccacgaaagctgtgaaa",0,0,0,0,0,0,0,0,0,0,0,0,0,7,0,0,0,13,0,0,0,0,0,0,0,0,0,0,0,0,0,0,0,0,0,0,0,0,0,0,0
"151",151,"div1_000042014","Squalus acanthias","Squalus","Squaliformes","Elasmobranchii",1,"species","threecon",3,"gcggttatacgagtgacccttattaatattttcccggcgtaaagagtggtttaagaaaaccttaaacaactaaagttaagacctcatcaagccgttatacgctcttatgagaggaattatcaacaacgaaagtgactttataatattagagaccttgatgccacgacagttgggccc",0,0,0,0,0,0,0,0,0,0,0,3,0,0,0,0,0,0,0,0,0,0,0,0,0,0,0,0,0,0,0,0,0,0,0,0,0,0,0,0,0
"152",152,"div1_000042031","Symphodus melops","Symphodus","Perciformes","Actinopterygii",1,"species","twocon",4,"gcggttatacgagaggcccaagttgataaataccggcgcaaagagtggttagagaagaaactaaactaaagccaaacgcctccagagctgttatacgcttacgaagagcagagacacaaccacgaaagtggctttacttaacccgaccccacgaaagctagggca",0,0,0,0,0,0,0,0,0,0,0,0,4,0,0,0,0,0,0,0,0,0,0,0,0,0,0,0,0,0,0,0,0,0,0,0,0,0,0,0,0
"154",154,"div1_000042766","Atherina boyeri","Atherina","Atheriniformes","Actinopterygii",1,"species","twocon",3,"gtggttatacgagaggcccaagttgatatccgtcggcgtaaagagtggttaagagaacccaatactaaagccgaacactctcaaagctgttatatgcacccgagagcaagaagccctctcacgaaagtagctttaacctttctgactccacgtaagctgaggga",0,0,0,0,0,0,0,0,0,0,0,0,0,3,0,0,0,0,0,0,0,0,0,0,0,0,0,0,0,0,0,0,0,0,0,0,0,0,0,0,0
"155",155,"div1_000043534","Pangasianodon hypophthalmus","Pangasianodon","Siluriformes","Actinopterygii",0.988165680473373,"species","ecotag",3,"gctgttatacgaaagaccccagttgataactacggcgtaaagggtggttaagggatataaaaataaagctaaagactctctaagccgtcatacgcactccgagagcactaaaccctgacacgaaagtagctttaaacaaacttcacctgaccccacgaaagctaagaaa",0,0,0,0,0,0,0,0,0,0,0,0,0,0,0,0,0,0,0,0,0,0,0,0,0,0,0,0,0,0,0,0,3,0,0,0,0,0,0,0,0
"156",156,"div1_000044351","Ammodytes tobianus","Ammodytes","Perciformes","Actinopterygii",0.98,"species","twocon",3,"gcggttatacgagaggcccaagctgatagaccccggcgtaaatagtggttagggtaaacttaaaactaaagccgaacaccctcacagctgttatacgcacccgagagcaagaagcccaactacgaaagtggccttacaacccctgaacccacgaaagctaagacc",0,0,0,0,0,0,0,0,0,0,0,0,0,0,0,0,0,0,3,0,0,0,0,0,0,0,0,0,0,0,0,0,0,0,0,0,0,0,0,0,0
"157",157,"div1_000044377","Ctenolabrus rupestris","Ctenolabrus","Perciformes","Actinopterygii",1,"species","threecon",4,"gcggttatacgagaggcccaagttgataaccaccggcgcaaagagtggttagggcagactattaaactaaagccgaacatcttcaaagctgttatacgcatacgaagaacagaaacacaaccacgaaagtggctttacctcacctgaccccaggagagctatgaca",0,0,0,0,0,0,0,0,0,0,0,0,0,0,0,0,0,4,0,0,0,0,0,0,0,0,0,0,0,0,0,0,0,0,0,0,0,0,0,0,0
"159",159,"div1_000045382","Sprattus sprattus","Sprattus","Clupeiformes","Actinopterygii",0.98,"species","threecon",3,"gcggttatacgagagatcctagctgatatactcggcgtaaagggtggttatggaaaacaagcactaaagccaaagagccctcaggccgttatacgcacccgggacctcgagccactatcacgaaagtagctttaccctcgcccaccagaacccacgagagctgggaca",0,0,3,0,0,0,0,0,0,0,0,0,0,0,0,0,0,0,0,0,0,0,0,0,0,0,0,0,0,0,0,0,0,0,0,0,0,0,0,0,0
"160",160,"div1_000045902","Symphodus melops","Symphodus","Perciformes","Actinopterygii",1,"species","twocon",5,"gcggttatacgagaggcccaagttgataaataccggcgtaaagagtggttagagaagaaactaaactaaagccaaacgccttcagagctgttatacgcttacgaatagcagatacacaaccacgaaagtggctttacttaacctgaccccacgaaagctatggca",0,0,0,0,0,0,0,0,0,0,0,0,5,0,0,0,0,0,0,0,0,0,0,0,0,0,0,0,0,0,0,0,0,0,0,0,0,0,0,0,0
"161",161,"div1_000046562","Chelon","Chelon","Mugiliformes","Actinopterygii",0.982142857142857,"genus","threecon",3,"gcggttatacgagaggcccaagctgacagcccccggcgtaaagagtggttaagttagccctaacgtgactaaagtcgaacgcccccaagaccgttatacgtgctcggaagtatgaagcccaactacgaaagtggctttaaaatacctgaccccacgaaagctgtgaaa",0,0,0,0,0,0,0,0,0,0,0,0,0,3,0,0,0,0,0,0,0,0,0,0,0,0,0,0,0,0,0,0,0,0,0,0,0,0,0,0,0
"162",162,"div1_000047040","Atherina boyeri","Atherina","Atheriniformes","Actinopterygii",1,"species","twocon",3,"gcggttatacgagaggccctagttgatatccgccggcgtaaagagtggttaagagaacccaataccaaagccgaacactctcaaagctgttatatgcacccgagagcaaggagccctctcacgaaagtagctttaacttttctgactccacgtaagctgaggga",0,0,0,0,0,0,0,0,0,0,0,0,0,3,0,0,0,0,0,0,0,0,0,0,0,0,0,0,0,0,0,0,0,0,0,0,0,0,0,0,0
"164",164,"div1_000049622","Pomatoschistus minutus","Pomatoschistus","Perciformes","Actinopterygii",0.99,"species","threecon",3,"gcggttatacgagaggcccaagttgatggatgccggcgtaaaatgtggttaatttacagcattacactaaagcaaaacaccttctaagctgttatatgctctcgaagacaggaggcccttttacgaaagtagccttaaatggtatgaccacacgaaagctaggaaa",0,0,0,0,0,0,0,0,0,0,0,0,0,0,0,0,0,0,0,0,0,0,0,0,0,0,3,0,0,0,0,0,0,0,0,0,0,0,0,0,0
"165",165,"div1_000050239","Atherina boyeri","Atherina","Atheriniformes","Actinopterygii",1,"species","twocon",3,"gcggttatacgagaggcccaagttgatatccgctggcgtaaagagtggttaagagaacccagtactaaggccgaacactctcaaagctgttatatgcacccgagagcaagaagccctctcacgaaagtagctttaacttttctgactccacgtaagctgaggga",0,0,0,0,0,0,0,0,0,0,0,0,0,3,0,0,0,0,0,0,0,0,0,0,0,0,0,0,0,0,0,0,0,0,0,0,0,0,0,0,0
"166",166,"div1_000050774","Atherina boyeri","Atherina","Atheriniformes","Actinopterygii",1,"species","twocon",5,"gcggttatacgagaggcccaagttgatatccgccggcgtaaagagtggttaagagaacccaatactaaagccgaacactctcaaagctgttatatgcacccgagagcaagaagccctctcacgaaagtagctttaacttttctgactccacgtaagctaggata",0,0,0,0,0,0,0,0,0,0,0,0,0,5,0,0,0,0,0,0,0,0,0,0,0,0,0,0,0,0,0,0,0,0,0,0,0,0,0,0,0
"167",167,"div1_000050823","Atherina boyeri","Atherina","Atheriniformes","Actinopterygii",1,"species","twocon",3,"gcggttatacgagaggcccaagttgatgtccgccggagtaaagagtggttaagagaacccaatactaaagccgaacactctcaaagctgttatatgcacccgagagcaagaagcccactcacgaaagtagctttaacttttctgactccacgtaagctgaggga",0,0,0,0,0,0,0,0,0,0,0,0,0,3,0,0,0,0,0,0,0,0,0,0,0,0,0,0,0,0,0,0,0,0,0,0,0,0,0,0,0
"168",168,"div1_000051253","Pomatoschistus microps","Pomatoschistus","Perciformes","Actinopterygii",1,"species","threecon",4,"gcggttatacgagaggcccaagttgatggatgccggcgtaaaatgtggttaatttacagtattacactaaagcgaaacaccttctaagctgttatatgctttcgaagacaggagcccctcttacgaaagtagctttaaacgatatgaccccacgaaagctagggat",0,0,0,0,0,0,0,0,0,0,0,0,0,0,0,0,0,0,0,0,0,0,0,0,0,0,4,0,0,0,0,0,0,0,0,0,0,0,0,0,0
"169",169,"div1_000051789","Atherina boyeri","Atherina","Atheriniformes","Actinopterygii",1,"species","twocon",4,"gcggttatacgagaggcccaagttgatatccgccggcgtaaagagtggttaagagaacccaatactaaagccgaacactctcaaagctgttatatgcacccgagagcaagaagccctctcacgaaagtagctttaacttttctgactccacgtaagctgtgaaa",0,0,0,0,0,0,0,0,0,0,0,0,0,4,0,0,0,0,0,0,0,0,0,0,0,0,0,0,0,0,0,0,0,0,0,0,0,0,0,0,0
"171",171,"div1_000052448","Atherina boyeri","Atherina","Atheriniformes","Actinopterygii",1,"species","twocon",4,"gcggttatacgaaaggcccaagttgatatccgccggcgtaaagagtggttaagagaacccaatgctaaagccgaacactctcagagctgttatatgcacccgagagcaagaagccctctcacgaaagtagctttaacttttctgactccacgtaagctgaggga",0,0,0,0,0,0,0,0,0,0,0,0,0,4,0,0,0,0,0,0,0,0,0,0,0,0,0,0,0,0,0,0,0,0,0,0,0,0,0,0,0
"177",177,"div1_000054453","Ammodytes","Ammodytes","Perciformes","Actinopterygii",0.981818181818182,"genus","threecon",4,"gcggttatacgagaggcccaagctgacagaccccggcgtaaagagtggttaagatgaacttaaaactaaagccgaacaccctcacagctgttatacgcacccgagagtaagaagcccaactacgaaagtggctttacaacccctgaacccacgaaagctatggca",0,0,0,0,0,0,0,0,0,0,0,0,0,0,0,0,0,0,4,0,0,0,0,0,0,0,0,0,0,0,0,0,0,0,0,0,0,0,0,0,0
"178",178,"div1_000054538","Dicentrarchus labrax","Dicentrarchus","Perciformes","Actinopterygii",1,"species","threecon",4,"gcggttatacgagaggcccaagttgatagacaccggcgtaaagcgtggttaagggcccaacttttacactaaagccgaacgctatcagaccagtgatacgcaccgaaagtaagaagatcaattacgaaagtagccttatttaaacctgaccccacgaaagctaaggca",0,0,0,0,0,0,0,0,0,0,0,0,0,0,0,0,0,0,0,0,0,0,4,0,0,0,0,0,0,0,0,0,0,0,0,0,0,0,0,0,0
"179",179,"div1_000055117","Atherina boyeri","Atherina","Atheriniformes","Actinopterygii",1,"species","twocon",3,"gcggttatacgagaggcccaagttgatatccgccggcgtaaagagtggttaagagaacccaatactagagccgaacactctcaaagctgttatatgcacccgagagcaagaagccctctcacaaaagtagctttaacttttcttactccacgtaagctgaggga",0,0,0,0,0,0,0,0,0,0,0,0,0,3,0,0,0,0,0,0,0,0,0,0,0,0,0,0,0,0,0,0,0,0,0,0,0,0,0,0,0
"180",180,"div1_000055489","Pollachius pollachius","Pollachius","Gadiformes","Actinopterygii",1,"species","twocon",3,"gcggctatacgagaggctcaaattgatgaaaaacggcgtaaagcgtggttaagaagataagagaaaatacggccgaacaacttcaaagcagttatacgcatccgaagtcacgaagaacaatcacgaaagttgccctaaaatctccgattccacgaaagccatgaaa",0,0,0,0,0,0,0,0,0,0,0,0,0,0,0,0,0,3,0,0,0,0,0,0,0,0,0,0,0,0,0,0,0,0,0,0,0,0,0,0,0
"181",181,"div1_000057991","Symphodus melops","Symphodus","Perciformes","Actinopterygii",1,"species","twocon",3,"gcggttatacgagaggcccaagttgataaataccggcgtaaagagtggttagagaagaaactaaactaaagccaaacgccctcagagctgttatgcgcttacgaagagcagagacacaaccacgaaagtggctttacttaacctgaccccacgaaagctatggca",0,0,0,0,0,0,0,0,0,0,0,0,0,0,0,0,0,0,0,0,0,0,0,0,0,0,3,0,0,0,0,0,0,0,0,0,0,0,0,0,0
"182",182,"div1_000058301","Homo sapiens","Homo","Primates","Mammalia",0.98214,"species","human_assign",3,"gcggtcacacgattagcccaagtcaatagaagccggcgtaaagagtgttttagatcaccccctccccaataaagctaaaacttaccggagttgtaaaaaaactccagttgacacaaaatagactacgaaagtggctttaacatatctgaacacacaatagctaagacc",0,0,0,0,0,0,0,0,0,0,0,0,0,0,0,0,0,0,0,0,0,0,0,0,0,0,0,0,0,0,0,3,0,0,0,0,0,0,0,0,0
"183",183,"div1_000058318","Atherina boyeri","Atherina","Atheriniformes","Actinopterygii",1,"species","twocon",4,"gcggttatacgagaggcccaagttgatatccgccggcgtgaagagtggttaagagaacccaatactaaagccgaacactctcaaagctgttatatgcacccgagagcaagaagccctctcacgaaagtagctttaacttttctgactccacgtgagctgaggaa",0,0,0,0,0,0,0,0,0,0,0,0,0,4,0,0,0,0,0,0,0,0,0,0,0,0,0,0,0,0,0,0,0,0,0,0,0,0,0,0,0
"184",184,"div1_000058693","Ctenolabrus rupestris","Ctenolabrus","Perciformes","Actinopterygii",1,"species","threecon",3,"gcggttatacgagaggcccaagttgataaccaccggcgtaaagagtggttagggcagactattaaactaaagccgaacatcttcaaagctgttatacgcatacgaagaacagaaacacaaccacgaaagtggctttacctcacctgaccccacgaaagctagggca",0,0,0,0,0,0,0,0,0,0,0,0,0,0,0,0,0,3,0,0,0,0,0,0,0,0,0,0,0,0,0,0,0,0,0,0,0,0,0,0,0
"185",185,"div1_000058773","Atherina boyeri","Atherina","Atheriniformes","Actinopterygii",1,"species","twocon",3,"gcggttatacgagaggcccaagttgatatccgccggcgtaaagagtggttaagagaacccaatactaaagccgaacactctcaaggctgttatatgcacccgagagcaagaggccctctcacgaaagtagctttaacttttctgactccacgtaagctgagtga",0,0,0,0,0,0,0,0,0,0,0,0,0,3,0,0,0,0,0,0,0,0,0,0,0,0,0,0,0,0,0,0,0,0,0,0,0,0,0,0,0
"186",186,"div1_000059192","Atherina boyeri","Atherina","Atheriniformes","Actinopterygii",1,"species","twocon",3,"gcggttatacgagaggcccaggctgatatccgccggcgtaaagcgtggttaagagaacccaatactaaagccgaacactctcaaagccgttatatgcacccgagagcaagaagccctctcacgaaagtagctttaacttttctgactccacgtaagctgaggaa",0,0,0,0,0,0,0,0,0,0,0,0,3,0,0,0,0,0,0,0,0,0,0,0,0,0,0,0,0,0,0,0,0,0,0,0,0,0,0,0,0
"187",187,"div1_000059670","Atherina boyeri","Atherina","Atheriniformes","Actinopterygii",1,"species","twocon",4,"gcggttatacgagaggcccaagttgatatccgccggcgtaaagagtggctaagagaacacaatactaaagccgaacactctcaaagctgttatatgcacccgagagcaagaagccctctcacgagagtagctttaacttttctgactccacgtaagctgaggga",0,0,0,0,0,0,0,0,0,0,0,0,0,4,0,0,0,0,0,0,0,0,0,0,0,0,0,0,0,0,0,0,0,0,0,0,0,0,0,0,0
"188",188,"div1_000060403","Salmo salar","Salmo","Salmoniformes","Actinopterygii",1,"species","threecon",3,"gcggttatacgagaggccctagttgataactacgggcgtaaagagtggttacggaaaaatatttaataaagccgaacacccccctcagccgtcacacgcacctgggggcacgaagatctactacgaaagcagctttaattatacctgaacccacgacagctacgaca",0,0,0,0,0,0,0,0,0,0,0,0,3,0,0,0,0,0,0,0,0,0,0,0,0,0,0,0,0,0,0,0,0,0,0,0,0,0,0,0,0
"189",189,"div1_000061835","Symphodus bailloni","Symphodus","Perciformes","Actinopterygii",1,"species","twocon",3,"gcggttatacgtgaggcccaagttgataaacatcggcgtaaagggtggttaggggaaaaaacgaaactaaagccaaacgccttcggagctgttatacgcccacgaggagcagagacacaaccacgaaagtggctttatttgatctgaccccacgaaagctagggca",0,0,0,0,0,0,0,0,0,0,0,0,0,0,0,0,0,0,0,0,3,0,0,0,0,0,0,0,0,0,0,0,0,0,0,0,0,0,0,0,0
"190",190,"div1_000062696","Dicentrarchus labrax","Dicentrarchus","Perciformes","Actinopterygii",1,"species","threecon",3,"gcggttaaacgggaggctcaagttgatagacaccggcgtaaagcgtggttaatggcccaacttttacactaaagcctaacgctatcagagcagtgatacgcaccgaaagtaagaagatcaattacgaaagtagctttatttaaacctggccccacgaaagctaaggca",0,0,0,0,0,0,0,0,0,0,0,0,0,0,0,0,0,0,0,0,0,0,0,0,0,0,0,0,0,3,0,0,0,0,0,0,0,0,0,0,0
"192",192,"div1_000063297","Solea solea","Solea","Pleuronectiformes","Actinopterygii",1,"species","threecon",3,"ggtgagacgagaggctcaagttgacaaacacggcacaaagcgtggttaaggaattttacagactaaagttaaacgcttccaaagctgttatacgcactcgaaagtatgaaattcaaccacgaaagtaactttaacacccctgaaccaacgaaagctaaggaa",0,0,0,0,0,0,0,0,0,0,0,0,0,3,0,0,0,0,0,0,0,0,0,0,0,0,0,0,0,0,0,0,0,0,0,0,0,0,0,0,0
"193",193,"div1_000064004","Dicentrarchus labrax","Dicentrarchus","Perciformes","Actinopterygii",1,"species","threecon",3,"gaggttaaacgggaggctcaagttgttagacaccggcgtaaagtgtggttaagggcccaacttttacactaaagccgaacgctatcagagcagtgatacgcaccgaaagtaagaagatcaattacgaaagtagctttatttaaacctgaccccacgaaagctaaggca",0,0,0,0,0,0,0,0,0,0,0,0,0,0,0,0,0,0,0,0,0,0,0,0,0,0,0,0,0,3,0,0,0,0,0,0,0,0,0,0,0
"194",194,"div1_000065300","Symphodus melops","Symphodus","Perciformes","Actinopterygii",1,"species","twocon",3,"gcggttatacgagaggcccgagttgataaataccggggtaaagagtggttagagaagaaactaaactaaagccaaacgccttcagagctgttatacgcttacgaagggcagagacacaaccacgaaagtggctttacttaacctgaccccacgaaagctagggca",0,0,0,0,0,0,0,0,0,0,0,0,0,0,0,0,0,0,0,0,0,0,0,0,0,0,0,3,0,0,0,0,0,0,0,0,0,0,0,0,0
"196",196,"div1_000065653","Atherina boyeri","Atherina","Atheriniformes","Actinopterygii",1,"species","twocon",3,"acggttatacgagaggcccaagttgatatccgccggcgtaaagagtggttaagagagcccaatactaaagccgaacactctcaaagctgttatatgcacccgagagcaagaagccctctcacggaagtagctttaacttttctgactccacgtaagctgaggga",0,0,0,0,0,0,0,0,0,0,0,0,0,3,0,0,0,0,0,0,0,0,0,0,0,0,0,0,0,0,0,0,0,0,0,0,0,0,0,0,0
"197",197,"div1_000065668","Atherina boyeri","Atherina","Atheriniformes","Actinopterygii",1,"species","twocon",3,"acggttatacgagaggcccaagttgatatccgccggcgtaaagagtggttaagagaacccaataccaaagccgaacactctcaaagctgttatatgcacccgagagcaagaagccctctcacgaatgtagctttaacttttctgactccacgtaagctgaggga",0,0,0,0,0,0,0,0,0,0,0,0,0,3,0,0,0,0,0,0,0,0,0,0,0,0,0,0,0,0,0,0,0,0,0,0,0,0,0,0,0
"199",199,"div1_000066737","Atherina boyeri","Atherina","Atheriniformes","Actinopterygii",1,"species","twocon",5,"gcggtcatacgagaggccaaagttgatatccgccggcgtaaagagtggttaagagaacccaatactaaagccgaacactctcgaagctgttatatgcacccgagagcaagaagccctctcacgaaagtagctttaacttttctgactccacgtaagctgaggga",0,0,0,0,0,0,0,0,0,0,0,0,0,5,0,0,0,0,0,0,0,0,0,0,0,0,0,0,0,0,0,0,0,0,0,0,0,0,0,0,0
"200",200,"div1_000066817","Atherina boyeri","Atherina","Atheriniformes","Actinopterygii",1,"species","twocon",3,"gcggttatacgagaggcccaagttggtacccgccggcgtaaagagtggctaagagaacccaatactaaagccgaacactctcgaagctgttatatgcacccgagagcaagaagccctctcacgaaagtagctttaacttttctgactccacgtaagctgaggga",0,0,0,0,0,0,0,0,0,0,0,0,0,3,0,0,0,0,0,0,0,0,0,0,0,0,0,0,0,0,0,0,0,0,0,0,0,0,0,0,0
"201",201,"div1_000067912","Symphodus melops","Symphodus","Perciformes","Actinopterygii",1,"species","twocon",3,"gcggttatacgagaggcccaagttggtaaataccggcgtaaagagtggttagagaagaaactaaactaaagccaaacgccttcagagctgttatacgcttacgaagagcagagacacaaccacgagagtggctttacttaaccttaccccacgaaagctagggca",0,0,0,0,0,0,0,0,0,0,0,0,0,0,0,0,0,0,0,0,0,0,3,0,0,0,0,0,0,0,0,0,0,0,0,0,0,0,0,0,0
"203",203,"div1_000068630","Pomatoschistus minutus","Pomatoschistus","Perciformes","Actinopterygii",1,"species","threecon",3,"gcggttatactagaggcccaagttgatggatgccggcgtaaaatgtggttaatttacagtattacactaaagcaagacaccttctaagctgttatatgctctcgaagacaggaggcccttttacgaaagttgctttaaatggtatgaccccacgaaagctaggaaa",0,0,0,0,0,0,0,0,0,0,0,0,0,0,0,0,0,0,0,0,0,0,0,0,0,0,3,0,0,0,0,0,0,0,0,0,0,0,0,0,0
"204",204,"div1_000068985","Atherina boyeri","Atherina","Atheriniformes","Actinopterygii",1,"species","twocon",4,"gcggttatacgagaggcccaagttgatatccgccggcgtaaagagtggttaagagaacccaatactaaagccgaacactctcaaagctgttatatgcacccgagagcaagaagccctcccacgaaagtagctttaacttttctgaccccatgtaagctgaggga",0,0,0,0,0,0,0,0,0,0,0,0,0,4,0,0,0,0,0,0,0,0,0,0,0,0,0,0,0,0,0,0,0,0,0,0,0,0,0,0,0
"206",206,"div1_000069591","Atherina boyeri","Atherina","Atheriniformes","Actinopterygii",1,"species","twocon",3,"gcggttatacgagaggcccaagttgatatccgccggcgtagagagtggttaagagaacccaatactaaagccgaacactctcaaagctgttatatgcacccgagagcaagaagccctctcacgaaagtagctttaaccttactgactccacgtaagccgaggga",0,0,0,0,0,0,0,0,0,0,0,0,0,3,0,0,0,0,0,0,0,0,0,0,0,0,0,0,0,0,0,0,0,0,0,0,0,0,0,0,0
"207",207,"div1_000069748","Dicentrarchus labrax","Dicentrarchus","Perciformes","Actinopterygii",1,"species","threecon",4,"gcggttaaacgggaggctcaagctgatagacaccggcgtaaagcgtggctaagggcccgacttttacactaaagccgaacgctatcagagcagtgatacgcaccgaaagtaagaagatcaattacgaaagtagctttatttaaacctgaccccacgaaagctaaggca",0,0,0,0,0,0,0,0,0,0,0,0,0,0,0,0,0,0,0,0,0,0,0,0,0,0,0,0,0,4,0,0,0,0,0,0,0,0,0,0,0
"208",208,"div1_000070071","Dicentrarchus labrax","Dicentrarchus","Perciformes","Actinopterygii",1,"species","threecon",3,"gcggttaaacgggaggctcaagttgatagacaccggcgtaaagcgtggttaagggcacaacttttacactaaagctgaacgctatcagagcagtgatacgcaccgaaagtaagaagatcaattacgaaggtagctttatttaaacctgaccccacgaaagctaaggca",0,0,0,0,0,0,0,0,0,0,0,0,0,0,0,0,0,0,0,0,0,0,0,0,0,0,3,0,0,0,0,0,0,0,0,0,0,0,0,0,0
"209",209,"div1_000071130","Dicentrarchus labrax","Dicentrarchus","Perciformes","Actinopterygii",1,"species","threecon",3,"gcggttagacgggaggctcaagctgatagacaccggcgtaaagcgtggttaagggcccaacttttacactaaagccgaacgctgtcagagcagtgatacgcaccgaaagtaagaagatcaattacgaaagtagctttatttaaacctgaccacacgaaagctaaggca",0,0,0,0,0,0,0,0,0,0,0,0,0,0,0,0,0,0,0,0,0,0,0,0,0,0,0,0,0,3,0,0,0,0,0,0,0,0,0,0,0
"210",210,"div1_000072203","Syngnathus acus","Syngnathus","Syngnathiformes","Actinopterygii",1,"species","threecon",4,"gcggttatacgagaggcccaagctgacagaaaccggcgtaaagagtggttagggattccttaaactaaagccaaacattttccaagctgttatacgcatccgaaagtacgaaaaccttccacgaaagtggctctaatactctgactccacgaaagttatggaa",0,0,0,0,0,0,0,0,0,0,0,0,0,0,0,0,0,0,0,0,0,0,0,0,0,0,4,0,0,0,0,0,0,0,0,0,0,0,0,0,0
"211",211,"div1_000072754","Atherina boyeri","Atherina","Atheriniformes","Actinopterygii",1,"species","twocon",3,"gcggttatgcgagaggcccaagttgatatccgccggcgtaaagagtggttaagggaacccaatactaaagccgaacactctcaaagctgttatatgcacccgagagcaagaagccctctcacgaaagtagctttaacttttctgactccacgtaggctgaggga",0,0,0,0,0,0,0,0,0,0,0,0,0,3,0,0,0,0,0,0,0,0,0,0,0,0,0,0,0,0,0,0,0,0,0,0,0,0,0,0,0
"212",212,"div1_000073071","Parablennius gattorugine","Parablennius","Perciformes","Actinopterygii",1,"species","twocon",3,"gcggttatacgagcagcccgagttgacagcacctcggcgtaaagcgtggttataattaaagtaagttagagccgaatgttccctagactgttatacgcgttcgagagctagaagcccccttacgaaagtagctttatactattgaatccacgaaagctaagaca",0,0,0,0,0,0,0,0,0,0,0,0,3,0,0,0,0,0,0,0,0,0,0,0,0,0,0,0,0,0,0,0,0,0,0,0,0,0,0,0,0
"213",213,"div1_000073844","Atherina boyeri","Atherina","Atheriniformes","Actinopterygii",1,"species","twocon",4,"gcggttatacgagaggcccaagttgatatccgccggtgtaaagagtggttaagaggacccaatactaaagccgaacactctcaaggctgttatatgcacccgagagcaagaagccctctcacgaaagtagctttaacttttctgactccacgtaagctgaggaa",0,0,0,0,0,0,0,0,0,0,0,0,0,0,0,0,0,4,0,0,0,0,0,0,0,0,0,0,0,0,0,0,0,0,0,0,0,0,0,0,0
"214",214,"div1_000074340","Dicentrarchus labrax","Dicentrarchus","Perciformes","Actinopterygii",1,"species","threecon",3,"gcggctaaacgggaggctcaagttaatagacaccggcgtaaagcgtggttaatggcccaacttttacactaaagccgaacgctatcagagcagtgatacgcaccgaaagtaagaagatcaattacgaaagtagctttatttaaacctgaccccacgaaagctaaggca",0,0,0,0,0,0,0,0,0,0,0,0,0,0,0,0,0,0,0,0,0,0,0,0,0,0,0,0,0,3,0,0,0,0,0,0,0,0,0,0,0
"219",219,"div1_000075900","Gobiusculus flavescens","Gobiusculus","Perciformes","Actinopterygii",1,"species","twocon",3,"ggttatacgagaggcccaagttgacggatgccggcgtaaaatgtggttaatttacagtattacactaaagcaaaacaccttctaagctgttatatgctctcgaagacaggaggcccctttacgaaagtagctttaagcaatatgaccccacgaaagctagggaa",0,0,0,0,0,0,0,0,0,0,0,0,0,0,0,0,0,3,0,0,0,0,0,0,0,0,0,0,0,0,0,0,0,0,0,0,0,0,0,0,0
"221",221,"div1_000076381","Dicentrarchus labrax","Dicentrarchus","Perciformes","Actinopterygii",1,"species","threecon",3,"gcggttaaacgggaggctcaagttgatagacaccggcgtaaggcgtggttaagggcccaacttttacactaaagccgaacgctatcagagcagtgatacgcaccggaagtaagaagatcgattacgaaagtagctttatttaaacctgaccccacgaaagctaaggca",0,0,0,0,0,0,0,0,0,0,0,0,0,0,0,0,0,0,0,0,0,0,0,0,0,0,0,0,0,3,0,0,0,0,0,0,0,0,0,0,0
"222",222,"div1_000076568","Dicentrarchus labrax","Dicentrarchus","Perciformes","Actinopterygii",1,"species","threecon",3,"gcggttgaacgggaggctcaagttgatagacaccggcgtaaagcgtggttaagggcccaacttttacactaaagccgaacgctatcatagcagtaatacgcaccgaaagtaagaagatcaattacgaaagtagctttatttaaacctgaccccacgaaagctaaggca",0,0,0,0,0,0,0,0,0,0,0,0,0,0,0,0,0,0,0,0,0,0,0,0,0,0,0,0,0,3,0,0,0,0,0,0,0,0,0,0,0
"223",223,"div1_000077107","Ammodytes","Ammodytes","Uranoscopiformes","Actinopterygii",0.987878787878788,"genus","ecotag",24,"gcggttatacgagaggcccaagctgatagaccccggcgtaaagagtggttaaggtaaacttaaaactaaagccgaacaccctcacagctgttatacgcacccgagagtaagaagcccaactacgaaagtggctttacaacccctgaacccacgaaagctaagacc",0,0,0,0,0,0,0,0,0,0,0,0,0,0,0,0,0,0,0,0,0,0,11,0,0,0,13,0,0,0,0,0,0,0,0,0,0,0,0,0,0
"224",224,"div1_000077221","Pomatoschistus minutus","Pomatoschistus","Perciformes","Actinopterygii",0.99,"species","threecon",5,"gcggttatacgagaggcccaagttgatggatgccggcgtaaaatgtggttaatttacagtattacactaaagcagaacaccttctaagctgttatatgctctcgaagacaggaggcccttttacgaaagtagctttaaatggtatgaccccacgaaagccataaaa",0,0,0,0,0,0,0,0,0,0,0,0,0,0,0,0,0,0,0,0,0,0,0,0,0,0,5,0,0,0,0,0,0,0,0,0,0,0,0,0,0
"225",225,"div1_000077225","Homo sapiens","Homo","Primates","Mammalia",0.98204,"species","human_assign",3,"gcggtcacacgattaacccaagtcaatagaagccggcgtaaagagtgttttagatcaccccctccccaataaagctaagactcacctgagttgtaaaaaactccagttgatacaaaatagactacgaaagtggctttgacatatctgaacacacaatagctaagacc",0,0,0,0,0,0,0,0,0,0,0,0,0,0,0,0,0,0,0,0,0,0,0,0,0,0,0,0,0,0,0,3,0,0,0,0,0,0,0,0,0
"226",226,"div1_000078202","Homo sapiens","Homo","Primates","Mammalia",0.98204,"species","human_assign",3,"gcggtcacacgattaacccaagtcaatagaagcctgcgtaaagagtgttttagatcacccctccccaataaagctaaaactcacctgagttgtaaaaaactccagttgacacaaaatagactacgaaagtagctttaacatatctgaacacacaatagctaagacc",0,0,3,0,0,0,0,0,0,0,0,0,0,0,0,0,0,0,0,0,0,0,0,0,0,0,0,0,0,0,0,0,0,0,0,0,0,0,0,0,0
"228",228,"div1_000079018","Dicentrarchus labrax","Dicentrarchus","Perciformes","Actinopterygii",1,"species","threecon",4,"gcggttaaacgggaggctcaggttgatagacaccggcgtaaagcgtggttaagggcccagcttttacactaaagccgaacgctatcagagcagtgatacgcaccgaaagtaagaagattaattacgaaagtagctttatttaaacctgaccccacgaaagctaaggca",0,0,0,0,0,0,0,0,0,0,0,0,0,0,0,0,0,0,0,0,0,0,0,0,0,0,0,0,0,4,0,0,0,0,0,0,0,0,0,0,0
"229",229,"div1_000079504","Atherina boyeri","Atherina","Atheriniformes","Actinopterygii",1,"species","twocon",6,"gcggttatacgaggcccaagttgatatccgccggcgtaaagagtggttaagagaacccaatactaaagccgaacactctcaaagctattatatgcacccgagagcaagaagccctctcacgaaagtagctttaacttttctgactccacgtaagctgaggga",0,0,0,0,0,0,0,0,0,0,0,0,0,6,0,0,0,0,0,0,0,0,0,0,0,0,0,0,0,0,0,0,0,0,0,0,0,0,0,0,0
"231",231,"div1_000080156","Symphodus melops","Symphodus","Perciformes","Actinopterygii",1,"species","twocon",3,"gcggttatacgagaggcccaagttggtaaataccggcgtaaagagtggttagagaagaaactaaactaaagccaaacgccttcagagctgttatacgcttacgaatagcagagacacaaccacgtaagtggctttacttaacctgaccccacgaaagctagggca",0,0,0,0,0,0,0,0,0,0,0,0,0,0,0,0,0,0,0,0,0,0,0,0,0,0,0,3,0,0,0,0,0,0,0,0,0,0,0,0,0
"232",232,"div1_000080327","Homo sapiens","Homo","Primates","Mammalia",0.98204,"species","human_assign",3,"gcggtcacacgattaacccaagtcaatagaagccggcgtaaagagtgttttagatcaccccctccccaataaagctaaaactcacctgagttgtaaaaaactccagttgatacaaaatagactacgaaagcggctttaacatatctgaacacacaatagttaagacc",0,0,0,0,0,0,0,0,0,0,0,0,0,0,0,0,0,0,0,0,0,0,0,0,0,0,3,0,0,0,0,0,0,0,0,0,0,0,0,0,0
"233",233,"div1_000080464","Atherina boyeri","Atherina","Atheriniformes","Actinopterygii",1,"species","twocon",3,"gcggttatacgagaggcccaagttgatatccgccggcgtaaagagtggttaagagaacccaatactaaagccgaacactctcaaagctgttatatgcacccgagagcaagaagccctctaacgaaagtagctttaacttttatgactccacgcaagctgaggga",0,0,0,0,0,0,0,0,0,0,0,0,0,3,0,0,0,0,0,0,0,0,0,0,0,0,0,0,0,0,0,0,0,0,0,0,0,0,0,0,0
"235",235,"div1_000081338","Ammodytes","Ammodytes","Uranoscopiformes","Actinopterygii",0.981818181818182,"genus","ecotag",3,"gcggttatacgagaggcccaagctgatagaccccggcgtaaagagtggttaaggtaaacttaaaactaaagccgaacaccctcacagctgctatacgcacccgagagtaagaagcccaactacgaaagtggctttacagcccctggacccacgaaagctatgaca",0,0,0,0,0,0,0,0,0,0,0,0,0,0,0,0,0,0,0,0,0,0,3,0,0,0,0,0,0,0,0,0,0,0,0,0,0,0,0,0,0
"236",236,"div1_000081681","Taurulus bubalis","Taurulus","Scorpaeniformes","Actinopterygii",1,"species","threecon",3,"gctgttatacgagaggcccaagttgacaaacaccggcgtaaagcgtggttatggaaaactcacactaaagccaaacatcttctaggctgttatacgcagctgaagataggaagttcaaccacgaaagtggctttaccagacctgaatccacgaaggctaaggaa",0,0,0,0,0,0,0,0,0,0,0,0,0,0,0,0,0,0,0,0,0,0,3,0,0,0,0,0,0,0,0,0,0,0,0,0,0,0,0,0,0
"239",239,"div1_000085588","Homo sapiens","Homo","Primates","Mammalia",0.98204,"species","human_assign",3,"gcggtcacacgattaacccaagtcaatagaagccggcgtaaagagtgttttagatcaccccctcccaataaagctgaaactcaccttagttgtaaaaaactccagttgacacaaaatagactacgaaagtggctttaacatatctgaacacacaatagctaagacc",0,0,0,0,0,0,0,0,0,0,0,0,0,0,0,0,0,0,0,0,0,0,0,0,0,0,0,0,0,0,0,3,0,0,0,0,0,0,0,0,0
"241",241,"div1_000085952","Atherina boyeri","Atherina","Atheriniformes","Actinopterygii",1,"species","twocon",4,"gcggtgagacgagaggctcaagttgatatccgccggcgtaaagagtggttaagagaacccaatactaaagccgaacactctcaaagctgttatatgcacccgagagcaagaagccctctcacgaaagtagctttaacttttctgactccacgtaagctgaggga",0,0,0,0,0,0,0,0,0,0,0,0,0,4,0,0,0,0,0,0,0,0,0,0,0,0,0,0,0,0,0,0,0,0,0,0,0,0,0,0,0
"242",242,"div1_000086001","Symphodus melops","Symphodus","Perciformes","Actinopterygii",1,"species","twocon",4,"gcggttatacgagaggcccaagttgataaataccggcgtaaagagtggttagagaagaaactagactaaagccaaacgccttcagagctgttatacgcttacgaagggcagagacacgaccacgaaagtggctttacttaacctgaccccacgaaagctagggca",0,0,0,0,0,0,0,0,0,0,0,0,4,0,0,0,0,0,0,0,0,0,0,0,0,0,0,0,0,0,0,0,0,0,0,0,0,0,0,0,0
"244",244,"div1_000086823","Atherina boyeri","Atherina","Atheriniformes","Actinopterygii",1,"species","twocon",4,"gcggttatacgagaggcccaagttgatatccgccggcgtaaagagtggttaagagaacccaatactaaagccgaacactctcaaagctgttatatgcacccgagagcaagaagccctctcacgaaagtagctttaacttttctgactccacgaaagctagggca",0,0,0,0,0,0,0,0,0,0,0,0,0,4,0,0,0,0,0,0,0,0,0,0,0,0,0,0,0,0,0,0,0,0,0,0,0,0,0,0,0
"246",246,"div1_000087422","Ammodytes","Ammodytes","Perciformes","Actinopterygii",0.981818181818182,"genus","threecon",4,"gcggatatacgggaggcccaagctgatagaccccggcgtaaagagtggttaagataaacttaaaactaaagccgaacaccctcacagctgttatacgcacccgagagtaagaagcccaactacgaaagtggctttacaacccctgaactcacgaaagctatgaca",0,0,0,0,0,0,0,0,0,0,0,0,0,0,0,0,0,0,0,0,0,0,4,0,0,0,0,0,0,0,0,0,0,0,0,0,0,0,0,0,0
"247",247,"div1_000089239","Atherina boyeri","Atherina","Atheriniformes","Actinopterygii",1,"species","twocon",3,"gcggttatacgagaggcccaagttgatgcccgccggcgtaaagagtggttaagagaacccaatactaaagccgaacactctcaaagctgttatatgcacccgagagcaagaagccctctcacgaaagtagctttaacttttctgactcacgtaagctgaggga",0,0,0,0,0,0,0,0,0,0,0,0,0,3,0,0,0,0,0,0,0,0,0,0,0,0,0,0,0,0,0,0,0,0,0,0,0,0,0,0,0
"251",251,"div1_000092803","Symphodus melops","Symphodus","Perciformes","Actinopterygii",1,"species","twocon",3,"gcggttatacgagaggcccaagtcgatagataccggcgtaaagagtggttagagaagaaactaaactaaagccaaacgccttcagagctgttatacgcttacgaagagcagagacacaaccacaaaagtggctttacttaacctgaccccacgaaggctagggca",0,0,0,0,0,0,0,0,0,0,0,0,0,0,0,0,0,0,3,0,0,0,0,0,0,0,0,0,0,0,0,0,0,0,0,0,0,0,0,0,0
"252",252,"div1_000093564","Dicentrarchus labrax","Dicentrarchus","Perciformes","Actinopterygii",1,"species","threecon",4,"gcggttaaacgggaggctcaagttgatagacaccggcgtaaagcgtggttaagggcccaacttttacactaaggccgaacgctaccatagcagtgatacgcaccgaaagtaagaagatcaattacgaaagtagctttatttaaacctgaccccacgaaagctaatgca",0,0,0,0,0,0,0,0,0,0,0,0,0,0,0,0,0,0,0,0,0,0,0,0,0,0,0,0,0,4,0,0,0,0,0,0,0,0,0,0,0
"254",254,"div1_000094175","Symphodus bailloni","Symphodus","Perciformes","Actinopterygii",0.99,"species","twocon",3,"gcggttatacgtgaggcccaagttgataaacatcggcgtaaagggtggctaggagaaaaaacgaaactaaagccaaacgccttcagagctgttatacgcccacgaagagcagagacacaaccacgagagtggctttacttaacctgaccccacgaaagctagggca",0,0,0,0,0,0,0,0,0,0,0,0,0,0,0,0,0,0,3,0,0,0,0,0,0,0,0,0,0,0,0,0,0,0,0,0,0,0,0,0,0
"255",255,"div1_000094485","Ammodytes","Ammodytes","Perciformes","Actinopterygii",0.981818181818182,"genus","threecon",3,"gcggttatacgagaggcccaagctgatagactccggcgtaaagagtggttaagataaacttaaaactaaagccgaacaccctcacagctgttatacgcacccgagagtaagaagcccaactacgaaagtggctttacaacccctgaacccacgaaagctaagacc",0,0,0,0,0,0,0,0,0,0,0,0,0,0,0,0,0,0,0,0,0,0,0,0,0,0,3,0,0,0,0,0,0,0,0,0,0,0,0,0,0
"256",256,"div1_000094805","Symphodus bailloni","Symphodus","Perciformes","Actinopterygii",1,"species","twocon",3,"gcggttatacgtgaggcccaagttggtaaacatcggcgtaaagggtggttaggagaaaaaacgaaactaagccaaacgccttcagagctgttatacgcccacgaagagcagagacacaaccacgaaagtggctttatttgatctgaccccacgaaagctagtgca",0,0,0,0,0,0,0,0,0,0,0,0,0,0,0,0,0,0,0,0,3,0,0,0,0,0,0,0,0,0,0,0,0,0,0,0,0,0,0,0,0
"257",257,"div1_000095012","Atherina boyeri","Atherina","Atheriniformes","Actinopterygii",1,"species","twocon",3,"gcggttatacgagaggcccaagttgatatccgccggcgtaaagagtggttaagagaacccaatactaaagccgaacactctcaaagctgttatatgcacacgagagcaagaagccctctcacgaaagtagctttaacttttctggctccgcgcaagctgaggga",0,0,0,0,0,0,0,0,0,0,0,0,0,3,0,0,0,0,0,0,0,0,0,0,0,0,0,0,0,0,0,0,0,0,0,0,0,0,0,0,0
"258",258,"div1_000095217","Taurulus bubalis","Taurulus","Scorpaeniformes","Actinopterygii",1,"species","threecon",3,"gcggttatacgagaggcccaagttgacaaacaccggcgtaaagcgtggttagggaaaactcttactaaagccaaacatcttccaggctgttatacgctactgaagataggaagttcaaccacgaaagtggctttaccagacctgaatccacgaaagctaaggaa",0,0,0,0,0,0,0,0,0,0,0,0,0,0,0,0,0,0,0,0,0,0,3,0,0,0,0,0,0,0,0,0,0,0,0,0,0,0,0,0,0
"259",259,"div1_000095249","Atherina boyeri","Atherina","Atheriniformes","Actinopterygii",1,"species","twocon",3,"gcggttatacgagaggcccaagttgatatccgccggcgtaaagagtggttaagaggacccaatactaaagccgaacactctcaaagctgttatatgaaccagagagcaagaagcactctcacgaaagtagctttaacttttctgactccacgtaagctgaggga",0,0,0,0,0,0,0,0,0,0,0,0,0,3,0,0,0,0,0,0,0,0,0,0,0,0,0,0,0,0,0,0,0,0,0,0,0,0,0,0,0
"261",261,"div1_000095340","Atherina boyeri","Atherina","Atheriniformes","Actinopterygii",1,"species","twocon",3,"gcggttatacgagaggcccaagttgatatccgccggcgtaaagagtggttaagagaaccctatactaaagccgaacactctcaaagctgttatatgtacccgagagcaagaagccctctcacgaaagtagctttaacttttctgactccacgtaagctgatgga",0,0,0,0,0,0,0,0,0,0,0,0,0,3,0,0,0,0,0,0,0,0,0,0,0,0,0,0,0,0,0,0,0,0,0,0,0,0,0,0,0
"262",262,"div1_000095548","Atherina boyeri","Atherina","Atheriniformes","Actinopterygii",1,"species","twocon",3,"gcggttatacgagaggcccaagttgatatccgccggcgtagagagtggttaagagaacccaatactaaagccgaacactctcaaagctgttatatgcaccagagagcaagaagccctctcacgaaagtagctttaacttttctgactccacgtagctgaggga",0,0,0,0,0,0,0,0,0,0,0,0,0,3,0,0,0,0,0,0,0,0,0,0,0,0,0,0,0,0,0,0,0,0,0,0,0,0,0,0,0
"264",264,"div1_000096399","Salmo salar","Salmo","Salmoniformes","Actinopterygii",1,"species","twocon",4,"gcggttatacgagaggccctagttgataactacaggcgtaaagagtggttacggaaaaatatttaataaagccgaacaccccctcagccgtcatacgcacctgggggcacgaagatctaccacgaaagcagctttagttatacctgaacccacgacagctacgaca",0,0,0,0,0,0,0,0,0,0,0,0,4,0,0,0,0,0,0,0,0,0,0,0,0,0,0,0,0,0,0,0,0,0,0,0,0,0,0,0,0
"265",265,"div1_000096739","Atherina boyeri","Atherina","Atheriniformes","Actinopterygii",1,"species","twocon",3,"gctgttatacgagaggcccaagttggtatccgccggcgtaaagagtggttaagagaacccaatactaaagccgaacactctcaaagctgttatatgcacccgagagcaggaagccctctcacgaaagtagctttaacttttctgactccacgtaagctgaggaa",0,0,0,0,0,0,0,0,0,0,0,0,0,0,0,0,0,3,0,0,0,0,0,0,0,0,0,0,0,0,0,0,0,0,0,0,0,0,0,0,0
"266",266,"div1_000096927","Lipophrys pholis","Lipophrys","Perciformes","Actinopterygii",1,"species","twocon",3,"gcggttatacgggtggcccaagctgacagcccttcggcgtaaagcgtggttaatagccctattatactaaagccgaatgccccctaagctgtaatacgctcttgggtgctagaagccctattactaaagtagctttatagtattgaacccacgaaagctagggta",0,0,0,0,0,0,0,0,0,0,0,0,0,3,0,0,0,0,0,0,0,0,0,0,0,0,0,0,0,0,0,0,0,0,0,0,0,0,0,0,0
"267",267,"div1_000097580","Taurulus bubalis","Taurulus","Scorpaeniformes","Actinopterygii",1,"species","threecon",3,"gcggttatacgagaggcccaagttgacaaacaccggcgtaaagcgtggttagggaaaactcacactaaagccagacatcttccaggctgttatacgcaactgaagatgggaagttcaaccacgaaagtggctttaccagacctgaatccacgaaagcaaaggaa",0,0,0,0,0,0,0,0,0,0,0,0,0,0,0,0,0,0,0,0,0,0,0,0,0,0,3,0,0,0,0,0,0,0,0,0,0,0,0,0,0
"268",268,"div1_000097806","Dicentrarchus labrax","Dicentrarchus","Perciformes","Actinopterygii",1,"species","threecon",3,"gcggttatacgggaggctcaagttgatagacaccggcgtaaagcgtggttaatggcccaacttttacactaaagccgaacgctatcagagcagtgatacgcaccgaaggtaagaagatcaattacgaaagtggctttatttaaacctgaccccacgaaagctaaggca",0,0,0,0,0,0,0,0,0,0,0,0,0,0,0,0,0,0,0,0,0,0,0,0,0,0,3,0,0,0,0,0,0,0,0,0,0,0,0,0,0
"269",269,"div1_000098067","Labrus bergylta","Labrus","Perciformes","Actinopterygii",1,"species","twocon",3,"gcagttatacgaaagacccaagttgataatcaccagcgtaaagagtggttatgataaacccccaaactaaagccgaacatcttcaaagctgttatacgcacacgaagaaaagaaacccaaccacgaaagtggctttataatatctgaccccacgaaagctatgtca",0,0,0,0,0,0,0,0,0,0,0,0,0,3,0,0,0,0,0,0,0,0,0,0,0,0,0,0,0,0,0,0,0,0,0,0,0,0,0,0,0
"270",270,"div1_000098397","Dicentrarchus labrax","Dicentrarchus","Perciformes","Actinopterygii",1,"species","threecon",3,"gcggttaaacgggaggctcaagttgatagacaccggcgtaaagcgtggttaagggcccaacttttacactaaagcagaacgctatcagagcagtgatacgcaccgaaagtaagaagaccaattacgaaagtagctttatttaaacctggccccacgaaagctaaggca",0,0,0,0,0,0,0,0,0,0,0,0,0,0,0,0,0,0,0,0,0,0,0,0,0,0,0,0,0,3,0,0,0,0,0,0,0,0,0,0,0
"271",271,"div1_000098412","Atherina boyeri","Atherina","Atheriniformes","Actinopterygii",1,"species","twocon",3,"gcggttatacgagaggcccaagttgatatccgccggcgtaaagagttgttaagagaacccaatactaaagctgaacactctcaaagctgttatatgcacccgagagcaagaagccctctcacgaaagtagctttaacttttctgaccccacgtaagctgaggga",0,0,0,0,0,0,0,0,0,0,0,0,0,3,0,0,0,0,0,0,0,0,0,0,0,0,0,0,0,0,0,0,0,0,0,0,0,0,0,0,0
"272",272,"div1_000098850","Ammodytes","Ammodytes","Perciformes","Actinopterygii",0.981818181818182,"genus","threecon",6,"acggttatacgagaggcccaagctgatagaccccggcgtaaagagtggtagggtaaacttaaaactaaagccgaacaccctcacagctgttatacgcacccgagagtaagaagcccaactacgaaagtggctttacaacccctgaacccacgaaagctatgaca",0,0,0,0,0,0,0,0,0,0,0,0,0,0,0,0,0,6,0,0,0,0,0,0,0,0,0,0,0,0,0,0,0,0,0,0,0,0,0,0,0
"274",274,"div1_000100195","Atherina boyeri","Atherina","Atheriniformes","Actinopterygii",1,"species","twocon",4,"gcggttatacgggaggcccaagttgatatccgccggcgtaaagagtggttaagagaacccaatactaaagccggacgctctcaaagctgttatatgcacccgagagcaagaagccctctcacgaaagtagctttaacttttctgactccacgtaagctgaggga",0,0,0,0,0,0,0,0,0,0,0,0,0,4,0,0,0,0,0,0,0,0,0,0,0,0,0,0,0,0,0,0,0,0,0,0,0,0,0,0,0
"275",275,"div1_000100295","Dicentrarchus labrax","Dicentrarchus","Perciformes","Actinopterygii",1,"species","threecon",3,"ggttaaacgggaggctcaagttgatagacaccggcgtaaagcgtggttaagggcccaacttttacactaaagccgaacgccatcggagcagtgatacgcaccgaaagtaagaagatcaattacgaaagtagctttatttaaacctgaccccacgaaagctaaggca",0,0,0,0,0,0,0,0,0,0,0,0,0,0,0,0,0,0,0,0,0,0,0,0,0,0,0,0,0,3,0,0,0,0,0,0,0,0,0,0,0
"276",276,"div1_000100929","Atherina boyeri","Atherina","Atheriniformes","Actinopterygii",1,"species","twocon",3,"gaggttatacgagaggcccaagttgatatccgccggcgtaaagagtggttaagagaacccaatactaaagccgaacactatcaaagctgtcatatgcacccgagagcaagaagccctctcacgaaagtagctttaacttttctgactccacgtaagctgaggga",0,0,0,0,0,0,0,0,0,0,0,0,0,3,0,0,0,0,0,0,0,0,0,0,0,0,0,0,0,0,0,0,0,0,0,0,0,0,0,0,0
"277",277,"div1_000101623","Atherina boyeri","Atherina","Atheriniformes","Actinopterygii",1,"species","twocon",3,"gcggttatacgagaggcccaagttgatatccgccggcgtaaagagtggttaagagaaccaaataccaaagccgaacactctcaaagctgttatatgcacccgagagcaagaagccctctcacgaaagtagctttaacctttctgactccacgtaagctgaggga",0,0,0,0,0,0,0,0,0,0,0,0,0,3,0,0,0,0,0,0,0,0,0,0,0,0,0,0,0,0,0,0,0,0,0,0,0,0,0,0,0
"278",278,"div1_000102110","Pomatoschistus microps","Pomatoschistus","Perciformes","Actinopterygii",1,"species","threecon",4,"ggttatacgagaggcccaagttgatggatgccggcgtaaaatgtgcttaatttacagtattacactaaagcgaaacaccttctaagctgttatatgctttcgaaggcaggagcccctcttacgaaagtagctttaaacgatatgaccccacgaaagctagggaa",0,0,0,0,0,0,0,0,0,0,0,0,0,0,0,0,0,0,0,0,0,0,0,0,0,0,4,0,0,0,0,0,0,0,0,0,0,0,0,0,0
"279",279,"div1_000102476","Taurulus bubalis","Taurulus","Scorpaeniformes","Actinopterygii",1,"species","threecon",3,"gcggttatacgagaggcccaagttgacaaacaccggcgtaaatcgtggttagggaaaactcacactaaagccaaacatcttccaggctgttatacgcaactgaagataggaagttcaaccacgaaagtggctttaccagacctgaatccacgaaagctaatgag",0,0,0,0,0,0,0,0,0,0,0,0,0,0,0,0,0,0,0,0,0,0,3,0,0,0,0,0,0,0,0,0,0,0,0,0,0,0,0,0,0
"281",281,"div1_000103031","Dicentrarchus labrax","Dicentrarchus","Perciformes","Actinopterygii",1,"species","threecon",3,"gcggttaaacgggaggctcaagttgatagacaccggcgtaaagcgtggttaagggcccaacttttacactaaagccgaacgctatcagagcagtgatacgcaccgaaagtaagaagatcaattacgaaagcagctttatttaagcctgaccccacggaagctaaggca",0,0,0,0,0,0,0,0,0,0,0,0,0,0,0,0,0,0,0,0,0,0,0,0,0,0,3,0,0,0,0,0,0,0,0,0,0,0,0,0,0
"282",282,"div1_000103535","Dicentrarchus labrax","Dicentrarchus","Perciformes","Actinopterygii",1,"species","threecon",3,"gcggttaaacgggaggctcaagttgatagacaccggcgtaaagcgtggttaagggcccaacttttacactaaagccgaacgctataagagcagtgatacgcaccgaaagtaagaagatcaattacggaagtagctttatttaaacccgaccccacgaaagctaaggca",0,0,0,0,0,0,0,0,0,0,0,0,0,0,0,0,0,0,0,0,0,0,0,0,0,0,0,0,0,3,0,0,0,0,0,0,0,0,0,0,0
"284",284,"div1_000104589","Dicentrarchus labrax","Dicentrarchus","Perciformes","Actinopterygii",1,"species","threecon",4,"gcggttaaactggaggcccaagttgatagacaccggcgtaaagcgtggttaagggcccaacttttacactaaagccgaacgctatcagaccagtgatacgcaccgaaagtaagaagatcaattacgaaagtagctttatttaaaccttaccccacgaaagctaatgca",0,0,0,0,0,0,0,0,0,0,0,0,0,0,0,0,0,0,0,0,0,0,4,0,0,0,0,0,0,0,0,0,0,0,0,0,0,0,0,0,0
"285",285,"div1_000105019","Mola mola","Mola","Tetraodontiformes","Actinopterygii",1,"species","threecon",3,"gcggttatacgaggggcccaagttgttagtcctcggcgtaaagagtggttaggaacagcccaaatactaaagcaaaacaccttcaaagctgttatacgctctcgaagacaagaagttcaacaacgaaagtggctttaaattttccgaacccacgaaagctatggta",0,0,0,0,0,0,0,0,0,0,0,0,0,3,0,0,0,0,0,0,0,0,0,0,0,0,0,0,0,0,0,0,0,0,0,0,0,0,0,0,0
"287",287,"div1_000106230","Symphodus melops","Symphodus","Perciformes","Actinopterygii",1,"species","twocon",3,"gcggttatacgagaggcccaagttgataaataccggcgtaaagagtggttagagaagaaactaaactaaagccaaacgccttcagagctgttatacgcttgcgaagagcagagacacaaccacgaaagtggctttacttaacctgacccaacgaaagctagggc",0,0,0,0,0,0,0,0,0,0,0,0,0,0,0,0,0,0,0,0,0,0,0,0,0,0,3,0,0,0,0,0,0,0,0,0,0,0,0,0,0
"289",289,"div1_000107023","Dicentrarchus labrax","Dicentrarchus","Perciformes","Actinopterygii",1,"species","threecon",3,"gcggttaaacggggggcccaagttgatagacaccggcgtaaagcgtggttaagggcacaacttttacactaaagccgaacgctatcagagcagtgatacgcaccaaaagtaagaagataaattacgaaagtagctttatttaaacctgaccccacgaaagctaaggca",0,0,0,0,0,0,0,0,0,0,0,0,0,0,0,0,0,0,0,0,0,0,0,0,0,0,0,0,0,3,0,0,0,0,0,0,0,0,0,0,0
"290",290,"div1_000107214","Atherina boyeri","Atherina","Atheriniformes","Actinopterygii",1,"species","twocon",3,"gcggttatacgaggggcccaagttgatatccgccggcgtaaagagtggttaagagaacccaatactaaagccgaacactatcaaagctgttatatgcacccgagagcaagaagccctctcacgaaagtagcttcaacttttctgactccacgtaagctgaggga",0,0,0,0,0,0,0,0,0,0,0,0,0,3,0,0,0,0,0,0,0,0,0,0,0,0,0,0,0,0,0,0,0,0,0,0,0,0,0,0,0
"291",291,"div1_000107326","Atherina boyeri","Atherina","Atheriniformes","Actinopterygii",1,"species","twocon",3,"gcggttatacgagaggcccaagttgatatccgccagcgtaaagagtggttaagagaacccaatactaaagccgaacactctcaaagctgttatatgcacccgagagcaaggagccctctcacgaaagtagctttaacttctctgactccacgtaagctgaggga",0,0,0,0,0,0,0,0,0,0,0,0,0,3,0,0,0,0,0,0,0,0,0,0,0,0,0,0,0,0,0,0,0,0,0,0,0,0,0,0,0
"293",293,"div1_000108520","Pomatoschistus minutus","Pomatoschistus","Perciformes","Actinopterygii",0.99,"species","threecon",3,"gcggttatacgagaggccaaagttgatggatgccggcgtaaaatgtggttaatttacagtattacactaaagcaaaacacattctaagctgttatatgctctcgaagacaggaggccattttacgaaagtagctttaaatggtatgaccccacgaaagctaggaaa",0,0,0,0,0,0,0,0,0,0,0,0,0,0,0,0,0,0,0,0,0,0,0,0,0,0,3,0,0,0,0,0,0,0,0,0,0,0,0,0,0
"294",294,"div1_000108758","Chelon auratus","Chelon","Mugiliformes","Actinopterygii",1,"species","twocon",3,"gcggttatacgagaggcccaagctgacagccccaggcgtaaagagtggttaagttaaccccaatatgactaaagtagaacgcccccaagaccgttatacatgctcggaggtatgaagcccaactacgaaagtggctttaaaatgcctgaccccacgaaagctgtgaaa",0,0,0,0,0,0,0,0,0,0,0,0,0,0,0,0,0,0,0,0,0,0,0,0,0,0,0,0,3,0,0,0,0,0,0,0,0,0,0,0,0
"295",295,"div1_000109446","Gobiusculus flavescens","Gobiusculus","Perciformes","Actinopterygii",1,"species","twocon",3,"gcggttatacgagaggcccaagttgacggatgccggcgtaaaatgtggttaatttacagtattacactaaagcaaaacaccttctaagctgttatatgctctcgaagacaggaggcccctttacgaaagtagctttaagcaatatgaccccacgaaagctgtgaaa",0,0,0,0,0,0,0,0,0,0,0,0,0,0,0,0,0,3,0,0,0,0,0,0,0,0,0,0,0,0,0,0,0,0,0,0,0,0,0,0,0
"296",296,"div1_000109919","Atherina boyeri","Atherina","Atheriniformes","Actinopterygii",1,"species","twocon",3,"gcggttatacgagaggccctagttgatatccgccggcgtaaagagtggttaagagaacctaatactaaagccgaacactctcaaagctgttatatgcacccgagagcaagaagccctctcacgaaagtagctttaacttttctgactccacgtaggctgaggga",0,0,0,0,0,0,0,0,0,0,0,0,0,3,0,0,0,0,0,0,0,0,0,0,0,0,0,0,0,0,0,0,0,0,0,0,0,0,0,0,0
"298",298,"div1_000110880","Salmo salar","Salmo","Salmoniformes","Actinopterygii",1,"species","twocon",3,"gcggttatacgagaggcactagttgataactaccggcgtaaagagtggttacggaaaaatatttaataaagccgaacaccccctcagcagtcatacgcacctgggggcgcgaagatctactacgaaagcagctttaattatacctgaacccacgacagcttcgaca",0,0,0,0,0,0,0,0,0,0,0,0,3,0,0,0,0,0,0,0,0,0,0,0,0,0,0,0,0,0,0,0,0,0,0,0,0,0,0,0,0
"299",299,"div1_000111034","Chelon auratus","Chelon","Mugiliformes","Actinopterygii",1,"species","threecon",5,"gcggttatacgagaggcccaagctgacagcccccggcgtaaagagtggttaagttaaccccaatattactaaagtcgaacgcccccaagaccgttatacgtgctcggaggtatgaagcccaactacgaaagtggctttaaaatgcctgaccccacgaaagctaggaaa",0,0,0,0,0,0,0,0,0,0,0,0,0,0,0,0,0,0,0,0,0,0,0,0,0,0,5,0,0,0,0,0,0,0,0,0,0,0,0,0,0
"300",300,"div1_000111728","Homo sapiens","Homo","Primates","Mammalia",0.9881,"species","human_assign",3,"gcggtcacacgattaacccaagtcaatagaagccggcgtaaagagtgttttagatcaccccctccccaataaagctaaaactcacctgagttgtaaaaaaactccagttgacacaaaatagactacgaaagtggctttaacatacctgaacacaccatagctaagacc",0,0,0,0,0,0,0,0,0,0,0,0,0,3,0,0,0,0,0,0,0,0,0,0,0,0,0,0,0,0,0,0,0,0,0,0,0,0,0,0,0
"303",303,"div1_000113882","Dicentrarchus labrax","Dicentrarchus","Perciformes","Actinopterygii",1,"species","threecon",3,"gcggttaaacgtgaggctcaggttgatagacaccggcgtaaagtgtggttaagggcccaacttttacactaaagccgaacgctatcagagcagtgatacgcaccgaaagtaagaagatcaattacgaaagtagctttatttaaacctgaccccacgaaagctaaggca",0,0,0,0,0,0,0,0,0,0,0,0,0,0,0,0,0,0,0,0,0,0,0,0,0,0,3,0,0,0,0,0,0,0,0,0,0,0,0,0,0
"304",304,"div1_000113988","Taurulus bubalis","Taurulus","Scorpaeniformes","Actinopterygii",1,"species","threecon",3,"gctgttatactagaggcccaagttgacaaacaccggcgtaaagcgtggttagggaaaactcacactaaagccaaacatcttccaggctgttatacgcaactgaagataggaagttcaaccacgaaagttgctttaccagacctgaatctacgaaagctaaggaa",0,0,0,0,0,0,0,0,0,0,0,0,0,0,0,0,0,0,0,0,0,0,3,0,0,0,0,0,0,0,0,0,0,0,0,0,0,0,0,0,0
"305",305,"div1_000114642","Taurulus bubalis","Taurulus","Scorpaeniformes","Actinopterygii",1,"species","threecon",3,"gcggttatatgagaggcccaagttgacaaacaccggcgtaaagcgtggttagggaaaactcatactaaagccaaacatcttccaggctgttatacgcaactgaagataggaagttcaaccacgaaagtggctttaccagacctgaatcaacgaaagctaaggaa",0,0,0,0,0,0,0,0,0,0,0,0,0,0,0,0,0,0,0,0,0,0,3,0,0,0,0,0,0,0,0,0,0,0,0,0,0,0,0,0,0
"308",308,"div1_000115834","Atherina boyeri","Atherina","Atheriniformes","Actinopterygii",1,"species","twocon",3,"gcggttatacgagaggcctaagttgatatccgccggcgtaaagagtggttaagagaacccaatactaaagccgaacactctcaaagctgtcatatgcacccgagagcatgaagccctctcacgaaagtagctttaacttttctgactccacgtaagctgaggga",0,0,0,0,0,0,0,0,0,0,0,0,0,3,0,0,0,0,0,0,0,0,0,0,0,0,0,0,0,0,0,0,0,0,0,0,0,0,0,0,0
"309",309,"div1_000115990","Chelon auratus","Chelon","Mugiliformes","Actinopterygii",1,"species","twocon",3,"gcggttatacgagaggcccaagctgacagcccccggcgtaaagagtggttaagttaaccccaatatgactaaagtcgaacgccccaaagaccgttatacgtgctcggaggtatgaagccaaactacgaaagtagctttaaaatgcatgaccccacgaaagctgtgaaa",0,0,0,0,0,0,0,0,0,0,0,0,0,0,0,0,0,0,0,0,0,0,0,0,0,0,0,0,3,0,0,0,0,0,0,0,0,0,0,0,0
"311",311,"div1_000116571","Ammodytes tobianus","Ammodytes","Perciformes","Actinopterygii",0.99,"species","twocon",3,"ggttatacgagaggcccgagctgatagaccccggcgtaaggagtggttagggtaaacttaaaactaaagccgaacaccctcacagctgttatacgcacccgagagcaagaagcccaactacgaaagtggctttacaacccctgaacccacgaaagctatgaca",0,0,0,0,0,0,0,0,0,0,0,0,0,0,0,0,0,0,3,0,0,0,0,0,0,0,0,0,0,0,0,0,0,0,0,0,0,0,0,0,0
"312",312,"div1_000116986","Atherina boyeri","Atherina","Atheriniformes","Actinopterygii",1,"species","twocon",3,"gcggttatacgagaggcccaagttgatatccgccggcgtaaagagtggttgagaacccaatactaaagccgaacactctcaaagctgttatatgcacccgggagcaagaagccctctcacgaaagtagctttaacttttctgactccacgtaagctgatgga",0,0,0,0,0,0,0,0,0,0,0,0,0,3,0,0,0,0,0,0,0,0,0,0,0,0,0,0,0,0,0,0,0,0,0,0,0,0,0,0,0
"314",314,"div1_000117269","Homo sapiens","Homo","Primates","Mammalia",0.98204,"species","human_assign",7,"gcggtcacacgattaacccaagtcaatagaagccggcgcaaagagtgttttagatcaccccctccccaataaagctaaaactcacctgagttgtgaaaaactccagttgacacaaaatagactacgaaagtggctttaacatatctgaatacacaatagctaagacc",0,0,0,0,0,0,0,0,0,0,0,0,0,0,0,0,0,0,0,0,0,0,0,0,0,0,0,0,0,0,0,7,0,0,0,0,0,0,0,0,0
"315",315,"div1_000117451","Homo sapiens","Homo","Primates","Mammalia",0.98193,"species","human_assign",4,"acggtcacacgattaaccaaagtcaatagaagccggcgtaaagagtgttttagatcacccccgccccaataaagctaaaactcacctgagttgtaaaaaactacagttgacacaaaatagactacgaaagtggctttaacatatctgaacacacaatagctaagacc",4,0,0,0,0,0,0,0,0,0,0,0,0,0,0,0,0,0,0,0,0,0,0,0,0,0,0,0,0,0,0,0,0,0,0,0,0,0,0,0,0
"316",316,"div1_000118101","Labrus bergylta","Labrus","Perciformes","Actinopterygii",1,"species","twocon",3,"gcggttatacgaaagacccaagttgttaatcaccggcgtaaagagtggttaagataaacccccaaactaaagccgaacatcttcaaagctgttatacgcacacgaagaaaagaaacccaaccacgaaagtggctttataatatctgaccccacgtaagctatgcca",0,0,0,0,0,0,0,0,0,0,0,0,0,0,0,0,0,0,0,0,0,0,0,0,0,0,3,0,0,0,0,0,0,0,0,0,0,0,0,0,0
"317",317,"div1_000119788","Pangasianodon hypophthalmus","Pangasianodon","Siluriformes","Actinopterygii",0.982248520710059,"species","ecotag",4,"gcggttatacgaaagaccccagatgataactacggcgtagagggtggttaagggatataaaaataaagctaaagactctctaagccgtcatacgcactccgagagcacgaaaccctgacacgaaagtagctttaaacaaacttcgcctgaccccacgaaagctaagaaa",0,0,0,0,0,0,0,0,0,0,0,0,0,0,0,0,0,0,0,0,0,0,0,0,0,0,0,0,0,0,0,0,0,4,0,0,0,0,0,0,0
"319",319,"div1_000120193","Dicentrarchus labrax","Dicentrarchus","Perciformes","Actinopterygii",1,"species","threecon",3,"gcggttaaacgggaggctcaggttgatagacaccggcgtaaagcgtggttaagggcccaactttcacactaaagccgaacgctatcagagcagttatacgcaccgaaagtaagaagatcaattacgaaagtagctttatttaaacctgacccacgaaagctaaggca",0,0,0,0,0,0,0,0,0,0,0,0,0,0,0,0,0,0,0,0,0,0,0,0,0,0,0,0,0,3,0,0,0,0,0,0,0,0,0,0,0
"320",320,"div1_000120551","Dicentrarchus labrax","Dicentrarchus","Perciformes","Actinopterygii",1,"species","threecon",3,"gcggttaaactggaggctcaagttgatagacactggcgtaaagcgtggttaagggcccgacttttacactaaagccgaacgctatcagagcagtgatacgcaccgaaagtaagaagatcaattacgaaagtagctttatttaaacctgaccccacgaaagctaaggca",0,0,0,0,0,0,0,0,0,0,0,0,0,0,0,0,0,0,0,0,0,0,0,0,0,0,0,0,0,3,0,0,0,0,0,0,0,0,0,0,0
"321",321,"div1_000120562","Labrus bergylta","Labrus","Perciformes","Actinopterygii",1,"species","twocon",3,"gcggttatacgaaagacccaagttgataatcaccggcgtaaagagtggttaagataaacccccaaactaaagccgaacatcttcaaagctgttatacgcacacgaagaaaagaaacccaaccacgaaagtggctttataatatctgaccccacgacagctacgaca",0,0,0,0,0,0,3,0,0,0,0,0,0,0,0,0,0,0,0,0,0,0,0,0,0,0,0,0,0,0,0,0,0,0,0,0,0,0,0,0,0
"322",322,"div1_000121618","Homo sapiens","Homo","Primates","Mammalia",0.98795,"species","human_assign",3,"acggtcacacgattaacccaagtcaatagaagccggcgtaaagagtgttttagatcaccccctccccaataaagctaaaattcacctgagttgtaaaaaactccagttgacacaaaatagactacgaaagtggctttaacatgtctgaacacacaatagctaagacc",0,0,0,0,0,0,0,0,0,0,0,0,0,3,0,0,0,0,0,0,0,0,0,0,0,0,0,0,0,0,0,0,0,0,0,0,0,0,0,0,0
"327",327,"div1_000122748","Symphodus bailloni","Symphodus","Perciformes","Actinopterygii",1,"species","twocon",3,"gcggttatacgtgaggcccaagttgataaacatcggcgtaaagggtggttaggagaaaaaacgaaactaaagccaaacgccttcatagctgttatacgcccacgaagagcagagacacaaccacgaaagtggctttattttatctgaccccactaaagctagggca",0,0,0,0,0,0,0,0,0,0,0,0,0,0,0,0,0,0,0,0,3,0,0,0,0,0,0,0,0,0,0,0,0,0,0,0,0,0,0,0,0
"328",328,"div1_000123083","Homo sapiens","Homo","Primates","Mammalia",0.98204,"species","human_assign",3,"gcggtcacacgattaacccaagtcaatagaagccggcgtaaagagcgttttagatcaccccctccccaataaagctaaaattcacctgagttgtgaaaaactccagttgacacaaaatagactacgaaagtggctttaacatatctgaacacacaatagctaagacc",0,0,0,0,0,0,0,0,0,0,0,0,0,0,0,0,0,0,0,0,0,0,0,0,0,0,3,0,0,0,0,0,0,0,0,0,0,0,0,0,0
"329",329,"div1_000123511","Dicentrarchus labrax","Dicentrarchus","Perciformes","Actinopterygii",1,"species","threecon",3,"gcagttagacgggaggctcaagttgatagacaccggcgtaaagcgtggttaatggcccaacttttacactaaagccgaacgttatcagagcagtgatacgcaccgaaagtaagaagatcaattacgaaagtagctttatttaaacctgaccccacgaaagctaaggca",0,0,0,0,0,0,0,0,0,0,0,0,0,0,0,0,0,0,0,0,0,0,0,0,0,0,0,0,0,3,0,0,0,0,0,0,0,0,0,0,0
"330",330,"div1_000123560","Atherina boyeri","Atherina","Atheriniformes","Actinopterygii",1,"species","twocon",3,"gcggttatacgagaggcccaagttgatatccgccggcgtaaagagttgttaggagaacccaatactaaagccgaacactctcaaagctgttatatgcacccgagagcaagaagccctctcacgaaagtagctttaacttttctgactccacgtaagctgatgaa",0,0,0,0,0,0,0,0,0,0,0,0,0,0,0,0,0,3,0,0,0,0,0,0,0,0,0,0,0,0,0,0,0,0,0,0,0,0,0,0,0
"333",333,"div1_000124261","Pangasianodon hypophthalmus","Pangasianodon","Siluriformes","Actinopterygii",0.982248520710059,"species","ecotag",3,"gcggttatacgacagaccccagttgataactacggcgtaaagggtggttaagggacataaaaataaagctaaagactctctaagccgtcatacgcactccgagagcacgaaaccctgacacgaaagtagctttaaacaaacttcacctgaccccacgaaggctaagaaa",0,0,0,0,0,0,0,0,0,0,0,0,0,0,0,0,0,0,0,0,0,0,0,0,0,0,0,0,0,0,0,0,0,3,0,0,0,0,0,0,0
