dme1_000000007			
dme1_000000003	k:Animalia(1.00),p:Chordata(1.00),c:Actinopterygii(1.00),o:Perciformes(1.00),f:Ammodytidae(1.00),g:Ammodytes(1.00),s:Ammodytes_tobianus(0.84)	+	k:Animalia,p:Chordata,c:Actinopterygii,o:Perciformes,f:Ammodytidae,g:Ammodytes,s:Ammodytes_tobianus
dme1_000000032	k:Animalia(1.00),p:Chordata(1.00),c:Actinopterygii(1.00),o:Siluriformes(0.99),f:Ictaluridae(0.84),g:Ameiurus(0.16),s:Ameiurus_melas(0.16)	+	k:Animalia,p:Chordata,c:Actinopterygii,o:Siluriformes,f:Ictaluridae
dme1_000000030			
dme1_000000013	k:Animalia(1.00),p:Chordata(1.00),c:Actinopterygii(1.00),o:Gadiformes(1.00),f:Gadidae(1.00),g:Trisopterus(1.00),s:Trisopterus_minutus(1.00)	+	k:Animalia,p:Chordata,c:Actinopterygii,o:Gadiformes,f:Gadidae,g:Trisopterus,s:Trisopterus_minutus
dme1_000000049	k:Animalia(1.00),p:Chordata(1.00),c:Actinopterygii(1.00),o:Perciformes(1.00),f:Labridae(1.00),g:Ctenolabrus(1.00),s:Ctenolabrus_rupestris(1.00)	+	k:Animalia,p:Chordata,c:Actinopterygii,o:Perciformes,f:Labridae,g:Ctenolabrus,s:Ctenolabrus_rupestris
dme1_000000045	k:Animalia(1.00),p:Chordata(1.00),c:Actinopterygii(1.00),o:Gadiformes(1.00),f:Gadidae(1.00),g:Trisopterus(1.00),s:Trisopterus_minutus(0.93)	+	k:Animalia,p:Chordata,c:Actinopterygii,o:Gadiformes,f:Gadidae,g:Trisopterus,s:Trisopterus_minutus
dme1_000000154	k:Animalia(1.00),p:Chordata(1.00),c:Actinopterygii(1.00),o:Siluriformes(0.98),f:Ictaluridae(0.81),g:Ictalurus(0.68),s:Ictalurus_punctatus(0.68)	+	k:Animalia,p:Chordata,c:Actinopterygii,o:Siluriformes,f:Ictaluridae
dme1_000000046	k:Animalia(1.00),p:Chordata(1.00),c:Actinopterygii(1.00),o:Salmoniformes(1.00),f:Salmonidae(1.00),g:Salmo(1.00),s:Salmo_salar(1.00)	+	k:Animalia,p:Chordata,c:Actinopterygii,o:Salmoniformes,f:Salmonidae,g:Salmo,s:Salmo_salar
dme1_000000064	k:Animalia(1.00),p:Chordata(1.00),c:Actinopterygii(1.00),o:Salmoniformes(1.00),f:Salmonidae(1.00),g:Salmo(1.00),s:Salmo_salar(1.00)	+	k:Animalia,p:Chordata,c:Actinopterygii,o:Salmoniformes,f:Salmonidae,g:Salmo,s:Salmo_salar
dme1_000000364			
dme1_000000023	k:Animalia(1.00),p:Chordata(1.00),c:Actinopterygii(1.00),o:Perciformes(1.00),f:Labridae(1.00),g:Symphodus(1.00),s:Symphodus_melops(1.00)	+	k:Animalia,p:Chordata,c:Actinopterygii,o:Perciformes,f:Labridae,g:Symphodus,s:Symphodus_melops
dme1_000000786			
dme1_000000548	k:Animalia(1.00),p:Chordata(1.00),c:Actinopterygii(1.00),o:Gadiformes(1.00),f:Gadidae(1.00),g:Trisopterus(1.00),s:Trisopterus_minutus(0.72)	+	k:Animalia,p:Chordata,c:Actinopterygii,o:Gadiformes,f:Gadidae,g:Trisopterus,s:Trisopterus_minutus
dme1_000000066			
dme1_000000234			
dme1_000000298	k:Animalia(1.00),p:Chordata(1.00),c:Actinopterygii(1.00),o:Perciformes(1.00),f:Gobiidae(1.00),g:Pomatoschistus(1.00),s:Pomatoschistus_minutus(1.00)	+	k:Animalia,p:Chordata,c:Actinopterygii,o:Perciformes,f:Gobiidae,g:Pomatoschistus,s:Pomatoschistus_minutus
dme1_000000776			
dme1_000000011	k:Animalia(1.00),p:Chordata(1.00),c:Actinopterygii(1.00),o:Perciformes(1.00),f:Moronidae(1.00),g:Dicentrarchus(1.00),s:Dicentrarchus_labrax(1.00)	+	k:Animalia,p:Chordata,c:Actinopterygii,o:Perciformes,f:Moronidae,g:Dicentrarchus,s:Dicentrarchus_labrax
dme1_000000079	k:Animalia(1.00),p:Chordata(1.00),c:Actinopterygii(1.00),o:Clupeiformes(1.00),f:Clupeidae(1.00),g:Clupea(1.00),s:Clupea_harengus(1.00)	+	k:Animalia,p:Chordata,c:Actinopterygii,o:Clupeiformes,f:Clupeidae,g:Clupea,s:Clupea_harengus
dme1_000000229			
dme1_000000121			
dme1_000000634			
dme1_000000422	k:Animalia(1.00),p:Chordata(1.00),c:Actinopterygii(1.00),o:Perciformes(1.00),f:Pholidae(1.00),g:Pholis(1.00),s:Pholis_gunnellus(1.00)	+	k:Animalia,p:Chordata,c:Actinopterygii,o:Perciformes,f:Pholidae,g:Pholis,s:Pholis_gunnellus
dme1_000000175	k:Animalia(1.00),p:Chordata(1.00),c:Actinopterygii(1.00),o:Gadiformes(1.00),f:Gadidae(1.00),g:Gadus(1.00),s:Gadus_morhua(1.00)	+	k:Animalia,p:Chordata,c:Actinopterygii,o:Gadiformes,f:Gadidae,g:Gadus,s:Gadus_morhua
dme1_000000248	k:Animalia(1.00),p:Chordata(1.00),c:Actinopterygii(1.00),o:Mugiliformes(1.00),f:Mugilidae(1.00),g:Chelon(1.00),s:Chelon_auratus(1.00)	+	k:Animalia,p:Chordata,c:Actinopterygii,o:Mugiliformes,f:Mugilidae,g:Chelon,s:Chelon_auratus
dme1_000000192	k:Animalia(1.00),p:Chordata(1.00),c:Actinopterygii(1.00),o:Mugiliformes(1.00),f:Mugilidae(1.00),g:Chelon(1.00),s:Chelon_labrosus(0.99)	+	k:Animalia,p:Chordata,c:Actinopterygii,o:Mugiliformes,f:Mugilidae,g:Chelon,s:Chelon_labrosus
dme1_000000028	k:Animalia(1.00),p:Chordata(1.00),c:Actinopterygii(1.00),o:Gadiformes(1.00),f:Gadidae(1.00),g:Trisopterus(1.00),s:Trisopterus_esmarkii(1.00)	+	k:Animalia,p:Chordata,c:Actinopterygii,o:Gadiformes,f:Gadidae,g:Trisopterus,s:Trisopterus_esmarkii
dme1_000001499	k:Animalia(1.00),p:Chordata(1.00),c:Actinopterygii(1.00),o:Perciformes(1.00),f:Gobiidae(1.00),g:Pomatoschistus(1.00),s:Pomatoschistus_microps(1.00)	+	k:Animalia,p:Chordata,c:Actinopterygii,o:Perciformes,f:Gobiidae,g:Pomatoschistus,s:Pomatoschistus_microps
dme1_000000516			
dme1_000000070			
dme1_000001281	k:Animalia(1.00),p:Chordata(1.00),c:Actinopterygii(1.00),o:Pleuronectiformes(1.00),f:Pleuronectidae(1.00),g:Platichthys(0.82),s:Platichthys_flesus(0.82)	+	k:Animalia,p:Chordata,c:Actinopterygii,o:Pleuronectiformes,f:Pleuronectidae,g:Platichthys,s:Platichthys_flesus
dme1_000000414	k:Animalia(1.00),p:Chordata(1.00),c:Actinopterygii(1.00),o:Perciformes(1.00),f:Stichaeidae(1.00),g:Chirolophis(0.91),s:Chirolophis_ascanii(0.91)	+	k:Animalia,p:Chordata,c:Actinopterygii,o:Perciformes,f:Stichaeidae,g:Chirolophis,s:Chirolophis_ascanii
dme1_000000641	k:Animalia(1.00),p:Chordata(1.00),c:Actinopterygii(1.00),o:Gadiformes(1.00),f:Lotidae(1.00),g:Ciliata(1.00),s:Ciliata_mustela(1.00)	+	k:Animalia,p:Chordata,c:Actinopterygii,o:Gadiformes,f:Lotidae,g:Ciliata,s:Ciliata_mustela
dme1_000000306	k:Animalia(1.00),p:Chordata(1.00),c:Actinopterygii(1.00),o:Scorpaeniformes(1.00),f:Cottidae(1.00),g:Taurulus(1.00),s:Taurulus_bubalis(1.00)	+	k:Animalia,p:Chordata,c:Actinopterygii,o:Scorpaeniformes,f:Cottidae,g:Taurulus,s:Taurulus_bubalis
dme1_000000678	k:Animalia(1.00),p:Chordata(1.00),c:Actinopterygii(1.00),o:Gadiformes(1.00),f:Gadidae(1.00),g:Trisopterus(1.00),s:Trisopterus_luscus(1.00)	+	k:Animalia,p:Chordata,c:Actinopterygii,o:Gadiformes,f:Gadidae,g:Trisopterus,s:Trisopterus_luscus
dme1_000000919	k:Animalia(1.00),p:Chordata(1.00),c:Actinopterygii(1.00),o:Siluriformes(0.97),f:Siluridae(0.16),g:Silurus(0.16),s:Silurus_glanis(0.16)	+	k:Animalia,p:Chordata,c:Actinopterygii,o:Siluriformes
dme1_000000671	k:Animalia(1.00),p:Chordata(1.00),c:Actinopterygii(1.00),o:Anguilliformes(1.00),f:Anguillidae(1.00),g:Anguilla(1.00),s:Anguilla_anguilla(1.00)	+	k:Animalia,p:Chordata,c:Actinopterygii,o:Anguilliformes,f:Anguillidae,g:Anguilla,s:Anguilla_anguilla
dme1_000000333			
dme1_000001013			
dme1_000001045	k:Animalia(1.00),p:Chordata(1.00),c:Actinopterygii(1.00),o:Cypriniformes(1.00),f:Cyprinidae(1.00),g:Tinca(0.19),s:Tinca_tinca(0.19)	+	k:Animalia,p:Chordata,c:Actinopterygii,o:Cypriniformes,f:Cyprinidae
dme1_000001314	k:Animalia(1.00),p:Chordata(1.00),c:Actinopterygii(1.00),o:Syngnathiformes(1.00),f:Syngnathidae(1.00),g:Syngnathus(1.00),s:Syngnathus_rostellatus(1.00)	+	k:Animalia,p:Chordata,c:Actinopterygii,o:Syngnathiformes,f:Syngnathidae,g:Syngnathus,s:Syngnathus_rostellatus
dme1_000000334	k:Animalia(1.00),p:Chordata(1.00),c:Actinopterygii(1.00),o:Gadiformes(1.00),f:Gadidae(1.00),g:Trisopterus(1.00),s:Trisopterus_esmarkii(0.67)	+	k:Animalia,p:Chordata,c:Actinopterygii,o:Gadiformes,f:Gadidae,g:Trisopterus
dme1_000000560			
dme1_000000382	k:Animalia(1.00),p:Chordata(1.00),c:Actinopterygii(1.00),o:Perciformes(1.00),f:Zoarcidae(1.00),g:Zoarces(1.00),s:Zoarces_viviparus(1.00)	+	k:Animalia,p:Chordata,c:Actinopterygii,o:Perciformes,f:Zoarcidae,g:Zoarces,s:Zoarces_viviparus
dme1_000000587			
dme1_000001581	k:Animalia(1.00),p:Chordata(1.00),c:Actinopterygii(1.00),o:Siluriformes(0.99),f:Ictaluridae(0.91),g:Ictalurus(0.71),s:Ictalurus_punctatus(0.71)	+	k:Animalia,p:Chordata,c:Actinopterygii,o:Siluriformes,f:Ictaluridae,g:Ictalurus,s:Ictalurus_punctatus
dme1_000000427			
dme1_000000495	k:Animalia(1.00),p:Chordata(1.00),c:Actinopterygii(1.00),o:Syngnathiformes(1.00),f:Syngnathidae(1.00),g:Syngnathus(1.00),s:Syngnathus_typhle(1.00)	+	k:Animalia,p:Chordata,c:Actinopterygii,o:Syngnathiformes,f:Syngnathidae,g:Syngnathus,s:Syngnathus_typhle
dme1_000000889	k:Animalia(1.00),p:Chordata(1.00),c:Actinopterygii(1.00),o:Perciformes(1.00),f:Blenniidae(1.00),g:Coryphoblennius(1.00),s:Coryphoblennius_galerita(1.00)	+	k:Animalia,p:Chordata,c:Actinopterygii,o:Perciformes,f:Blenniidae,g:Coryphoblennius,s:Coryphoblennius_galerita
dme1_000000135			
dme1_000000325	k:Animalia(1.00),p:Chordata(1.00),c:Actinopterygii(1.00),o:Gadiformes(1.00),f:Gadidae(1.00),g:Pollachius(0.98),s:Pollachius_pollachius(0.98)	+	k:Animalia,p:Chordata,c:Actinopterygii,o:Gadiformes,f:Gadidae,g:Pollachius,s:Pollachius_pollachius
dme1_000000031			
dme1_000001359	k:Animalia(1.00),p:Chordata(1.00),c:Actinopterygii(1.00),o:Anguilliformes(1.00),f:Anguillidae(1.00),g:Anguilla(1.00),s:Anguilla_anguilla(1.00)	+	k:Animalia,p:Chordata,c:Actinopterygii,o:Anguilliformes,f:Anguillidae,g:Anguilla,s:Anguilla_anguilla
dme1_000000269			
dme1_000000550	k:Animalia(1.00),p:Chordata(1.00),c:Actinopterygii(1.00),o:Clupeiformes(1.00),f:Clupeidae(1.00),g:Sprattus(0.98),s:Sprattus_sprattus(0.98)	+	k:Animalia,p:Chordata,c:Actinopterygii,o:Clupeiformes,f:Clupeidae,g:Sprattus,s:Sprattus_sprattus
dme1_000001729	k:Animalia(1.00),p:Chordata(1.00),c:Actinopterygii(1.00),o:Perciformes(1.00),f:Blenniidae(1.00),g:Lipophrys(1.00),s:Lipophrys_pholis(1.00)	+	k:Animalia,p:Chordata,c:Actinopterygii,o:Perciformes,f:Blenniidae,g:Lipophrys,s:Lipophrys_pholis
dme1_000001640	k:Animalia(1.00),p:Chordata(1.00),c:Actinopterygii(1.00),o:Siluriformes(1.00),f:Ictaluridae(0.68),g:Ictalurus(0.53),s:Ictalurus_punctatus(0.53)	+	k:Animalia,p:Chordata,c:Actinopterygii,o:Siluriformes
dme1_000000846			
dme1_000001457	k:Animalia(1.00),p:Chordata(1.00),c:Actinopterygii(1.00),o:Gadiformes(1.00),f:Gadidae(1.00),g:Gadiculus(1.00),s:Gadiculus_argenteus(1.00)	+	k:Animalia,p:Chordata,c:Actinopterygii,o:Gadiformes,f:Gadidae,g:Gadiculus,s:Gadiculus_argenteus
dme1_000001094			
dme1_000000042			
dme1_000001168	k:Animalia(1.00),p:Chordata(1.00),c:Actinopterygii(1.00),o:Gadiformes(1.00),f:Merlucciidae(1.00),g:Merluccius(1.00),s:Merluccius_merluccius(1.00)	+	k:Animalia,p:Chordata,c:Actinopterygii,o:Gadiformes,f:Merlucciidae,g:Merluccius,s:Merluccius_merluccius
dme1_000000682	k:Animalia(1.00),p:Chordata(1.00),c:Actinopterygii(1.00),o:Perciformes(0.47),f:Labridae(0.05),g:Ctenolabrus(0.02),s:Ctenolabrus_rupestris(0.02)	+	k:Animalia,p:Chordata,c:Actinopterygii
dme1_000001250			
dme1_000000780	k:Animalia(1.00),p:Chordata(1.00),c:Actinopterygii(1.00),o:Scorpaeniformes(1.00),f:Cottidae(1.00),g:Myoxocephalus(1.00),s:Myoxocephalus_scorpius(1.00)	+	k:Animalia,p:Chordata,c:Actinopterygii,o:Scorpaeniformes,f:Cottidae,g:Myoxocephalus,s:Myoxocephalus_scorpius
dme1_000000202			
dme1_000000126	k:Animalia(1.00),p:Chordata(1.00),c:Actinopterygii(1.00),o:Perciformes(1.00),f:Labridae(1.00),g:Labrus(1.00),s:Labrus_bergylta(1.00)	+	k:Animalia,p:Chordata,c:Actinopterygii,o:Perciformes,f:Labridae,g:Labrus,s:Labrus_bergylta
dme1_000001236	k:Animalia(1.00),p:Chordata(1.00),c:Actinopterygii(1.00),o:Gadiformes(1.00),f:Gadidae(1.00),g:Trisopterus(1.00),s:Trisopterus_minutus(0.88)	+	k:Animalia,p:Chordata,c:Actinopterygii,o:Gadiformes,f:Gadidae,g:Trisopterus,s:Trisopterus_minutus
dme1_000001282	k:Animalia(1.00),p:Chordata(1.00),c:Actinopterygii(1.00),o:Perciformes(1.00),f:Gobiidae(1.00),g:Gobius(1.00),s:Gobius_paganellus(1.00)	+	k:Animalia,p:Chordata,c:Actinopterygii,o:Perciformes,f:Gobiidae,g:Gobius,s:Gobius_paganellus
dme1_000001763	k:Animalia(1.00),p:Chordata(1.00),c:Actinopterygii(1.00),o:Pleuronectiformes(1.00),f:Scophthalmidae(1.00),g:Scophthalmus(1.00),s:Scophthalmus_rhombus(1.00)	+	k:Animalia,p:Chordata,c:Actinopterygii,o:Pleuronectiformes,f:Scophthalmidae,g:Scophthalmus,s:Scophthalmus_rhombus
dme1_000000166	k:Animalia(1.00),p:Chordata(1.00),c:Actinopterygii(1.00),o:Scorpaeniformes(1.00),f:Triglidae(1.00),g:Chelidonichthys(1.00),s:Chelidonichthys_cuculus(1.00)	+	k:Animalia,p:Chordata,c:Actinopterygii,o:Scorpaeniformes,f:Triglidae,g:Chelidonichthys,s:Chelidonichthys_cuculus
dme1_000001536	k:Animalia(1.00),p:Chordata(1.00),c:Actinopterygii(1.00),o:Perciformes(1.00),f:Callionymidae(1.00),g:Callionymus(1.00),s:Callionymus_lyra(1.00)	+	k:Animalia,p:Chordata,c:Actinopterygii,o:Perciformes,f:Callionymidae,g:Callionymus,s:Callionymus_lyra
dme1_000001169			
dme1_000000398	k:Animalia(1.00),p:Chordata(1.00),c:Actinopterygii(1.00),o:Gadiformes(1.00),f:Gadidae(1.00),g:Melanogrammus(1.00),s:Melanogrammus_aeglefinus(1.00)	+	k:Animalia,p:Chordata,c:Actinopterygii,o:Gadiformes,f:Gadidae,g:Melanogrammus,s:Melanogrammus_aeglefinus
dme1_000000322	k:Animalia(1.00),p:Chordata(1.00),c:Actinopterygii(1.00),o:Perciformes(1.00),f:Labridae(1.00),g:Symphodus(1.00),s:Symphodus_bailloni(1.00)	+	k:Animalia,p:Chordata,c:Actinopterygii,o:Perciformes,f:Labridae,g:Symphodus,s:Symphodus_bailloni
dme1_000001837	k:Animalia(1.00),p:Chordata(1.00),c:Actinopterygii(1.00),o:Syngnathiformes(1.00),f:Syngnathidae(1.00),g:Nerophis(1.00),s:Nerophis_ophidion(1.00)	+	k:Animalia,p:Chordata,c:Actinopterygii,o:Syngnathiformes,f:Syngnathidae,g:Nerophis,s:Nerophis_ophidion
dme1_000000161			
dme1_000001067			
dme1_000000890			
dme1_000000159	k:Animalia(1.00),p:Chordata(1.00),c:Actinopterygii(1.00),o:Atheriniformes(1.00),f:Atherinidae(1.00),g:Atherina(1.00),s:Atherina_boyeri(1.00)	+	k:Animalia,p:Chordata,c:Actinopterygii,o:Atheriniformes,f:Atherinidae,g:Atherina,s:Atherina_boyeri
dme1_000000551			
dme1_000000599	k:Animalia(1.00),p:Chordata(1.00),c:Actinopterygii(1.00),o:Syngnathiformes(1.00),f:Syngnathidae(1.00),g:Syngnathus(1.00),s:Syngnathus_acus(1.00)	+	k:Animalia,p:Chordata,c:Actinopterygii,o:Syngnathiformes,f:Syngnathidae,g:Syngnathus,s:Syngnathus_acus
dme1_000000167			
dme1_000000201			
dme1_000001903			
dme1_000001173	k:Animalia(1.00),p:Chordata(1.00),c:Actinopterygii(1.00),o:Perciformes(1.00),f:Gobiidae(1.00),g:Gobiusculus(1.00),s:Gobiusculus_flavescens(1.00)	+	k:Animalia,p:Chordata,c:Actinopterygii,o:Perciformes,f:Gobiidae,g:Gobiusculus,s:Gobiusculus_flavescens
dme1_000002029	k:Animalia(1.00),p:Chordata(1.00),c:Actinopterygii(1.00),o:Perciformes(1.00),f:Gobiidae(1.00),g:Gobius(1.00),s:Gobius_niger(1.00)	+	k:Animalia,p:Chordata,c:Actinopterygii,o:Perciformes,f:Gobiidae,g:Gobius,s:Gobius_niger
dme1_000002248	k:Animalia(1.00),p:Chordata(1.00),c:Actinopterygii(1.00),o:Gasterosteiformes(1.00),f:Gasterosteidae(1.00),g:Spinachia(1.00),s:Spinachia_spinachia(1.00)	+	k:Animalia,p:Chordata,c:Actinopterygii,o:Gasterosteiformes,f:Gasterosteidae,g:Spinachia,s:Spinachia_spinachia
dme1_000001931	k:Animalia(1.00),p:Chordata(1.00),c:Actinopterygii(1.00),o:Perciformes(1.00),f:Scombridae(1.00),g:Scomber(1.00),s:Scomber_scombrus(1.00)	+	k:Animalia,p:Chordata,c:Actinopterygii,o:Perciformes,f:Scombridae,g:Scomber,s:Scomber_scombrus
dme1_000002397	k:Animalia(1.00),p:Chordata(1.00),c:Actinopterygii(1.00),o:Gadiformes(1.00),f:Gadidae(1.00),g:Trisopterus(1.00),s:Trisopterus_minutus(1.00)	+	k:Animalia,p:Chordata,c:Actinopterygii,o:Gadiformes,f:Gadidae,g:Trisopterus,s:Trisopterus_minutus
dme1_000001503			
dme1_000002246	k:Animalia(1.00),p:Chordata(1.00),c:Actinopterygii(1.00),o:Pleuronectiformes(1.00),f:Soleidae(1.00),g:Solea(1.00),s:Solea_solea(1.00)	+	k:Animalia,p:Chordata,c:Actinopterygii,o:Pleuronectiformes,f:Soleidae,g:Solea,s:Solea_solea
dme1_000002083	k:Animalia(1.00),p:Chordata(1.00),c:Actinopterygii(1.00),o:Siluriformes(1.00),f:Ictaluridae(1.00),g:Ictalurus(0.79),s:Ictalurus_punctatus(0.79)	+	k:Animalia,p:Chordata,c:Actinopterygii,o:Siluriformes,f:Ictaluridae,g:Ictalurus,s:Ictalurus_punctatus
dme1_000001929			
dme1_000002908			
dme1_000002187	k:Animalia(1.00),p:Chordata(1.00),c:Actinopterygii(1.00),o:Perciformes(1.00),f:Labridae(1.00),g:Symphodus(1.00),s:Symphodus_bailloni(1.00)	+	k:Animalia,p:Chordata,c:Actinopterygii,o:Perciformes,f:Labridae,g:Symphodus,s:Symphodus_bailloni
dme1_000002159			
dme1_000002680	k:Animalia(1.00),p:Chordata(1.00),c:Actinopterygii(1.00),o:Gadiformes(1.00),f:Merlucciidae(1.00),g:Merluccius(1.00),s:Merluccius_merluccius(1.00)	+	k:Animalia,p:Chordata,c:Actinopterygii,o:Gadiformes,f:Merlucciidae,g:Merluccius,s:Merluccius_merluccius
dme1_000002128			
dme1_000002704	k:Animalia(1.00),p:Chordata(1.00),c:Elasmobranchii(1.00),o:Carcharhiniformes(1.00),f:Scyliorhinidae(1.00),g:Galeus(1.00),s:Galeus_melastomus(1.00)	+	k:Animalia,p:Chordata,c:Elasmobranchii,o:Carcharhiniformes,f:Scyliorhinidae,g:Galeus,s:Galeus_melastomus
dme1_000002039	k:Animalia(1.00),p:Chordata(1.00),c:Actinopterygii(1.00),o:Clupeiformes(1.00),f:Clupeidae(1.00),g:Clupea(1.00),s:Clupea_harengus(1.00)	+	k:Animalia,p:Chordata,c:Actinopterygii,o:Clupeiformes,f:Clupeidae,g:Clupea,s:Clupea_harengus
dme1_000002474	k:Animalia(1.00),p:Chordata(1.00),c:Actinopterygii(1.00),o:Gadiformes(1.00),f:Gadidae(1.00),g:Trisopterus(1.00),s:Trisopterus_esmarkii(0.93)	+	k:Animalia,p:Chordata,c:Actinopterygii,o:Gadiformes,f:Gadidae,g:Trisopterus,s:Trisopterus_esmarkii
dme1_000002658	k:Animalia(1.00),p:Chordata(1.00),c:Actinopterygii(1.00),o:Clupeiformes(1.00),f:Clupeidae(1.00),g:Clupea(1.00),s:Clupea_harengus(1.00)	+	k:Animalia,p:Chordata,c:Actinopterygii,o:Clupeiformes,f:Clupeidae,g:Clupea,s:Clupea_harengus
dme1_000002403			
dme1_000003999			
dme1_000003849	k:Animalia(1.00),p:Chordata(1.00),c:Actinopterygii(1.00),o:Pleuronectiformes(1.00),f:Scophthalmidae(1.00),g:Zeugopterus(1.00),s:Zeugopterus_punctatus(1.00)	+	k:Animalia,p:Chordata,c:Actinopterygii,o:Pleuronectiformes,f:Scophthalmidae,g:Zeugopterus,s:Zeugopterus_punctatus
dme1_000003712			
dme1_000003538	k:Animalia(1.00),p:Chordata(1.00),c:Actinopterygii(1.00),o:Cypriniformes(1.00),f:Cyprinidae(1.00),g:Phoxinus(1.00),s:Phoxinus_phoxinus(1.00)	+	k:Animalia,p:Chordata,c:Actinopterygii,o:Cypriniformes,f:Cyprinidae,g:Phoxinus,s:Phoxinus_phoxinus
dme1_000002691	k:Animalia(1.00),p:Chordata(1.00),c:Actinopterygii(1.00),o:Gadiformes(1.00),f:Gadidae(1.00),g:Trisopterus(1.00),s:Trisopterus_esmarkii(1.00)	+	k:Animalia,p:Chordata,c:Actinopterygii,o:Gadiformes,f:Gadidae,g:Trisopterus,s:Trisopterus_esmarkii
dme1_000004285	k:Animalia(1.00),p:Chordata(1.00),c:Actinopterygii(1.00),o:Scorpaeniformes(1.00),f:Cyclopteridae(1.00),g:Cyclopterus(1.00),s:Cyclopterus_lumpus(1.00)	+	k:Animalia,p:Chordata,c:Actinopterygii,o:Scorpaeniformes,f:Cyclopteridae,g:Cyclopterus,s:Cyclopterus_lumpus
dme1_000002947	k:Animalia(1.00),p:Chordata(1.00),c:Actinopterygii(1.00),o:Perciformes(1.00),f:Blenniidae(1.00),g:Parablennius(1.00),s:Parablennius_gattorugine(1.00)	+	k:Animalia,p:Chordata,c:Actinopterygii,o:Perciformes,f:Blenniidae,g:Parablennius,s:Parablennius_gattorugine
dme1_000003498	k:Animalia(1.00),p:Chordata(1.00),c:Actinopterygii(1.00),o:Osmeriformes(1.00),f:Osmeridae(1.00),g:Osmerus(1.00),s:Osmerus_eperlanus(1.00)	+	k:Animalia,p:Chordata,c:Actinopterygii,o:Osmeriformes,f:Osmeridae,g:Osmerus,s:Osmerus_eperlanus
dme1_000004809			
dme1_000003253			
dme1_000005754	k:Animalia(1.00),p:Chordata(1.00),c:Actinopterygii(1.00),o:Perciformes(1.00),f:Gobiidae(1.00),g:Pomatoschistus(1.00),s:Pomatoschistus_pictus(1.00)	+	k:Animalia,p:Chordata,c:Actinopterygii,o:Perciformes,f:Gobiidae,g:Pomatoschistus,s:Pomatoschistus_pictus
dme1_000004714	k:Animalia(1.00),p:Chordata(1.00),c:Actinopterygii(1.00),o:Perciformes(1.00),f:Sparidae(1.00),g:Pagellus(0.98),s:Pagellus_bogaraveo(0.98)	+	k:Animalia,p:Chordata,c:Actinopterygii,o:Perciformes,f:Sparidae,g:Pagellus,s:Pagellus_bogaraveo
dme1_000002731	k:Animalia(1.00),p:Chordata(1.00),c:Actinopterygii(1.00),o:Pleuronectiformes(0.93),f:Pleuronectidae(0.93),g:Hippoglossus(0.05),s:Hippoglossus_hippoglossus(0.05)	+	k:Animalia,p:Chordata,c:Actinopterygii,o:Pleuronectiformes,f:Pleuronectidae
dme1_000003187			
dme1_000002755			
dme1_000003679	k:Animalia(1.00),p:Chordata(1.00),c:Actinopterygii(1.00),o:Gadiformes(1.00),f:Gadidae(1.00),g:Trisopterus(1.00),s:Trisopterus_esmarkii(1.00)	+	k:Animalia,p:Chordata,c:Actinopterygii,o:Gadiformes,f:Gadidae,g:Trisopterus,s:Trisopterus_esmarkii
dme1_000004784	k:Animalia(1.00),p:Chordata(1.00),c:Actinopterygii(1.00),o:Perciformes(1.00),f:Sparidae(1.00),g:Sparus(1.00),s:Sparus_aurata(1.00)	+	k:Animalia,p:Chordata,c:Actinopterygii,o:Perciformes,f:Sparidae,g:Sparus,s:Sparus_aurata
dme1_000003100	k:Animalia(1.00),p:Chordata(1.00),c:Actinopterygii(1.00),o:Siluriformes(0.91),f:Ictaluridae(0.72),g:Ameiurus(0.43),s:Ameiurus_melas(0.43)	+	k:Animalia,p:Chordata,c:Actinopterygii,o:Siluriformes,f:Ictaluridae
dme1_000004131			
dme1_000006141	k:Animalia(1.00),p:Chordata(1.00),c:Actinopterygii(1.00),o:Perciformes(1.00),f:Labridae(1.00),g:Symphodus(1.00),s:Symphodus_melops(1.00)	+	k:Animalia,p:Chordata,c:Actinopterygii,o:Perciformes,f:Labridae,g:Symphodus,s:Symphodus_melops
dme1_000004937			
dme1_000007278			
dme1_000004452	k:Animalia(1.00),p:Chordata(1.00),c:Actinopterygii(1.00),o:Perciformes(1.00),f:Scombridae(1.00),g:Katsuwonus(0.83),s:Katsuwonus_pelamis(0.83)	+	k:Animalia,p:Chordata,c:Actinopterygii,o:Perciformes,f:Scombridae,g:Katsuwonus,s:Katsuwonus_pelamis
dme1_000004014			
dme1_000005428	k:Animalia(1.00),p:Chordata(1.00),c:Actinopterygii(1.00),o:Cypriniformes(1.00),f:Cyprinidae(1.00),g:Phoxinus(1.00),s:Phoxinus_phoxinus(1.00)	+	k:Animalia,p:Chordata,c:Actinopterygii,o:Cypriniformes,f:Cyprinidae,g:Phoxinus,s:Phoxinus_phoxinus
dme1_000007384			
dme1_000003403	k:Animalia(1.00),p:Chordata(1.00),c:Actinopterygii(1.00),o:Siluriformes(0.98),f:Ictaluridae(0.94),g:Ictalurus(0.71),s:Ictalurus_punctatus(0.71)	+	k:Animalia,p:Chordata,c:Actinopterygii,o:Siluriformes,f:Ictaluridae,g:Ictalurus,s:Ictalurus_punctatus
dme1_000006892			
dme1_000004251			
dme1_000003392			
dme1_000006993	k:Animalia(1.00),p:Chordata(1.00),c:Actinopterygii(1.00),o:Siluriformes(1.00),f:Ictaluridae(0.91),g:Ictalurus(0.84),s:Ictalurus_punctatus(0.84)	+	k:Animalia,p:Chordata,c:Actinopterygii,o:Siluriformes,f:Ictaluridae,g:Ictalurus,s:Ictalurus_punctatus
dme1_000006521	k:Animalia(1.00),p:Chordata(1.00),c:Actinopterygii(1.00),o:Gadiformes(1.00),f:Lotidae(1.00),g:Ciliata(1.00),s:Ciliata_septentrionalis(1.00)	+	k:Animalia,p:Chordata,c:Actinopterygii,o:Gadiformes,f:Lotidae,g:Ciliata,s:Ciliata_septentrionalis
dme1_000003123	k:Animalia(1.00),p:Chordata(1.00),c:Actinopterygii(1.00),o:Anguilliformes(1.00),f:Congridae(1.00),g:Conger(1.00),s:Conger_conger(1.00)	+	k:Animalia,p:Chordata,c:Actinopterygii,o:Anguilliformes,f:Congridae,g:Conger,s:Conger_conger
dme1_000004243			
dme1_000005990	k:Animalia(1.00),p:Chordata(1.00),c:Actinopterygii(1.00),o:Gadiformes(1.00),f:Gadidae(1.00),g:Micromesistius(1.00),s:Micromesistius_poutassou(1.00)	+	k:Animalia,p:Chordata,c:Actinopterygii,o:Gadiformes,f:Gadidae,g:Micromesistius,s:Micromesistius_poutassou
dme1_000007433	k:Animalia(1.00),p:Chordata(1.00),c:Actinopterygii(1.00),o:Siluriformes(0.99),f:Siluridae(0.17),g:Silurus(0.17),s:Silurus_glanis(0.17)	+	k:Animalia,p:Chordata,c:Actinopterygii,o:Siluriformes
dme1_000006826			
dme1_000005068	k:Animalia(1.00),p:Chordata(1.00),c:Actinopterygii(1.00),o:Gadiformes(1.00),f:Gadidae(1.00),g:Melanogrammus(0.68),s:Melanogrammus_aeglefinus(0.68)	+	k:Animalia,p:Chordata,c:Actinopterygii,o:Gadiformes,f:Gadidae
dme1_000006793			
dme1_000004650	k:Animalia(1.00),p:Chordata(1.00),c:Actinopterygii(1.00),o:Siluriformes(0.95),f:Ictaluridae(0.92),g:Ictalurus(0.59),s:Ictalurus_punctatus(0.59)	+	k:Animalia,p:Chordata,c:Actinopterygii,o:Siluriformes,f:Ictaluridae
dme1_000007842			
dme1_000008421	k:Animalia(1.00),p:Chordata(1.00),c:Actinopterygii(1.00),o:Gadiformes(1.00),f:Gadidae(1.00),g:Trisopterus(1.00),s:Trisopterus_minutus(1.00)	+	k:Animalia,p:Chordata,c:Actinopterygii,o:Gadiformes,f:Gadidae,g:Trisopterus,s:Trisopterus_minutus
dme1_000002379			
dme1_000007601	k:Animalia(1.00),p:Chordata(1.00),c:Actinopterygii(1.00),o:Siluriformes(1.00),f:Ictaluridae(0.86),g:Ictalurus(0.58),s:Ictalurus_punctatus(0.58)	+	k:Animalia,p:Chordata,c:Actinopterygii,o:Siluriformes,f:Ictaluridae
dme1_000006461			
dme1_000007560			
dme1_000007969			
dme1_000007706			
dme1_000005597	k:Animalia(1.00),p:Chordata(1.00),c:Actinopterygii(1.00),o:Perciformes(1.00),f:Moronidae(1.00),g:Dicentrarchus(1.00),s:Dicentrarchus_labrax(1.00)	+	k:Animalia,p:Chordata,c:Actinopterygii,o:Perciformes,f:Moronidae,g:Dicentrarchus,s:Dicentrarchus_labrax
dme1_000008510	k:Animalia(1.00),p:Chordata(1.00),c:Actinopterygii(1.00),o:Pleuronectiformes(0.19),f:Pleuronectidae(0.18),g:Hippoglossus(0.06),s:Hippoglossus_hippoglossus(0.06)	+	k:Animalia,p:Chordata,c:Actinopterygii
dme1_000008824	k:Animalia(1.00),p:Chordata(1.00),c:Actinopterygii(1.00),o:Gadiformes(1.00),f:Gadidae(1.00),g:Raniceps(1.00),s:Raniceps_raninus(1.00)	+	k:Animalia,p:Chordata,c:Actinopterygii,o:Gadiformes,f:Gadidae,g:Raniceps,s:Raniceps_raninus
dme1_000007951	k:Animalia(1.00),p:Chordata(1.00),c:Actinopterygii(1.00),o:Perciformes(1.00),f:Moronidae(1.00),g:Dicentrarchus(1.00),s:Dicentrarchus_labrax(1.00)	+	k:Animalia,p:Chordata,c:Actinopterygii,o:Perciformes,f:Moronidae,g:Dicentrarchus,s:Dicentrarchus_labrax
dme1_000005242	k:Animalia(1.00),p:Chordata(1.00),c:Actinopterygii(1.00),o:Siluriformes(0.99),f:Ictaluridae(0.72),g:Ameiurus(0.35),s:Ameiurus_melas(0.35)	+	k:Animalia,p:Chordata,c:Actinopterygii,o:Siluriformes,f:Ictaluridae
dme1_000003965			
dme1_000008721	k:Animalia(1.00),p:Chordata(1.00),c:Actinopterygii(1.00),o:Syngnathiformes(1.00),f:Syngnathidae(1.00),g:Syngnathus(1.00),s:Syngnathus_rostellatus(1.00)	+	k:Animalia,p:Chordata,c:Actinopterygii,o:Syngnathiformes,f:Syngnathidae,g:Syngnathus,s:Syngnathus_rostellatus
dme1_000008861	k:Animalia(1.00),p:Chordata(1.00),c:Actinopterygii(1.00),o:Siluriformes(1.00),f:Ictaluridae(0.82),g:Ictalurus(0.80),s:Ictalurus_punctatus(0.80)	+	k:Animalia,p:Chordata,c:Actinopterygii,o:Siluriformes,f:Ictaluridae,g:Ictalurus,s:Ictalurus_punctatus
dme1_000006411			
dme1_000009230	k:Animalia(1.00),p:Chordata(1.00),c:Actinopterygii(1.00),o:Pleuronectiformes(1.00),f:Soleidae(1.00),g:Solea(1.00),s:Solea_solea(1.00)	+	k:Animalia,p:Chordata,c:Actinopterygii,o:Pleuronectiformes,f:Soleidae,g:Solea,s:Solea_solea
dme1_000008325	k:Animalia(1.00),p:Chordata(1.00),c:Actinopterygii(1.00),o:Siluriformes(0.99),f:Ictaluridae(0.97),g:Ictalurus(0.70),s:Ictalurus_punctatus(0.70)	+	k:Animalia,p:Chordata,c:Actinopterygii,o:Siluriformes,f:Ictaluridae
dme1_000004194	k:Animalia(1.00),p:Chordata(1.00),c:Actinopterygii(1.00),o:Salmoniformes(1.00),f:Salmonidae(1.00),g:Salmo(1.00),s:Salmo_trutta(0.26)	+	k:Animalia,p:Chordata,c:Actinopterygii,o:Salmoniformes,f:Salmonidae,g:Salmo
dme1_000004872	k:Animalia(1.00),p:Chordata(1.00),c:Actinopterygii(1.00),o:Gadiformes(1.00),f:Merlucciidae(1.00),g:Merluccius(1.00),s:Merluccius_merluccius(1.00)	+	k:Animalia,p:Chordata,c:Actinopterygii,o:Gadiformes,f:Merlucciidae,g:Merluccius,s:Merluccius_merluccius
dme1_000005221			
dme1_000006457	k:Animalia(1.00),p:Chordata(1.00),c:Actinopterygii(1.00),o:Perciformes(1.00),f:Labridae(1.00),g:Labrus(1.00),s:Labrus_mixtus(1.00)	+	k:Animalia,p:Chordata,c:Actinopterygii,o:Perciformes,f:Labridae,g:Labrus,s:Labrus_mixtus
dme1_000008968			
dme1_000010738	k:Animalia(1.00),p:Chordata(1.00),c:Actinopterygii(1.00),o:Gadiformes(1.00),f:Lotidae(1.00),g:Molva(1.00),s:Molva_molva(1.00)	+	k:Animalia,p:Chordata,c:Actinopterygii,o:Gadiformes,f:Lotidae,g:Molva,s:Molva_molva
dme1_000004333			
dme1_000009248	k:Animalia(1.00),p:Chordata(1.00),c:Actinopterygii(1.00),o:Siluriformes(0.99),f:Ictaluridae(0.86),g:Ictalurus(0.67),s:Ictalurus_punctatus(0.67)	+	k:Animalia,p:Chordata,c:Actinopterygii,o:Siluriformes,f:Ictaluridae
dme1_000010600			
dme1_000010541			
dme1_000010761			
dme1_000010484	k:Animalia(1.00),p:Chordata(1.00),c:Actinopterygii(1.00),o:Gadiformes(1.00),f:Phycidae(1.00),g:Phycis(1.00),s:Phycis_blennoides(1.00)	+	k:Animalia,p:Chordata,c:Actinopterygii,o:Gadiformes,f:Phycidae,g:Phycis,s:Phycis_blennoides
dme1_000006559	k:Animalia(1.00),p:Chordata(1.00),c:Actinopterygii(1.00),o:Perciformes(1.00),f:Blenniidae(1.00),g:Lipophrys(1.00),s:Lipophrys_pholis(1.00)	+	k:Animalia,p:Chordata,c:Actinopterygii,o:Perciformes,f:Blenniidae,g:Lipophrys,s:Lipophrys_pholis
dme1_000012222			
dme1_000010907			
dme1_000011132			
dme1_000012242			
dme1_000013241	k:Animalia(1.00),p:Chordata(1.00),c:Actinopterygii(1.00),o:Gadiformes(1.00),f:Gadidae(1.00),g:Trisopterus(1.00),s:Trisopterus_luscus(0.99)	+	k:Animalia,p:Chordata,c:Actinopterygii,o:Gadiformes,f:Gadidae,g:Trisopterus,s:Trisopterus_luscus
dme1_000013788			
dme1_000010832	k:Animalia(1.00),p:Chordata(1.00),c:Actinopterygii(1.00),o:Siluriformes(1.00),f:Ictaluridae(0.91),g:Ictalurus(0.70),s:Ictalurus_punctatus(0.70)	+	k:Animalia,p:Chordata,c:Actinopterygii,o:Siluriformes,f:Ictaluridae
dme1_000009318	k:Animalia(1.00),p:Chordata(1.00),c:Actinopterygii(1.00),o:Siluriformes(0.88),f:Ictaluridae(0.75),g:Ictalurus(0.54),s:Ictalurus_punctatus(0.54)	+	k:Animalia,p:Chordata,c:Actinopterygii,o:Siluriformes,f:Ictaluridae
dme1_000015281			
dme1_000014148			
dme1_000014469			
dme1_000015130			
dme1_000015633			
dme1_000018070	k:Animalia(1.00),p:Chordata(1.00),c:Actinopterygii(1.00),o:Siluriformes(0.96),f:Ictaluridae(0.87),g:Ameiurus(0.30),s:Ameiurus_melas(0.30)	+	k:Animalia,p:Chordata,c:Actinopterygii,o:Siluriformes,f:Ictaluridae
dme1_000014613			
dme1_000017568			
dme1_000015435			
dme1_000017978			
dme1_000017766			
dme1_000008636			
dme1_000019704	k:Animalia(1.00),p:Chordata(1.00),c:Actinopterygii(1.00),o:Perciformes(1.00),f:Labridae(1.00),g:Ctenolabrus(1.00),s:Ctenolabrus_rupestris(1.00)	+	k:Animalia,p:Chordata,c:Actinopterygii,o:Perciformes,f:Labridae,g:Ctenolabrus,s:Ctenolabrus_rupestris
dme1_000017029			
dme1_000018866	k:Animalia(1.00),p:Chordata(1.00),c:Actinopterygii(1.00),o:Cypriniformes(1.00),f:Cyprinidae(1.00),g:Phoxinus(1.00),s:Phoxinus_phoxinus(1.00)	+	k:Animalia,p:Chordata,c:Actinopterygii,o:Cypriniformes,f:Cyprinidae,g:Phoxinus,s:Phoxinus_phoxinus
dme1_000015372	k:Animalia(1.00),p:Chordata(1.00),c:Actinopterygii(1.00),o:Gobiesociformes(1.00),f:Gobiesocidae(1.00),g:Diplecogaster(1.00),s:Diplecogaster_bimaculata(1.00)	+	k:Animalia,p:Chordata,c:Actinopterygii,o:Gobiesociformes,f:Gobiesocidae,g:Diplecogaster,s:Diplecogaster_bimaculata
dme1_000017812	k:Animalia(1.00),p:Chordata(1.00),c:Holocephali(1.00),o:Chimaeriformes(1.00),f:Chimaeridae(1.00),g:Chimaera(1.00),s:Chimaera_monstrosa(1.00)	+	k:Animalia,p:Chordata,c:Holocephali,o:Chimaeriformes,f:Chimaeridae,g:Chimaera,s:Chimaera_monstrosa
dme1_000021134			
dme1_000018065			
dme1_000019750			
dme1_000018075			
dme1_000020895			
dme1_000022785	k:Animalia(1.00),p:Chordata(1.00),c:Actinopterygii(1.00),o:Siluriformes(0.99),f:Ictaluridae(0.98),g:Ictalurus(0.72),s:Ictalurus_punctatus(0.72)	+	k:Animalia,p:Chordata,c:Actinopterygii,o:Siluriformes,f:Ictaluridae,g:Ictalurus,s:Ictalurus_punctatus
dme1_000013843	k:Animalia(1.00),p:Chordata(1.00),c:Actinopterygii(1.00),o:Perciformes(0.46),f:Centrarchidae(0.21),g:Lepomis(0.21),s:Lepomis_gibbosus(0.21)	+	k:Animalia,p:Chordata,c:Actinopterygii
dme1_000018542	k:Animalia(1.00),p:Chordata(1.00),c:Actinopterygii(1.00),o:Scorpaeniformes(1.00),f:Agonidae(1.00),g:Agonus(1.00),s:Agonus_cataphractus(1.00)	+	k:Animalia,p:Chordata,c:Actinopterygii,o:Scorpaeniformes,f:Agonidae,g:Agonus,s:Agonus_cataphractus
dme1_000019669			
dme1_000020842			
dme1_000011682	k:Animalia(1.00),p:Chordata(1.00),c:Actinopterygii(1.00),o:Siluriformes(1.00),f:Ictaluridae(0.75),g:Ictalurus(0.64),s:Ictalurus_punctatus(0.64)	+	k:Animalia,p:Chordata,c:Actinopterygii,o:Siluriformes,f:Ictaluridae
dme1_000020511			
dme1_000020450			
dme1_000014224	k:Animalia(1.00),p:Chordata(1.00),c:Actinopterygii(1.00),o:Perciformes(1.00),f:Moronidae(1.00),g:Dicentrarchus(1.00),s:Dicentrarchus_labrax(1.00)	+	k:Animalia,p:Chordata,c:Actinopterygii,o:Perciformes,f:Moronidae,g:Dicentrarchus,s:Dicentrarchus_labrax
dme1_000023283			
dme1_000021917			
dme1_000019784			
dme1_000016579			
dme1_000024475			
dme1_000024670			
dme1_000025083	k:Animalia(1.00),p:Chordata(1.00),c:Actinopterygii(1.00),o:Perciformes(1.00),f:Labridae(1.00),g:Labrus(1.00),s:Labrus_mixtus(1.00)	+	k:Animalia,p:Chordata,c:Actinopterygii,o:Perciformes,f:Labridae,g:Labrus,s:Labrus_mixtus
dme1_000019581			
dme1_000017490	k:Animalia(1.00),p:Chordata(1.00),c:Actinopterygii(1.00),o:Gadiformes(1.00),f:Gadidae(1.00),g:Trisopterus(1.00),s:Trisopterus_esmarkii(1.00)	+	k:Animalia,p:Chordata,c:Actinopterygii,o:Gadiformes,f:Gadidae,g:Trisopterus,s:Trisopterus_esmarkii
dme1_000011694			
dme1_000019645	k:Animalia(1.00),p:Chordata(1.00),c:Actinopterygii(1.00),o:Scorpaeniformes(1.00),f:Cottidae(1.00),g:Myoxocephalus(0.98),s:Myoxocephalus_scorpius(0.98)	+	k:Animalia,p:Chordata,c:Actinopterygii,o:Scorpaeniformes,f:Cottidae,g:Myoxocephalus,s:Myoxocephalus_scorpius
dme1_000014744	k:Animalia(1.00),p:Chordata(1.00),c:Actinopterygii(1.00),o:Siluriformes(1.00),f:Ictaluridae(0.69),g:Ictalurus(0.57),s:Ictalurus_punctatus(0.57)	+	k:Animalia,p:Chordata,c:Actinopterygii,o:Siluriformes
dme1_000024325	k:Animalia(1.00),p:Chordata(1.00),c:Actinopterygii(1.00),o:Scorpaeniformes(1.00),f:Sebastidae(1.00),g:Helicolenus(1.00),s:Helicolenus_dactylopterus(1.00)	+	k:Animalia,p:Chordata,c:Actinopterygii,o:Scorpaeniformes,f:Sebastidae,g:Helicolenus,s:Helicolenus_dactylopterus
dme1_000023395	k:Animalia(1.00),p:Chordata(1.00),c:Actinopterygii(1.00),o:Gadiformes(1.00),f:Gadidae(1.00),g:Trisopterus(1.00),s:Trisopterus_esmarkii(0.83)	+	k:Animalia,p:Chordata,c:Actinopterygii,o:Gadiformes,f:Gadidae,g:Trisopterus,s:Trisopterus_esmarkii
dme1_000013794			
dme1_000026487	k:Animalia(1.00),p:Chordata(1.00),c:Actinopterygii(1.00),o:Perciformes(1.00),f:Gobiidae(1.00),g:Gobiusculus(1.00),s:Gobiusculus_flavescens(1.00)	+	k:Animalia,p:Chordata,c:Actinopterygii,o:Perciformes,f:Gobiidae,g:Gobiusculus,s:Gobiusculus_flavescens
dme1_000025389			
dme1_000027477	k:Animalia(1.00),p:Chordata(1.00),c:Actinopterygii(1.00),o:Perciformes(1.00),f:Labridae(1.00),g:Symphodus(1.00),s:Symphodus_melops(1.00)	+	k:Animalia,p:Chordata,c:Actinopterygii,o:Perciformes,f:Labridae,g:Symphodus,s:Symphodus_melops
dme1_000026717			
dme1_000025005			
dme1_000027161			
dme1_000023625	k:Animalia(1.00),p:Chordata(1.00),c:Actinopterygii(1.00),o:Siluriformes(1.00),f:Ictaluridae(0.85),g:Ameiurus(0.27),s:Ameiurus_melas(0.27)	+	k:Animalia,p:Chordata,c:Actinopterygii,o:Siluriformes,f:Ictaluridae
dme1_000017630	k:Animalia(1.00),p:Chordata(1.00),c:Actinopterygii(1.00),o:Perciformes(0.99),f:Gobiidae(0.99),g:Gobius(0.99),s:Gobius_niger(0.99)	+	k:Animalia,p:Chordata,c:Actinopterygii,o:Perciformes,f:Gobiidae,g:Gobius,s:Gobius_niger
dme1_000016588	k:Animalia(1.00),p:Chordata(1.00),c:Actinopterygii(1.00),o:Perciformes(1.00),f:Ammodytidae(1.00),g:Hyperoplus(0.75),s:Hyperoplus_immaculatus(0.75)	+	k:Animalia,p:Chordata,c:Actinopterygii,o:Perciformes,f:Ammodytidae,g:Hyperoplus,s:Hyperoplus_immaculatus
dme1_000024363			
dme1_000017219	k:Animalia(1.00),p:Chordata(1.00),c:Actinopterygii(1.00),o:Perciformes(1.00),f:Labridae(1.00),g:Symphodus(1.00),s:Symphodus_melops(1.00)	+	k:Animalia,p:Chordata,c:Actinopterygii,o:Perciformes,f:Labridae,g:Symphodus,s:Symphodus_melops
dme1_000022161	k:Animalia(1.00),p:Chordata(1.00),c:Actinopterygii(1.00),o:Salmoniformes(1.00),f:Salmonidae(1.00),g:Salmo(1.00),s:Salmo_salar(1.00)	+	k:Animalia,p:Chordata,c:Actinopterygii,o:Salmoniformes,f:Salmonidae,g:Salmo,s:Salmo_salar
dme1_000026456	k:Animalia(1.00),p:Chordata(1.00),c:Actinopterygii(1.00),o:Gadiformes(1.00),f:Gadidae(1.00),g:Gadus(1.00),s:Gadus_morhua(1.00)	+	k:Animalia,p:Chordata,c:Actinopterygii,o:Gadiformes,f:Gadidae,g:Gadus,s:Gadus_morhua
dme1_000027208			
dme1_000021317			
dme1_000024953			
dme1_000028852			
dme1_000023579			
dme1_000018100	k:Animalia(1.00),p:Chordata(1.00),c:Actinopterygii(1.00),o:Mugiliformes(1.00),f:Mugilidae(1.00),g:Chelon(1.00),s:Chelon_labrosus(0.99)	+	k:Animalia,p:Chordata,c:Actinopterygii,o:Mugiliformes,f:Mugilidae,g:Chelon,s:Chelon_labrosus
dme1_000025839			
dme1_000027301	k:Animalia(1.00),p:Chordata(1.00),c:Actinopterygii(1.00),o:Perciformes(1.00),f:Ammodytidae(1.00),g:Ammodytes(1.00),s:Ammodytes_marinus(0.97)	+	k:Animalia,p:Chordata,c:Actinopterygii,o:Perciformes,f:Ammodytidae,g:Ammodytes,s:Ammodytes_marinus
dme1_000027868			
dme1_000023123	k:Animalia(1.00),p:Chordata(1.00),c:Actinopterygii(1.00),o:Siluriformes(0.97),f:Siluridae(0.12),g:Silurus(0.12),s:Silurus_glanis(0.12)	+	k:Animalia,p:Chordata,c:Actinopterygii,o:Siluriformes
dme1_000014587			
dme1_000028451	k:Animalia(1.00),p:Chordata(1.00),c:Actinopterygii(1.00),o:Perciformes(1.00),f:Labridae(1.00),g:Labrus(1.00),s:Labrus_bergylta(1.00)	+	k:Animalia,p:Chordata,c:Actinopterygii,o:Perciformes,f:Labridae,g:Labrus,s:Labrus_bergylta
dme1_000027981	k:Animalia(1.00),p:Chordata(1.00),c:Actinopterygii(1.00),o:Siluriformes(1.00),f:Siluridae(0.70),g:Silurus(0.70),s:Silurus_glanis(0.70)	+	k:Animalia,p:Chordata,c:Actinopterygii,o:Siluriformes
dme1_000030253			
dme1_000030425			
dme1_000030428			
dme1_000030514			
dme1_000030565			
dme1_000034251			
dme1_000030577			
dme1_000031423			
dme1_000034284	k:Animalia(1.00),p:Chordata(1.00),c:Actinopterygii(1.00),o:Gadiformes(1.00),f:Gadidae(1.00),g:Trisopterus(1.00),s:Trisopterus_minutus(0.74)	+	k:Animalia,p:Chordata,c:Actinopterygii,o:Gadiformes,f:Gadidae,g:Trisopterus,s:Trisopterus_minutus
dme1_000026648			
dme1_000030953	k:Animalia(1.00),p:Chordata(1.00),c:Actinopterygii(1.00),o:Perciformes(1.00),f:Labridae(1.00),g:Ctenolabrus(1.00),s:Ctenolabrus_rupestris(1.00)	+	k:Animalia,p:Chordata,c:Actinopterygii,o:Perciformes,f:Labridae,g:Ctenolabrus,s:Ctenolabrus_rupestris
dme1_000034622			
dme1_000025996			
dme1_000027628	k:Animalia(1.00),p:Chordata(1.00),c:Actinopterygii(1.00),o:Siluriformes(0.98),f:Siluridae(0.28),g:Silurus(0.28),s:Silurus_glanis(0.28)	+	k:Animalia,p:Chordata,c:Actinopterygii,o:Siluriformes
dme1_000031568			
dme1_000032851			
dme1_000034137	k:Animalia(1.00),p:Chordata(1.00),c:Actinopterygii(1.00),o:Gadiformes(1.00),f:Gadidae(1.00),g:Gadus(1.00),s:Gadus_morhua(1.00)	+	k:Animalia,p:Chordata,c:Actinopterygii,o:Gadiformes,f:Gadidae,g:Gadus,s:Gadus_morhua
dme1_000037213			
dme1_000031887			
dme1_000038413	k:Animalia(1.00),p:Chordata(1.00),c:Actinopterygii(1.00),o:Perciformes(1.00),f:Labridae(1.00),g:Labrus(1.00),s:Labrus_bergylta(1.00)	+	k:Animalia,p:Chordata,c:Actinopterygii,o:Perciformes,f:Labridae,g:Labrus,s:Labrus_bergylta
dme1_000033743			
dme1_000035387	k:Animalia(1.00),p:Chordata(1.00),c:Actinopterygii(1.00),o:Siluriformes(1.00),f:Siluridae(0.25),g:Silurus(0.25),s:Silurus_glanis(0.25)	+	k:Animalia,p:Chordata,c:Actinopterygii,o:Siluriformes
dme1_000035675			
dme1_000034815	k:Animalia(1.00),p:Chordata(1.00),c:Actinopterygii(1.00),o:Mugiliformes(1.00),f:Mugilidae(1.00),g:Chelon(1.00),s:Chelon_auratus(1.00)	+	k:Animalia,p:Chordata,c:Actinopterygii,o:Mugiliformes,f:Mugilidae,g:Chelon,s:Chelon_auratus
dme1_000031628			
dme1_000034717	k:Animalia(1.00),p:Chordata(1.00),c:Actinopterygii(1.00),o:Siluriformes(0.94),f:Ictaluridae(0.90),g:Ictalurus(0.73),s:Ictalurus_punctatus(0.73)	+	k:Animalia,p:Chordata,c:Actinopterygii,o:Siluriformes,f:Ictaluridae,g:Ictalurus,s:Ictalurus_punctatus
dme1_000036806	k:Animalia(1.00),p:Chordata(1.00),c:Actinopterygii(1.00),o:Gadiformes(1.00),f:Gadidae(1.00),g:Trisopterus(1.00),s:Trisopterus_minutus(1.00)	+	k:Animalia,p:Chordata,c:Actinopterygii,o:Gadiformes,f:Gadidae,g:Trisopterus,s:Trisopterus_minutus
dme1_000038530	k:Animalia(1.00),p:Chordata(1.00),c:Actinopterygii(1.00),o:Gadiformes(1.00),f:Gadidae(1.00),g:Micromesistius(0.99),s:Micromesistius_poutassou(0.99)	+	k:Animalia,p:Chordata,c:Actinopterygii,o:Gadiformes,f:Gadidae,g:Micromesistius,s:Micromesistius_poutassou
dme1_000039784			
dme1_000035179	k:Animalia(1.00),p:Chordata(1.00),c:Actinopterygii(1.00),o:Gadiformes(1.00),f:Gadidae(1.00),g:Pollachius(0.96),s:Pollachius_pollachius(0.96)	+	k:Animalia,p:Chordata,c:Actinopterygii,o:Gadiformes,f:Gadidae,g:Pollachius,s:Pollachius_pollachius
dme1_000041619			
dme1_000038928			
dme1_000042740	k:Animalia(1.00),p:Chordata(1.00),c:Actinopterygii(1.00),o:Siluriformes(0.92),f:Ictaluridae(0.77),g:Ictalurus(0.49),s:Ictalurus_punctatus(0.49)	+	k:Animalia,p:Chordata,c:Actinopterygii,o:Siluriformes,f:Ictaluridae
dme1_000039191	k:Animalia(1.00),p:Chordata(1.00),c:Actinopterygii(1.00),o:Siluriformes(1.00),f:Ictaluridae(0.84),g:Ictalurus(0.56),s:Ictalurus_punctatus(0.56)	+	k:Animalia,p:Chordata,c:Actinopterygii,o:Siluriformes,f:Ictaluridae
dme1_000030227			
dme1_000040771			
dme1_000044116			
dme1_000038476			
dme1_000039677			
dme1_000037554			
dme1_000040970			
dme1_000041290			
dme1_000049094	k:Animalia(1.00),p:Chordata(1.00),c:Actinopterygii(1.00),o:Pleuronectiformes(0.38),f:Pleuronectidae(0.37),g:Hippoglossus(0.07),s:Hippoglossus_hippoglossus(0.07)	+	k:Animalia,p:Chordata,c:Actinopterygii
dme1_000044174	k:Animalia(1.00),p:Chordata(1.00),c:Actinopterygii(1.00),o:Perciformes(1.00),f:Ammodytidae(1.00),g:Hyperoplus(0.76),s:Hyperoplus_immaculatus(0.76)	+	k:Animalia,p:Chordata,c:Actinopterygii,o:Perciformes,f:Ammodytidae,g:Hyperoplus,s:Hyperoplus_immaculatus
dme1_000042056			
dme1_000045552	k:Animalia(1.00),p:Chordata(1.00),c:Actinopterygii(1.00),o:Scorpaeniformes(1.00),f:Cottidae(1.00),g:Myoxocephalus(1.00),s:Myoxocephalus_scorpius(1.00)	+	k:Animalia,p:Chordata,c:Actinopterygii,o:Scorpaeniformes,f:Cottidae,g:Myoxocephalus,s:Myoxocephalus_scorpius
dme1_000049330			
dme1_000043206			
dme1_000042577			
dme1_000049227	k:Animalia(1.00),p:Chordata(1.00),c:Actinopterygii(1.00),o:Perciformes(0.99),f:Sparidae(0.99),g:Pagellus(0.82),s:Pagellus_bogaraveo(0.78)	+	k:Animalia,p:Chordata,c:Actinopterygii,o:Perciformes,f:Sparidae,g:Pagellus,s:Pagellus_bogaraveo
dme1_000041024	k:Animalia(1.00),p:Chordata(1.00),c:Actinopterygii(1.00),o:Scorpaeniformes(1.00),f:Cottidae(1.00),g:Taurulus(1.00),s:Taurulus_bubalis(1.00)	+	k:Animalia,p:Chordata,c:Actinopterygii,o:Scorpaeniformes,f:Cottidae,g:Taurulus,s:Taurulus_bubalis
dme1_000046896			
dme1_000049954	k:Animalia(1.00),p:Chordata(1.00),c:Actinopterygii(1.00),o:Clupeiformes(1.00),f:Clupeidae(1.00),g:Clupea(1.00),s:Clupea_harengus(1.00)	+	k:Animalia,p:Chordata,c:Actinopterygii,o:Clupeiformes,f:Clupeidae,g:Clupea,s:Clupea_harengus
dme1_000047987			
dme1_000045916	k:Animalia(1.00),p:Chordata(1.00),c:Actinopterygii(1.00),o:Siluriformes(1.00),f:Ictaluridae(0.86),g:Ictalurus(0.65),s:Ictalurus_punctatus(0.65)	+	k:Animalia,p:Chordata,c:Actinopterygii,o:Siluriformes,f:Ictaluridae
dme1_000051364	k:Animalia(1.00),p:Chordata(1.00),c:Actinopterygii(1.00),o:Clupeiformes(1.00),f:Clupeidae(1.00),g:Clupea(1.00),s:Clupea_harengus(1.00)	+	k:Animalia,p:Chordata,c:Actinopterygii,o:Clupeiformes,f:Clupeidae,g:Clupea,s:Clupea_harengus
dme1_000049722	k:Animalia(1.00),p:Chordata(1.00),c:Actinopterygii(1.00),o:Perciformes(0.44),f:Cichlidae(0.18),g:Oreochromis(0.05),s:Oreochromis_niloticus(0.05)	+	k:Animalia,p:Chordata,c:Actinopterygii
dme1_000045774			
dme1_000052118			
dme1_000045477	k:Animalia(1.00),p:Chordata(1.00),c:Actinopterygii(1.00),o:Gadiformes(1.00),f:Gadidae(1.00),g:Trisopterus(1.00),s:Trisopterus_esmarkii(0.99)	+	k:Animalia,p:Chordata,c:Actinopterygii,o:Gadiformes,f:Gadidae,g:Trisopterus,s:Trisopterus_esmarkii
dme1_000054834			
dme1_000042874	k:Animalia(1.00),p:Chordata(1.00),c:Actinopterygii(1.00),o:Perciformes(1.00),f:Moronidae(1.00),g:Dicentrarchus(1.00),s:Dicentrarchus_labrax(1.00)	+	k:Animalia,p:Chordata,c:Actinopterygii,o:Perciformes,f:Moronidae,g:Dicentrarchus,s:Dicentrarchus_labrax
dme1_000051034			
dme1_000051215	k:Animalia(1.00),p:Chordata(1.00),c:Actinopterygii(1.00),o:Perciformes(1.00),f:Stichaeidae(1.00),g:Chirolophis(0.94),s:Chirolophis_ascanii(0.94)	+	k:Animalia,p:Chordata,c:Actinopterygii,o:Perciformes,f:Stichaeidae,g:Chirolophis,s:Chirolophis_ascanii
dme1_000054399			
dme1_000041253			
dme1_000051031	k:Animalia(1.00),p:Chordata(1.00),c:Actinopterygii(1.00),o:Gadiformes(1.00),f:Gadidae(1.00),g:Gadus(1.00),s:Gadus_morhua(1.00)	+	k:Animalia,p:Chordata,c:Actinopterygii,o:Gadiformes,f:Gadidae,g:Gadus,s:Gadus_morhua
dme1_000049020	k:Animalia(1.00),p:Chordata(1.00),c:Actinopterygii(1.00),o:Mugiliformes(1.00),f:Mugilidae(1.00),g:Chelon(1.00),s:Chelon_labrosus(1.00)	+	k:Animalia,p:Chordata,c:Actinopterygii,o:Mugiliformes,f:Mugilidae,g:Chelon,s:Chelon_labrosus
dme1_000054118			
dme1_000053110			
dme1_000038878			
dme1_000054697			
dme1_000054423			
dme1_000052330			
dme1_000052434	k:Animalia(1.00),p:Chordata(1.00),c:Actinopterygii(1.00),o:Perciformes(1.00),f:Carangidae(1.00),g:Trachurus(1.00),s:Trachurus_trachurus(1.00)	+	k:Animalia,p:Chordata,c:Actinopterygii,o:Perciformes,f:Carangidae,g:Trachurus,s:Trachurus_trachurus
dme1_000055436			
dme1_000056050			
dme1_000051248			
dme1_000056366	k:Animalia(1.00),p:Chordata(1.00),c:Actinopterygii(1.00),o:Perciformes(1.00),f:Moronidae(1.00),g:Dicentrarchus(1.00),s:Dicentrarchus_labrax(1.00)	+	k:Animalia,p:Chordata,c:Actinopterygii,o:Perciformes,f:Moronidae,g:Dicentrarchus,s:Dicentrarchus_labrax
dme1_000055602			
dme1_000055458	k:Animalia(1.00),p:Chordata(1.00),c:Actinopterygii(1.00),o:Perciformes(1.00),f:Blenniidae(1.00),g:Lipophrys(1.00),s:Lipophrys_pholis(1.00)	+	k:Animalia,p:Chordata,c:Actinopterygii,o:Perciformes,f:Blenniidae,g:Lipophrys,s:Lipophrys_pholis
dme1_000059489	k:Animalia(1.00),p:Chordata(1.00),c:Actinopterygii(1.00),o:Pleuronectiformes(1.00),f:Scophthalmidae(1.00),g:Zeugopterus(1.00),s:Zeugopterus_punctatus(1.00)	+	k:Animalia,p:Chordata,c:Actinopterygii,o:Pleuronectiformes,f:Scophthalmidae,g:Zeugopterus,s:Zeugopterus_punctatus
dme1_000037133	k:Animalia(1.00),p:Chordata(1.00),c:Actinopterygii(1.00),o:Perciformes(1.00),f:Labridae(1.00),g:Symphodus(1.00),s:Symphodus_melops(1.00)	+	k:Animalia,p:Chordata,c:Actinopterygii,o:Perciformes,f:Labridae,g:Symphodus,s:Symphodus_melops
dme1_000056582			
dme1_000054916			
dme1_000052536			
dme1_000062138			
dme1_000061265			
dme1_000062314			
dme1_000058269	k:Animalia(1.00),p:Chordata(1.00),c:Actinopterygii(1.00),o:Siluriformes(0.80),f:Siluridae(0.43),g:Silurus(0.43),s:Silurus_glanis(0.43)	+	k:Animalia,p:Chordata,c:Actinopterygii,o:Siluriformes
dme1_000059120			
dme1_000049872	k:Animalia(1.00),p:Chordata(1.00),c:Actinopterygii(1.00),o:Perciformes(1.00),f:Gobiidae(1.00),g:Gobiusculus(1.00),s:Gobiusculus_flavescens(1.00)	+	k:Animalia,p:Chordata,c:Actinopterygii,o:Perciformes,f:Gobiidae,g:Gobiusculus,s:Gobiusculus_flavescens
dme1_000063028	k:Animalia(1.00),p:Chordata(1.00),c:Actinopterygii(1.00),o:Atheriniformes(1.00),f:Atherinidae(1.00),g:Atherina(1.00),s:Atherina_boyeri(1.00)	+	k:Animalia,p:Chordata,c:Actinopterygii,o:Atheriniformes,f:Atherinidae,g:Atherina,s:Atherina_boyeri
dme1_000063048			
dme1_000056986			
dme1_000059912			
dme1_000066455			
dme1_000063974	k:Animalia(1.00),p:Chordata(1.00),c:Actinopterygii(1.00),o:Siluriformes(0.99),f:Ictaluridae(0.77),g:Ameiurus(0.13),s:Ameiurus_melas(0.13)	+	k:Animalia,p:Chordata,c:Actinopterygii,o:Siluriformes,f:Ictaluridae
dme1_000063822	k:Animalia(1.00),p:Chordata(1.00),c:Actinopterygii(1.00),o:Perciformes(1.00),f:Gobiidae(1.00),g:Pomatoschistus(1.00),s:Pomatoschistus_minutus(1.00)	+	k:Animalia,p:Chordata,c:Actinopterygii,o:Perciformes,f:Gobiidae,g:Pomatoschistus,s:Pomatoschistus_minutus
dme1_000066542	k:Animalia(1.00),p:Chordata(1.00),c:Actinopterygii(1.00),o:Mugiliformes(1.00),f:Mugilidae(1.00),g:Chelon(1.00),s:Chelon_auratus(1.00)	+	k:Animalia,p:Chordata,c:Actinopterygii,o:Mugiliformes,f:Mugilidae,g:Chelon,s:Chelon_auratus
dme1_000055285	k:Animalia(1.00),p:Chordata(1.00),c:Actinopterygii(1.00),o:Perciformes(1.00),f:Scombridae(1.00),g:Scomber(1.00),s:Scomber_scombrus(1.00)	+	k:Animalia,p:Chordata,c:Actinopterygii,o:Perciformes,f:Scombridae,g:Scomber,s:Scomber_scombrus
dme1_000049215	k:Animalia(1.00),p:Chordata(1.00),c:Actinopterygii(1.00),o:Pleuronectiformes(0.34),f:Pleuronectidae(0.33),g:Glyptocephalus(0.32),s:Glyptocephalus_cynoglossus(0.32)	+	k:Animalia,p:Chordata,c:Actinopterygii
dme1_000055469			
dme1_000064938	k:Animalia(1.00),p:Chordata(1.00),c:Actinopterygii(1.00),o:Siluriformes(0.97),f:Ictaluridae(0.85),g:Ictalurus(0.71),s:Ictalurus_punctatus(0.71)	+	k:Animalia,p:Chordata,c:Actinopterygii,o:Siluriformes,f:Ictaluridae,g:Ictalurus,s:Ictalurus_punctatus
dme1_000066452			
dme1_000072556			
dme1_000067422			
dme1_000060440			
dme1_000071570			
dme1_000071642			
dme1_000064464	k:Animalia(1.00),p:Chordata(1.00),c:Actinopterygii(1.00),o:Gadiformes(1.00),f:Lotidae(1.00),g:Molva(1.00),s:Molva_molva(1.00)	+	k:Animalia,p:Chordata,c:Actinopterygii,o:Gadiformes,f:Lotidae,g:Molva,s:Molva_molva
dme1_000066985			
dme1_000068863	k:Animalia(1.00),p:Chordata(1.00),c:Actinopterygii(1.00),o:Gadiformes(1.00),f:Gadidae(1.00),g:Gadus(0.10),s:Gadus_morhua(0.10)	+	k:Animalia,p:Chordata,c:Actinopterygii,o:Gadiformes,f:Gadidae
dme1_000072856			
dme1_000070034			
dme1_000071600			
dme1_000068660	k:Animalia(1.00),p:Chordata(1.00),c:Actinopterygii(1.00),o:Siluriformes(1.00),f:Ictaluridae(0.81),g:Ameiurus(0.27),s:Ameiurus_melas(0.27)	+	k:Animalia,p:Chordata,c:Actinopterygii,o:Siluriformes,f:Ictaluridae
dme1_000069048	k:Animalia(1.00),p:Chordata(1.00),c:Actinopterygii(1.00),o:Perciformes(1.00),f:Labridae(1.00),g:Symphodus(1.00),s:Symphodus_bailloni(1.00)	+	k:Animalia,p:Chordata,c:Actinopterygii,o:Perciformes,f:Labridae,g:Symphodus,s:Symphodus_bailloni
dme1_000080181			
dme1_000079852	k:Animalia(1.00),p:Chordata(1.00),c:Actinopterygii(1.00),o:Gadiformes(1.00),f:Merlucciidae(1.00),g:Merluccius(1.00),s:Merluccius_merluccius(1.00)	+	k:Animalia,p:Chordata,c:Actinopterygii,o:Gadiformes,f:Merlucciidae,g:Merluccius,s:Merluccius_merluccius
dme1_000075834	k:Animalia(1.00),p:Chordata(1.00),c:Actinopterygii(1.00),o:Gadiformes(1.00),f:Gadidae(1.00),g:Trisopterus(1.00),s:Trisopterus_minutus(1.00)	+	k:Animalia,p:Chordata,c:Actinopterygii,o:Gadiformes,f:Gadidae,g:Trisopterus,s:Trisopterus_minutus
dme1_000062898			
dme1_000074148			
dme1_000060507	k:Animalia(1.00),p:Chordata(1.00),c:Actinopterygii(1.00),o:Perciformes(1.00),f:Moronidae(1.00),g:Dicentrarchus(1.00),s:Dicentrarchus_labrax(1.00)	+	k:Animalia,p:Chordata,c:Actinopterygii,o:Perciformes,f:Moronidae,g:Dicentrarchus,s:Dicentrarchus_labrax
dme1_000078454			
dme1_000075940	k:Animalia(1.00),p:Chordata(1.00),c:Actinopterygii(1.00),o:Gadiformes(1.00),f:Gadidae(1.00),g:Micromesistius(0.99),s:Micromesistius_poutassou(0.99)	+	k:Animalia,p:Chordata,c:Actinopterygii,o:Gadiformes,f:Gadidae,g:Micromesistius,s:Micromesistius_poutassou
dme1_000081058	k:Animalia(1.00),p:Chordata(1.00),c:Actinopterygii(1.00),o:Perciformes(1.00),f:Pholidae(1.00),g:Pholis(1.00),s:Pholis_gunnellus(1.00)	+	k:Animalia,p:Chordata,c:Actinopterygii,o:Perciformes,f:Pholidae,g:Pholis,s:Pholis_gunnellus
dme1_000075945			
dme1_000080740			
dme1_000063425			
dme1_000080388	k:Animalia(1.00),p:Chordata(1.00),c:Actinopterygii(1.00),o:Perciformes(1.00),f:Ammodytidae(1.00),g:Ammodytes(1.00),s:Ammodytes_tobianus(0.99)	+	k:Animalia,p:Chordata,c:Actinopterygii,o:Perciformes,f:Ammodytidae,g:Ammodytes,s:Ammodytes_tobianus
dme1_000077350	k:Animalia(1.00),p:Chordata(1.00),c:Actinopterygii(1.00),o:Perciformes(1.00),f:Sparidae(1.00),g:Sparus(1.00),s:Sparus_aurata(1.00)	+	k:Animalia,p:Chordata,c:Actinopterygii,o:Perciformes,f:Sparidae,g:Sparus,s:Sparus_aurata
dme1_000080059	k:Animalia(1.00),p:Chordata(1.00),c:Actinopterygii(1.00),o:Perciformes(1.00),f:Gobiidae(1.00),g:Pomatoschistus(1.00),s:Pomatoschistus_minutus(1.00)	+	k:Animalia,p:Chordata,c:Actinopterygii,o:Perciformes,f:Gobiidae,g:Pomatoschistus,s:Pomatoschistus_minutus
dme1_000077193			
dme1_000075254			
dme1_000077395	k:Animalia(1.00),p:Chordata(1.00),c:Actinopterygii(1.00),o:Gadiformes(1.00),f:Gadidae(1.00),g:Trisopterus(1.00),s:Trisopterus_minutus(1.00)	+	k:Animalia,p:Chordata,c:Actinopterygii,o:Gadiformes,f:Gadidae,g:Trisopterus,s:Trisopterus_minutus
dme1_000069297	k:Animalia(1.00),p:Chordata(1.00),c:Actinopterygii(1.00),o:Perciformes(1.00),f:Labridae(1.00),g:Ctenolabrus(1.00),s:Ctenolabrus_rupestris(1.00)	+	k:Animalia,p:Chordata,c:Actinopterygii,o:Perciformes,f:Labridae,g:Ctenolabrus,s:Ctenolabrus_rupestris
dme1_000081653	k:Animalia(1.00),p:Chordata(1.00),c:Actinopterygii(1.00),o:Gadiformes(1.00),f:Gadidae(1.00),g:Trisopterus(1.00),s:Trisopterus_esmarkii(1.00)	+	k:Animalia,p:Chordata,c:Actinopterygii,o:Gadiformes,f:Gadidae,g:Trisopterus,s:Trisopterus_esmarkii
dme1_000057637	k:Animalia(1.00),p:Chordata(1.00),c:Actinopterygii(1.00),o:Scorpaeniformes(1.00),f:Cottidae(1.00),g:Taurulus(1.00),s:Taurulus_bubalis(1.00)	+	k:Animalia,p:Chordata,c:Actinopterygii,o:Scorpaeniformes,f:Cottidae,g:Taurulus,s:Taurulus_bubalis
dme1_000083615	k:Animalia(1.00),p:Chordata(1.00),c:Actinopterygii(1.00),o:Syngnathiformes(1.00),f:Syngnathidae(1.00),g:Syngnathus(1.00),s:Syngnathus_acus(1.00)	+	k:Animalia,p:Chordata,c:Actinopterygii,o:Syngnathiformes,f:Syngnathidae,g:Syngnathus,s:Syngnathus_acus
dme1_000082605			
dme1_000083198			
dme1_000084070			
dme1_000089032			
dme1_000083997	k:Animalia(1.00),p:Chordata(1.00),c:Actinopterygii(1.00),o:Perciformes(1.00),f:Gobiidae(1.00),g:Crystallogobius(1.00),s:Crystallogobius_linearis(1.00)	+	k:Animalia,p:Chordata,c:Actinopterygii,o:Perciformes,f:Gobiidae,g:Crystallogobius,s:Crystallogobius_linearis
dme1_000083122			
dme1_000083013			
dme1_000085266			
dme1_000083456			
dme1_000086126			
dme1_000085553			
dme1_000066669			
dme1_000062708	k:Animalia(1.00),p:Chordata(1.00),c:Actinopterygii(1.00),o:Pleuronectiformes(0.99),f:Pleuronectidae(0.99),g:Platichthys(0.67),s:Platichthys_flesus(0.67)	+	k:Animalia,p:Chordata,c:Actinopterygii,o:Pleuronectiformes,f:Pleuronectidae
dme1_000087966			
dme1_000094397			
dme1_000091063	k:Animalia(1.00),p:Chordata(1.00),c:Actinopterygii(1.00),o:Salmoniformes(1.00),f:Salmonidae(1.00),g:Salmo(0.98),s:Salmo_salar(0.98)	+	k:Animalia,p:Chordata,c:Actinopterygii,o:Salmoniformes,f:Salmonidae,g:Salmo,s:Salmo_salar
dme1_000055221			
dme1_000096334	k:Animalia(1.00),p:Chordata(1.00),c:Actinopterygii(1.00),o:Clupeiformes(1.00),f:Clupeidae(1.00),g:Clupea(1.00),s:Clupea_harengus(1.00)	+	k:Animalia,p:Chordata,c:Actinopterygii,o:Clupeiformes,f:Clupeidae,g:Clupea,s:Clupea_harengus
dme1_000092308			
dme1_000085745			
dme1_000090049			
dme1_000093172			
dme1_000073764			
dme1_000101098			
dme1_000101975	k:Animalia(1.00),p:Chordata(1.00),c:Actinopterygii(1.00),o:Perciformes(1.00),f:Labridae(1.00),g:Labrus(1.00),s:Labrus_bergylta(1.00)	+	k:Animalia,p:Chordata,c:Actinopterygii,o:Perciformes,f:Labridae,g:Labrus,s:Labrus_bergylta
dme1_000088387			
dme1_000093602			
dme1_000078217	k:Animalia(1.00),p:Chordata(1.00),c:Actinopterygii(1.00),o:Perciformes(1.00),f:Gobiidae(1.00),g:Pomatoschistus(1.00),s:Pomatoschistus_minutus(1.00)	+	k:Animalia,p:Chordata,c:Actinopterygii,o:Perciformes,f:Gobiidae,g:Pomatoschistus,s:Pomatoschistus_minutus
dme1_000107557			
dme1_000091562			
dme1_000100158	k:Animalia(1.00),p:Chordata(1.00),c:Actinopterygii(1.00),o:Gadiformes(1.00),f:Gadidae(1.00),g:Gadus(1.00),s:Gadus_morhua(1.00)	+	k:Animalia,p:Chordata,c:Actinopterygii,o:Gadiformes,f:Gadidae,g:Gadus,s:Gadus_morhua
dme1_000091276			
dme1_000071589	k:Animalia(1.00),p:Chordata(1.00),c:Actinopterygii(1.00),o:Salmoniformes(1.00),f:Salmonidae(1.00),g:Salmo(1.00),s:Salmo_salar(1.00)	+	k:Animalia,p:Chordata,c:Actinopterygii,o:Salmoniformes,f:Salmonidae,g:Salmo,s:Salmo_salar
dme1_000108526			
dme1_000101677	k:Animalia(1.00),p:Chordata(1.00),c:Actinopterygii(1.00),o:Gadiformes(1.00),f:Gadidae(1.00),g:Raniceps(1.00),s:Raniceps_raninus(1.00)	+	k:Animalia,p:Chordata,c:Actinopterygii,o:Gadiformes,f:Gadidae,g:Raniceps,s:Raniceps_raninus
dme1_000109673	k:Animalia(1.00),p:Chordata(1.00),c:Actinopterygii(1.00),o:Pleuronectiformes(0.98),f:Pleuronectidae(0.98),g:Platichthys(0.76),s:Platichthys_flesus(0.76)	+	k:Animalia,p:Chordata,c:Actinopterygii,o:Pleuronectiformes,f:Pleuronectidae,g:Platichthys,s:Platichthys_flesus
dme1_000103438			
dme1_000102224			
dme1_000111734	k:Animalia(1.00),p:Chordata(1.00),c:Actinopterygii(1.00),o:Scorpaeniformes(1.00),f:Triglidae(1.00),g:Chelidonichthys(1.00),s:Chelidonichthys_cuculus(1.00)	+	k:Animalia,p:Chordata,c:Actinopterygii,o:Scorpaeniformes,f:Triglidae,g:Chelidonichthys,s:Chelidonichthys_cuculus
dme1_000111851	k:Animalia(1.00),p:Chordata(1.00),c:Actinopterygii(1.00),o:Perciformes(1.00),f:Moronidae(1.00),g:Dicentrarchus(1.00),s:Dicentrarchus_labrax(1.00)	+	k:Animalia,p:Chordata,c:Actinopterygii,o:Perciformes,f:Moronidae,g:Dicentrarchus,s:Dicentrarchus_labrax
dme1_000102846			
dme1_000107359			
dme1_000117804			
dme1_000112229			
dme1_000119804	k:Animalia(1.00),p:Chordata(1.00),c:Actinopterygii(1.00),o:Gadiformes(1.00),f:Gadidae(1.00),g:Trisopterus(1.00),s:Trisopterus_esmarkii(1.00)	+	k:Animalia,p:Chordata,c:Actinopterygii,o:Gadiformes,f:Gadidae,g:Trisopterus,s:Trisopterus_esmarkii
dme1_000125799	k:Animalia(1.00),p:Chordata(1.00),c:Actinopterygii(1.00),o:Perciformes(1.00),f:Moronidae(1.00),g:Dicentrarchus(1.00),s:Dicentrarchus_labrax(1.00)	+	k:Animalia,p:Chordata,c:Actinopterygii,o:Perciformes,f:Moronidae,g:Dicentrarchus,s:Dicentrarchus_labrax
dme1_000116970	k:Animalia(1.00),p:Chordata(1.00),c:Actinopterygii(1.00),o:Perciformes(1.00),f:Ammodytidae(1.00),g:Ammodytes(1.00),s:Ammodytes_marinus(0.93)	+	k:Animalia,p:Chordata,c:Actinopterygii,o:Perciformes,f:Ammodytidae,g:Ammodytes,s:Ammodytes_marinus
dme1_000117578			
dme1_000090798			
dme1_000099009			
dme1_000107438	k:Animalia(1.00),p:Chordata(1.00),c:Actinopterygii(1.00),o:Atheriniformes(1.00),f:Atherinidae(1.00),g:Atherina(1.00),s:Atherina_boyeri(1.00)	+	k:Animalia,p:Chordata,c:Actinopterygii,o:Atheriniformes,f:Atherinidae,g:Atherina,s:Atherina_boyeri
dme1_000159233			
dme1_000110205	k:Animalia(1.00),p:Chordata(1.00),c:Actinopterygii(1.00),o:Perciformes(1.00),f:Labridae(1.00),g:Labrus(1.00),s:Labrus_bergylta(0.98)	+	k:Animalia,p:Chordata,c:Actinopterygii,o:Perciformes,f:Labridae,g:Labrus,s:Labrus_bergylta
dme1_000119265			
dme1_000125582			
dme1_000130022	k:Animalia(1.00),p:Chordata(1.00),c:Actinopterygii(1.00),o:Gadiformes(1.00),f:Gadidae(1.00),g:Trisopterus(1.00),s:Trisopterus_esmarkii(1.00)	+	k:Animalia,p:Chordata,c:Actinopterygii,o:Gadiformes,f:Gadidae,g:Trisopterus,s:Trisopterus_esmarkii
dme1_000161087			
dme1_000127047			
dme1_000159412			
dme1_000135766	k:Animalia(1.00),p:Chordata(1.00),c:Actinopterygii(1.00),o:Gadiformes(1.00),f:Gadidae(1.00),g:Trisopterus(1.00),s:Trisopterus_esmarkii(1.00)	+	k:Animalia,p:Chordata,c:Actinopterygii,o:Gadiformes,f:Gadidae,g:Trisopterus,s:Trisopterus_esmarkii
dme1_000127049			
dme1_000111955			
dme1_000127729			
dme1_000141406			
dme1_000116963	k:Animalia(1.00),p:Chordata(1.00),c:Actinopterygii(1.00),o:Atheriniformes(1.00),f:Atherinidae(1.00),g:Atherina(1.00),s:Atherina_boyeri(1.00)	+	k:Animalia,p:Chordata,c:Actinopterygii,o:Atheriniformes,f:Atherinidae,g:Atherina,s:Atherina_boyeri
dme1_000125932			
dme1_000161464			
dme1_000129396			
dme1_000135697			
dme1_000149767	k:Animalia(1.00),p:Chordata(1.00),c:Actinopterygii(1.00),o:Gadiformes(1.00),f:Gadidae(1.00),g:Trisopterus(1.00),s:Trisopterus_minutus(1.00)	+	k:Animalia,p:Chordata,c:Actinopterygii,o:Gadiformes,f:Gadidae,g:Trisopterus,s:Trisopterus_minutus
dme1_000112359	k:Animalia(1.00),p:Chordata(1.00),c:Actinopterygii(1.00),o:Gadiformes(1.00),f:Gadidae(1.00),g:Pollachius(0.96),s:Pollachius_virens(0.76)	+	k:Animalia,p:Chordata,c:Actinopterygii,o:Gadiformes,f:Gadidae,g:Pollachius,s:Pollachius_virens
dme1_000135639	k:Animalia(1.00),p:Chordata(1.00),c:Actinopterygii(1.00),o:Perciformes(1.00),f:Labridae(1.00),g:Symphodus(1.00),s:Symphodus_melops(1.00)	+	k:Animalia,p:Chordata,c:Actinopterygii,o:Perciformes,f:Labridae,g:Symphodus,s:Symphodus_melops
dme1_000138336			
dme1_000157445			
dme1_000162051	k:Animalia(1.00),p:Chordata(1.00),c:Actinopterygii(1.00),o:Salmoniformes(1.00),f:Salmonidae(1.00),g:Salmo(1.00),s:Salmo_salar(1.00)	+	k:Animalia,p:Chordata,c:Actinopterygii,o:Salmoniformes,f:Salmonidae,g:Salmo,s:Salmo_salar
dme1_000162171			
dme1_000116274			
dme1_000161071			
dme1_000162782	k:Animalia(1.00),p:Chordata(1.00),c:Actinopterygii(1.00),o:Atheriniformes(1.00),f:Atherinidae(1.00),g:Atherina(1.00),s:Atherina_boyeri(1.00)	+	k:Animalia,p:Chordata,c:Actinopterygii,o:Atheriniformes,f:Atherinidae,g:Atherina,s:Atherina_boyeri
dme1_000162619	k:Animalia(1.00),p:Chordata(1.00),c:Actinopterygii(1.00),o:Gadiformes(1.00),f:Gadidae(1.00),g:Trisopterus(1.00),s:Trisopterus_minutus(1.00)	+	k:Animalia,p:Chordata,c:Actinopterygii,o:Gadiformes,f:Gadidae,g:Trisopterus,s:Trisopterus_minutus
dme1_000142935			
dme1_000163218	k:Animalia(1.00),p:Chordata(1.00),c:Actinopterygii(1.00),o:Perciformes(1.00),f:Moronidae(1.00),g:Dicentrarchus(1.00),s:Dicentrarchus_labrax(1.00)	+	k:Animalia,p:Chordata,c:Actinopterygii,o:Perciformes,f:Moronidae,g:Dicentrarchus,s:Dicentrarchus_labrax
dme1_000167457			
dme1_000178779			
dme1_000153188	k:Animalia(1.00),p:Chordata(1.00),c:Actinopterygii(1.00),o:Perciformes(1.00),f:Gobiidae(1.00),g:Pomatoschistus(1.00),s:Pomatoschistus_minutus(0.99)	+	k:Animalia,p:Chordata,c:Actinopterygii,o:Perciformes,f:Gobiidae,g:Pomatoschistus,s:Pomatoschistus_minutus
dme1_000166355	k:Animalia(1.00),p:Chordata(1.00),c:Actinopterygii(1.00),o:Gadiformes(1.00),f:Gadidae(1.00),g:Trisopterus(1.00),s:Trisopterus_esmarkii(1.00)	+	k:Animalia,p:Chordata,c:Actinopterygii,o:Gadiformes,f:Gadidae,g:Trisopterus,s:Trisopterus_esmarkii
